-- phpMyAdmin SQL Dump
-- version 5.1.1
-- https://www.phpmyadmin.net/
--
-- Host: 127.0.0.1:3306
-- Generation Time: May 29, 2023 at 02:44 AM
-- Server version: 10.5.19-MariaDB-cll-lve
-- PHP Version: 7.2.34

SET SQL_MODE = "NO_AUTO_VALUE_ON_ZERO";
START TRANSACTION;
SET time_zone = "+00:00";


/*!40101 SET @OLD_CHARACTER_SET_CLIENT=@@CHARACTER_SET_CLIENT */;
/*!40101 SET @OLD_CHARACTER_SET_RESULTS=@@CHARACTER_SET_RESULTS */;
/*!40101 SET @OLD_COLLATION_CONNECTION=@@COLLATION_CONNECTION */;
/*!40101 SET NAMES utf8mb4 */;

--
-- Database: `u565517868_apotekbhamada`
--

-- --------------------------------------------------------

--
-- Table structure for table `cash_in_out`
--

CREATE TABLE `cash_in_out` (
  `id` int(11) NOT NULL,
  `kode_rekening` varchar(30) NOT NULL,
  `tanggal` date NOT NULL,
  `masuk` decimal(10,0) NOT NULL,
  `keluar` decimal(10,0) NOT NULL,
  `id_hutang_dibayar` int(11) DEFAULT NULL,
  `id_piutang_dibayar` int(11) DEFAULT NULL,
  `id_penjualan` varchar(50) DEFAULT NULL,
  `keterangan` varchar(300) NOT NULL
) ENGINE=InnoDB DEFAULT CHARSET=latin1 COLLATE=latin1_swedish_ci;

--
-- Dumping data for table `cash_in_out`
--

INSERT INTO `cash_in_out` (`id`, `kode_rekening`, `tanggal`, `masuk`, `keluar`, `id_hutang_dibayar`, `id_piutang_dibayar`, `id_penjualan`, `keterangan`) VALUES
(46, '10001', '2022-12-28', '21000', '0', NULL, NULL, '281222000001', ''),
(47, '20001', '2022-12-31', '0', '9900615', 1, NULL, NULL, ''),
(48, '20001', '2023-01-10', '0', '870614', 2, NULL, NULL, ''),
(49, '20001', '2023-01-01', '0', '1030961', 3, NULL, NULL, ''),
(50, '20001', '2023-01-01', '0', '817088', 4, NULL, NULL, ''),
(51, '20001', '2023-01-01', '0', '363712', 5, NULL, NULL, ''),
(52, '20001', '2023-01-01', '0', '1468982', 6, NULL, NULL, ''),
(53, '20001', '2022-12-31', '0', '345534', 7, NULL, NULL, ''),
(54, '20001', '2022-12-31', '0', '862680', 8, NULL, NULL, ''),
(55, '20001', '2022-12-31', '0', '1727885', 9, NULL, NULL, ''),
(56, '20001', '2022-12-31', '0', '1495351', 10, NULL, NULL, ''),
(57, '20001', '2022-12-31', '0', '2622900', 11, NULL, NULL, ''),
(58, '20001', '2022-12-31', '0', '4483802', 12, NULL, NULL, ''),
(59, '20001', '2022-12-31', '0', '83607', 13, NULL, NULL, ''),
(60, '20001', '2023-01-09', '0', '453980', 14, NULL, NULL, ''),
(61, '20001', '2023-01-13', '0', '702640', 15, NULL, NULL, ''),
(62, '20001', '2023-01-13', '0', '226241', 16, NULL, NULL, ''),
(63, '20001', '2023-01-01', '0', '135000', 17, NULL, NULL, ''),
(64, '10001', '2023-01-31', '14500', '0', NULL, NULL, '310123000002', ''),
(65, '10001', '2023-01-31', '2000', '0', NULL, NULL, '310123000003', ''),
(66, '20001', '2023-01-01', '0', '148575', 18, NULL, NULL, ''),
(67, '20001', '2023-01-13', '0', '1330766', 19, NULL, NULL, ''),
(68, '20001', '2023-01-20', '0', '97254', 20, NULL, NULL, ''),
(69, '20001', '2023-01-20', '0', '270', 21, NULL, NULL, ''),
(70, '20001', '2023-01-20', '0', '358939', 22, NULL, NULL, ''),
(71, '20001', '2023-01-18', '0', '220162', 23, NULL, NULL, ''),
(72, '20001', '2023-01-01', '0', '148575', 24, NULL, NULL, ''),
(73, '20001', '2023-02-06', '0', '105390', 25, NULL, NULL, ''),
(74, '20001', '2023-02-06', '0', '558500', 26, NULL, NULL, ''),
(75, '10001', '2023-02-13', '79000', '0', NULL, NULL, '130223000004', ''),
(76, '20001', '2023-02-03', '0', '167000', 27, NULL, NULL, ''),
(77, '10001', '2023-02-13', '27500', '0', NULL, NULL, '130223000005', ''),
(78, '20001', '2023-02-13', '0', '38148', 28, NULL, NULL, ''),
(79, '20001', '2023-02-13', '0', '97374', 29, NULL, NULL, ''),
(80, '10001', '2023-02-14', '12000', '0', NULL, NULL, '140223000006', ''),
(81, '10001', '2023-02-14', '15000', '0', NULL, NULL, '140223000007', ''),
(82, '10001', '2023-02-14', '15000', '0', NULL, NULL, '140223000008', ''),
(83, '10001', '2023-02-14', '2500', '0', NULL, NULL, '140223000009', ''),
(84, '10001', '2023-02-15', '18500', '0', NULL, NULL, '150223000010', ''),
(85, '10001', '2023-02-15', '68000', '0', NULL, NULL, '150223000011', ''),
(86, '10001', '2023-02-15', '1500', '0', NULL, NULL, '150223000012', ''),
(87, '10001', '2023-02-16', '31000', '0', NULL, NULL, '160223000013', ''),
(88, '20001', '2023-02-06', '0', '61500', 30, NULL, NULL, ''),
(89, '10001', '2023-02-16', '37000', '0', NULL, NULL, '160223000014', ''),
(90, '10001', '2023-02-17', '2000', '0', NULL, NULL, '170223000015', ''),
(91, '10001', '2023-02-17', '22000', '0', NULL, NULL, '170223000016', ''),
(92, '10001', '2023-02-17', '4000', '0', NULL, NULL, '170223000017', ''),
(93, '10001', '2023-02-17', '23000', '0', NULL, NULL, '170223000018', ''),
(94, '10001', '2023-02-17', '42500', '0', NULL, NULL, '170223000019', ''),
(95, '10001', '2023-02-17', '2000', '0', NULL, NULL, '170223000020', ''),
(96, '10001', '2023-02-17', '3000', '0', NULL, NULL, '170223000021', ''),
(97, '10001', '2023-02-17', '7500', '0', NULL, NULL, '170223000022', ''),
(98, '10001', '2023-02-20', '6000', '0', NULL, NULL, '200223000023', ''),
(99, '10001', '2023-02-20', '10000', '0', NULL, NULL, '200223000024', ''),
(100, '10001', '2023-02-20', '39500', '0', NULL, NULL, '200223000025', ''),
(101, '10001', '2023-02-21', '17500', '0', NULL, NULL, '210223000026', ''),
(102, '10001', '2023-02-21', '6000', '0', NULL, NULL, '210223000027', ''),
(103, '10001', '2023-02-21', '29000', '0', NULL, NULL, '210223000028', ''),
(104, '10001', '2023-02-21', '3000', '0', NULL, NULL, '210223000029', ''),
(105, '10001', '2023-02-21', '40000', '0', NULL, NULL, '210223000030', ''),
(106, '10001', '2023-02-21', '18500', '0', NULL, NULL, '210223000031', ''),
(107, '10001', '2023-02-22', '2000', '0', NULL, NULL, '220223000032', ''),
(108, '20001', '2023-02-21', '0', '102194', 31, NULL, NULL, ''),
(109, '10001', '2023-02-22', '48000', '0', NULL, NULL, '220223000033', ''),
(110, '10001', '2023-02-22', '7500', '0', NULL, NULL, '220223000034', ''),
(111, '10001', '2023-02-23', '51500', '0', NULL, NULL, '230223000035', ''),
(112, '10001', '2023-02-23', '9500', '0', NULL, NULL, '230223000036', ''),
(113, '10001', '2023-02-23', '2500', '0', NULL, NULL, '230223000037', ''),
(114, '20001', '2023-02-06', '0', '40550', 32, NULL, NULL, ''),
(115, '10001', '2023-02-23', '31500', '0', NULL, NULL, '230223000038', ''),
(116, '10001', '2023-02-23', '48000', '0', NULL, NULL, '230223000039', ''),
(117, '10001', '2023-02-23', '6500', '0', NULL, NULL, '230223000040', ''),
(118, '10001', '2023-02-24', '4000', '0', NULL, NULL, '240223000041', ''),
(119, '10001', '2023-02-24', '4000', '0', NULL, NULL, '240223000042', ''),
(120, '10001', '2023-02-27', '6000', '0', NULL, NULL, '270223000043', ''),
(121, '10001', '2023-02-27', '15500', '0', NULL, NULL, '270223000044', ''),
(122, '10001', '2023-02-27', '10500', '0', NULL, NULL, '270223000045', ''),
(123, '10001', '2023-02-27', '2500', '0', NULL, NULL, '270223000046', ''),
(124, '10001', '2023-02-27', '58500', '0', NULL, NULL, '270223000047', ''),
(125, '10001', '2023-02-27', '21000', '0', NULL, NULL, '270223000048', ''),
(126, '20001', '2023-02-23', '0', '271583', 33, NULL, NULL, ''),
(127, '20001', '2023-02-24', '0', '150000', 34, NULL, NULL, ''),
(128, '10001', '2023-02-27', '3500', '0', NULL, NULL, '270223000049', ''),
(129, '10001', '2023-02-27', '57500', '0', NULL, NULL, '270223000050', ''),
(130, '10001', '2023-02-28', '4000', '0', NULL, NULL, '280223000051', ''),
(131, '10001', '2023-02-28', '10000', '0', NULL, NULL, '280223000052', ''),
(132, '10001', '2023-02-28', '25500', '0', NULL, NULL, '280223000053', ''),
(133, '10001', '2023-03-01', '7500', '0', NULL, NULL, '010323000054', ''),
(134, '10001', '2023-03-01', '58000', '0', NULL, NULL, '010323000055', ''),
(135, '10001', '2023-03-01', '20500', '0', NULL, NULL, '010323000056', ''),
(136, '10001', '2023-03-01', '7500', '0', NULL, NULL, '010323000057', ''),
(137, '10001', '2023-03-01', '43000', '0', NULL, NULL, '010323000058', ''),
(138, '10001', '2023-03-01', '8500', '0', NULL, NULL, '010323000059', ''),
(139, '10001', '2023-03-01', '16500', '0', NULL, NULL, '010323000060', ''),
(140, '10001', '2023-03-02', '196000', '0', NULL, NULL, '020323000061', ''),
(141, '10001', '2023-03-02', '3500', '0', NULL, NULL, '020323000062', ''),
(142, '10001', '2023-03-03', '7000', '0', NULL, NULL, '030323000063', ''),
(143, '10001', '2023-03-03', '9000', '0', NULL, NULL, '030323000064', ''),
(144, '10001', '2023-03-03', '23500', '0', NULL, NULL, '030323000065', ''),
(145, '10001', '2023-03-03', '7500', '0', NULL, NULL, '030323000066', ''),
(146, '10001', '2023-03-03', '68500', '0', NULL, NULL, '030323000067', ''),
(147, '10001', '2023-03-06', '23000', '0', NULL, NULL, '060323000068', ''),
(148, '10001', '2023-03-06', '35500', '0', NULL, NULL, '060323000069', ''),
(149, '20001', '2023-03-01', '0', '47800', 35, NULL, NULL, ''),
(150, '20001', '2023-02-01', '0', '47800', 36, NULL, NULL, ''),
(151, '10001', '2023-03-06', '9000', '0', NULL, NULL, '060323000070', ''),
(152, '20001', '2023-03-01', '0', '218000', 37, NULL, NULL, ''),
(153, '20001', '2023-03-01', '0', '53146', 38, NULL, NULL, ''),
(154, '10001', '2023-03-06', '18000', '0', NULL, NULL, '060323000071', ''),
(155, '10001', '2023-03-06', '9000', '0', NULL, NULL, '060323000072', ''),
(156, '10001', '2023-03-06', '17500', '0', NULL, NULL, '060323000073', ''),
(157, '10001', '2023-03-06', '19500', '0', NULL, NULL, '060323000074', ''),
(158, '10001', '2023-03-06', '10500', '0', NULL, NULL, '060323000075', ''),
(159, '10001', '2023-03-06', '13000', '0', NULL, NULL, '060323000076', ''),
(160, '10001', '2023-03-06', '2000', '0', NULL, NULL, '060323000077', ''),
(161, '10001', '2023-03-07', '19000', '0', NULL, NULL, '070323000078', ''),
(162, '10001', '2023-03-08', '6000', '0', NULL, NULL, '080323000079', ''),
(163, '10001', '2023-03-08', '45000', '0', NULL, NULL, '080323000080', ''),
(164, '10001', '2023-03-09', '9000', '0', NULL, NULL, '090323000081', ''),
(165, '10001', '2023-03-09', '15000', '0', NULL, NULL, '090323000082', ''),
(166, '10001', '2023-03-09', '8500', '0', NULL, NULL, '090323000083', ''),
(167, '10001', '2023-03-09', '7000', '0', NULL, NULL, '090323000084', ''),
(168, '10001', '2023-03-10', '7500', '0', NULL, NULL, '100323000085', ''),
(169, '10001', '2023-03-13', '36000', '0', NULL, NULL, '130323000086', ''),
(170, '10001', '2023-03-13', '2500', '0', NULL, NULL, '130323000087', ''),
(171, '10001', '2023-03-13', '6500', '0', NULL, NULL, '130323000088', ''),
(172, '10001', '2023-03-13', '9000', '0', NULL, NULL, '130323000089', ''),
(173, '10001', '2023-03-13', '25000', '0', NULL, NULL, '130323000090', ''),
(174, '10001', '2023-03-13', '9000', '0', NULL, NULL, '130323000091', ''),
(175, '10001', '2023-03-13', '7500', '0', NULL, NULL, '130323000092', ''),
(176, '10001', '2023-03-13', '60000', '0', NULL, NULL, '130323000093', ''),
(177, '10001', '2023-03-14', '13500', '0', NULL, NULL, '140323000094', ''),
(178, '10001', '2023-03-14', '7000', '0', NULL, NULL, '140323000095', ''),
(179, '10001', '2023-03-14', '1500', '0', NULL, NULL, '140323000096', ''),
(180, '10001', '2023-03-14', '3500', '0', NULL, NULL, '140323000097', ''),
(181, '10001', '2023-03-14', '42000', '0', NULL, NULL, '140323000098', ''),
(182, '10001', '2023-03-15', '2000', '0', NULL, NULL, '150323000099', ''),
(183, '10001', '2023-03-15', '54500', '0', NULL, NULL, '150323000100', ''),
(184, '10001', '2023-03-15', '11000', '0', NULL, NULL, '150323000101', ''),
(185, '10001', '2023-03-15', '24500', '0', NULL, NULL, '150323000102', ''),
(186, '10001', '2023-03-15', '27000', '0', NULL, NULL, '150323000103', ''),
(187, '10001', '2023-03-15', '40000', '0', NULL, NULL, '150323000104', ''),
(188, '20001', '2023-03-16', '0', '26450', 39, NULL, NULL, ''),
(189, '10001', '2023-03-16', '16500', '0', NULL, NULL, '160323000105', ''),
(190, '10001', '2023-03-17', '179000', '0', NULL, NULL, '170323000106', ''),
(191, '10001', '2023-03-17', '13000', '0', NULL, NULL, '170323000107', ''),
(192, '10001', '2023-03-17', '12000', '0', NULL, NULL, '170323000108', ''),
(193, '10001', '2023-03-20', '31500', '0', NULL, NULL, '200323000109', ''),
(194, '10001', '2023-03-20', '5000', '0', NULL, NULL, '200323000110', ''),
(195, '10001', '2023-03-20', '6000', '0', NULL, NULL, '200323000111', ''),
(196, '10001', '2023-03-21', '9500', '0', NULL, NULL, '210323000112', ''),
(197, '10001', '2023-03-21', '2500', '0', NULL, NULL, '210323000113', ''),
(198, '10001', '2023-03-27', '74000', '0', NULL, NULL, '270323000114', ''),
(199, '10001', '2023-03-27', '2000', '0', NULL, NULL, '270323000115', ''),
(200, '10001', '2023-03-27', '15000', '0', NULL, NULL, '270323000116', ''),
(201, '10001', '2023-03-27', '10000', '0', NULL, NULL, '270323000117', ''),
(202, '10001', '2023-03-27', '9500', '0', NULL, NULL, '270323000118', ''),
(203, '10001', '2023-03-27', '47500', '0', NULL, NULL, '270323000119', ''),
(204, '10001', '2023-03-27', '5500', '0', NULL, NULL, '270323000120', ''),
(205, '10001', '2023-03-27', '8500', '0', NULL, NULL, '270323000121', ''),
(206, '10001', '2023-03-28', '18500', '0', NULL, NULL, '280323000122', ''),
(207, '10001', '2023-03-28', '8500', '0', NULL, NULL, '280323000123', ''),
(208, '20001', '2023-03-20', '0', '133500', 40, NULL, NULL, ''),
(209, '10001', '2023-03-28', '117500', '0', NULL, NULL, '280323000124', ''),
(210, '10001', '2023-03-29', '10000', '0', NULL, NULL, '290323000125', ''),
(211, '10001', '2023-03-29', '43500', '0', NULL, NULL, '290323000126', ''),
(212, '10001', '2023-03-29', '5500', '0', NULL, NULL, '290323000127', ''),
(213, '10001', '2023-03-29', '24500', '0', NULL, NULL, '290323000128', ''),
(214, '10001', '2023-03-29', '39000', '0', NULL, NULL, '290323000129', ''),
(215, '10001', '2023-03-31', '10000', '0', NULL, NULL, '310323000130', ''),
(216, '10001', '2023-04-03', '22500', '0', NULL, NULL, '030423000131', ''),
(217, '10001', '2023-04-03', '63500', '0', NULL, NULL, '030423000132', ''),
(218, '10001', '2023-04-03', '63500', '0', NULL, NULL, '030423000133', ''),
(219, '10001', '2023-04-03', '63500', '0', NULL, NULL, '030423000134', ''),
(220, '10001', '2023-04-03', '10500', '0', NULL, NULL, '030423000135', ''),
(221, '10001', '2023-04-03', '14500', '0', NULL, NULL, '030423000136', ''),
(222, '10001', '2023-04-04', '21500', '0', NULL, NULL, '040423000137', ''),
(223, '20001', '2023-04-04', '0', '162196', 41, NULL, NULL, ''),
(224, '20001', '2023-04-04', '0', '231879', 42, NULL, NULL, ''),
(225, '10001', '2023-04-04', '3000', '0', NULL, NULL, '040423000138', ''),
(226, '20001', '2023-04-04', '0', '153949', 43, NULL, NULL, ''),
(227, '10001', '2023-04-04', '59000', '0', NULL, NULL, '040423000139', ''),
(228, '10001', '2023-04-04', '15000', '0', NULL, NULL, '040423000140', ''),
(229, '10001', '2023-04-04', '9500', '0', NULL, NULL, '040423000141', ''),
(230, '10001', '2023-04-05', '6000', '0', NULL, NULL, '050423000142', ''),
(231, '10001', '2023-04-05', '21000', '0', NULL, NULL, '050423000143', ''),
(232, '10001', '2023-04-05', '54500', '0', NULL, NULL, '050423000144', ''),
(233, '10001', '2023-04-06', '45000', '0', NULL, NULL, '060423000145', ''),
(234, '10001', '2023-04-10', '23000', '0', NULL, NULL, '100423000146', ''),
(235, '10001', '2023-04-10', '33000', '0', NULL, NULL, '100423000147', ''),
(236, '20001', '2023-04-07', '0', '162835', 44, NULL, NULL, ''),
(237, '10001', '2023-04-10', '62000', '0', NULL, NULL, '100423000148', ''),
(238, '10001', '2023-04-10', '14000', '0', NULL, NULL, '100423000149', ''),
(239, '10001', '2023-04-11', '14500', '0', NULL, NULL, '110423000150', ''),
(240, '10001', '2023-04-11', '4000', '0', NULL, NULL, '110423000151', ''),
(241, '10001', '2023-04-11', '5000', '0', NULL, NULL, '110423000152', ''),
(242, '10001', '2023-04-11', '23500', '0', NULL, NULL, '110423000153', ''),
(243, '10001', '2023-04-12', '20000', '0', NULL, NULL, '120423000154', ''),
(244, '20001', '2023-04-10', '0', '44600', 45, NULL, NULL, ''),
(245, '20001', '2023-04-12', '0', '133215', 46, NULL, NULL, ''),
(246, '10001', '2023-04-12', '5500', '0', NULL, NULL, '120423000155', ''),
(247, '10001', '2023-04-12', '38000', '0', NULL, NULL, '120423000156', ''),
(248, '10001', '2023-04-12', '20000', '0', NULL, NULL, '120423000157', ''),
(249, '10001', '2023-04-13', '38000', '0', NULL, NULL, '130423000158', ''),
(250, '10001', '2023-04-13', '9000', '0', NULL, NULL, '130423000159', ''),
(251, '10001', '2023-04-14', '2000', '0', NULL, NULL, '140423000160', ''),
(252, '10001', '2023-04-14', '113500', '0', NULL, NULL, '140423000161', ''),
(253, '10001', '2023-04-17', '13000', '0', NULL, NULL, '170423000162', ''),
(254, '10001', '2023-04-17', '3000', '0', NULL, NULL, '170423000163', ''),
(255, '10001', '2023-04-18', '52000', '0', NULL, NULL, '180423000164', ''),
(256, '10001', '2023-04-18', '74500', '0', NULL, NULL, '180423000165', ''),
(257, '10001', '2023-04-18', '20000', '0', NULL, NULL, '180423000166', ''),
(258, '10001', '2023-04-18', '42000', '0', NULL, NULL, '180423000167', ''),
(259, '10001', '2023-04-27', '12000', '0', NULL, NULL, '270423000168', ''),
(260, '10001', '2023-04-27', '15000', '0', NULL, NULL, '270423000169', ''),
(261, '10001', '2023-04-27', '7500', '0', NULL, NULL, '270423000170', ''),
(262, '10001', '2023-04-27', '26000', '0', NULL, NULL, '270423000171', ''),
(263, '10001', '2023-04-27', '10000', '0', NULL, NULL, '270423000172', ''),
(264, '10001', '2023-04-27', '14500', '0', NULL, NULL, '270423000173', ''),
(265, '10001', '2023-04-27', '62000', '0', NULL, NULL, '270423000174', ''),
(266, '10001', '2023-04-27', '6000', '0', NULL, NULL, '270423000175', ''),
(267, '10001', '2023-04-28', '8000', '0', NULL, NULL, '280423000176', ''),
(268, '10001', '2023-04-28', '32500', '0', NULL, NULL, '280423000177', ''),
(269, '10001', '2023-05-02', '39500', '0', NULL, NULL, '020523000178', ''),
(270, '10001', '2023-05-02', '11500', '0', NULL, NULL, '020523000179', ''),
(271, '10001', '2023-05-02', '16500', '0', NULL, NULL, '020523000180', ''),
(272, '10001', '2023-05-02', '9000', '0', NULL, NULL, '020523000181', ''),
(273, '10001', '2023-05-02', '30000', '0', NULL, NULL, '020523000182', ''),
(274, '10001', '2023-05-03', '194000', '0', NULL, NULL, '030523000183', ''),
(275, '10001', '2023-05-03', '162500', '0', NULL, NULL, '030523000184', ''),
(276, '10001', '2023-05-04', '15500', '0', NULL, NULL, '040523000185', ''),
(277, '10001', '2023-05-04', '7500', '0', NULL, NULL, '040523000186', ''),
(278, '10001', '2023-05-04', '15500', '0', NULL, NULL, '040523000187', ''),
(279, '10001', '2023-05-04', '21000', '0', NULL, NULL, '040523000188', ''),
(280, '10001', '2023-05-04', '38500', '0', NULL, NULL, '040523000189', ''),
(281, '10001', '2023-05-04', '23000', '0', NULL, NULL, '040523000190', ''),
(282, '10001', '2023-05-04', '15000', '0', NULL, NULL, '040523000191', ''),
(283, '10001', '2023-05-05', '2000', '0', NULL, NULL, '050523000192', ''),
(284, '10001', '2023-05-05', '5000', '0', NULL, NULL, '050523000193', ''),
(285, '10001', '2023-05-05', '22000', '0', NULL, NULL, '050523000194', ''),
(286, '10001', '2023-05-08', '17000', '0', NULL, NULL, '080523000195', ''),
(287, '10001', '2023-05-08', '12000', '0', NULL, NULL, '080523000196', ''),
(288, '10001', '2023-05-08', '8000', '0', NULL, NULL, '080523000197', ''),
(289, '10001', '2023-05-08', '30000', '0', NULL, NULL, '080523000198', ''),
(290, '10001', '2023-05-08', '16500', '0', NULL, NULL, '080523000199', ''),
(291, '10001', '2023-05-08', '6000', '0', NULL, NULL, '080523000200', ''),
(292, '10001', '2023-05-09', '24000', '0', NULL, NULL, '090523000201', ''),
(293, '10001', '2023-05-09', '57000', '0', NULL, NULL, '090523000202', ''),
(294, '10001', '2023-05-09', '28500', '0', NULL, NULL, '090523000203', ''),
(295, '10001', '2023-05-09', '15500', '0', NULL, NULL, '090523000204', ''),
(296, '10001', '2023-05-10', '14500', '0', NULL, NULL, '100523000205', ''),
(297, '10001', '2023-05-11', '29500', '0', NULL, NULL, '110523000206', ''),
(298, '10001', '2023-05-11', '40500', '0', NULL, NULL, '110523000207', ''),
(299, '10001', '2023-05-12', '8500', '0', NULL, NULL, '120523000208', ''),
(300, '10001', '2023-05-12', '48000', '0', NULL, NULL, '120523000209', ''),
(301, '10001', '2023-05-12', '20000', '0', NULL, NULL, '120523000210', ''),
(302, '10001', '2023-05-15', '8000', '0', NULL, NULL, '150523000211', ''),
(303, '10001', '2023-05-15', '8000', '0', NULL, NULL, '150523000212', ''),
(304, '10001', '2023-05-15', '28000', '0', NULL, NULL, '150523000213', ''),
(305, '10001', '2023-05-15', '14000', '0', NULL, NULL, '150523000214', ''),
(306, '10001', '2023-05-15', '51000', '0', NULL, NULL, '150523000215', ''),
(307, '10001', '2023-05-15', '2500', '0', NULL, NULL, '150523000216', ''),
(308, '10001', '2023-05-16', '27000', '0', NULL, NULL, '160523000217', ''),
(309, '10001', '2023-05-17', '64000', '0', NULL, NULL, '170523000218', ''),
(310, '10001', '2023-05-17', '28500', '0', NULL, NULL, '170523000219', ''),
(311, '10001', '2023-05-19', '104000', '0', NULL, NULL, '190523000220', ''),
(312, '10001', '2023-05-19', '14000', '0', NULL, NULL, '190523000221', ''),
(313, '10001', '2023-05-22', '40000', '0', NULL, NULL, '220523000222', ''),
(314, '10001', '2023-05-22', '46500', '0', NULL, NULL, '220523000223', ''),
(315, '10001', '2023-05-22', '22000', '0', NULL, NULL, '220523000224', ''),
(316, '10001', '2023-05-22', '14000', '0', NULL, NULL, '220523000225', ''),
(317, '10001', '2023-05-22', '43000', '0', NULL, NULL, '220523000226', ''),
(318, '10001', '2023-05-23', '24500', '0', NULL, NULL, '230523000227', ''),
(319, '10001', '2023-05-23', '26000', '0', NULL, NULL, '230523000228', ''),
(320, '10001', '2023-05-24', '34500', '0', NULL, NULL, '240523000229', ''),
(321, '10001', '2023-05-25', '96500', '0', NULL, NULL, '250523000230', ''),
(322, '10001', '2023-05-25', '58500', '0', NULL, NULL, '250523000231', ''),
(323, '10001', '2023-05-25', '3500', '0', NULL, NULL, '250523000232', ''),
(324, '10001', '2023-05-27', '267000', '0', NULL, NULL, '270523000233', '');

-- --------------------------------------------------------

--
-- Table structure for table `hutang_dibayar_history`
--

CREATE TABLE `hutang_dibayar_history` (
  `id` int(11) NOT NULL,
  `keterangan` varchar(200) NOT NULL,
  `id_hutang` int(11) NOT NULL,
  `tanggal` date NOT NULL,
  `nominal` decimal(10,0) NOT NULL,
  `waktu_update` timestamp NOT NULL DEFAULT current_timestamp() ON UPDATE current_timestamp()
) ENGINE=InnoDB DEFAULT CHARSET=latin1 COLLATE=latin1_swedish_ci;

--
-- Dumping data for table `hutang_dibayar_history`
--

INSERT INTO `hutang_dibayar_history` (`id`, `keterangan`, `id_hutang`, `tanggal`, `nominal`, `waktu_update`) VALUES
(1, 'lunas ', 27, '2022-12-31', '9900615', '2023-01-27 02:33:54'),
(2, 'lunas ', 39, '2023-01-10', '870614', '2023-01-27 02:34:38'),
(3, 'lunas', 38, '2023-01-01', '1030961', '2023-01-27 02:35:09'),
(4, 'lunas', 37, '2023-01-01', '817088', '2023-01-27 02:35:53'),
(5, 'lunas', 36, '2023-01-01', '363712', '2023-01-27 02:36:20'),
(6, 'lunas', 35, '2023-01-01', '1468982', '2023-01-27 02:36:42'),
(7, 'lunas', 34, '2022-12-31', '345534', '2023-01-27 02:37:14'),
(8, 'lunas', 33, '2022-12-31', '862680', '2023-01-27 02:37:31'),
(9, 'lunas', 32, '2022-12-31', '1727885', '2023-01-27 02:37:50'),
(10, 'lunas', 31, '2022-12-31', '1495351', '2023-01-27 02:38:12'),
(11, 'lunas', 30, '2022-12-31', '2622900', '2023-01-27 02:38:31'),
(12, 'lunas', 29, '2022-12-31', '4483802', '2023-01-27 02:39:08'),
(13, 'lunas', 28, '2022-12-31', '83607', '2023-01-27 02:39:31'),
(14, 'lunas', 40, '2023-01-09', '453980', '2023-01-30 04:43:49'),
(15, 'LUNAS', 41, '2023-01-13', '702640', '2023-01-30 07:23:06'),
(16, 'LUNAS', 42, '2023-01-13', '226241', '2023-01-30 08:16:09'),
(17, 'LUNAS', 43, '2023-01-01', '135000', '2023-01-31 02:06:42'),
(18, 'LUNAS', 44, '2023-01-01', '148575', '2023-02-02 01:19:53'),
(19, 'LUNAS', 46, '2023-01-13', '1330766', '2023-02-02 04:21:31'),
(20, 'lunas', 47, '2023-01-20', '97254', '2023-02-02 04:38:52'),
(21, 'LUNAS', 47, '2023-01-20', '270', '2023-02-02 06:55:36'),
(22, 'lunas', 48, '2023-01-20', '358939', '2023-02-02 07:38:59'),
(23, 'lunas', 49, '2023-01-18', '220162', '2023-02-02 07:42:49'),
(24, 'lunas', 45, '2023-01-01', '148575', '2023-02-06 01:19:11'),
(25, 'LUNAS', 50, '2023-02-06', '105390', '2023-02-09 06:33:08'),
(26, 'LUNAS', 51, '2023-02-06', '558500', '2023-02-09 06:33:24'),
(27, 'lunas', 52, '2023-02-03', '167000', '2023-02-13 07:30:54'),
(28, 'lunas', 53, '2023-02-13', '38148', '2023-02-13 07:43:34'),
(29, 'LUNAS', 54, '2023-02-13', '97374', '2023-02-14 01:58:39'),
(30, 'LUNAS', 55, '2023-02-06', '61500', '2023-02-16 02:11:24'),
(31, 'LUNAS', 56, '2023-02-21', '102194', '2023-02-22 06:52:46'),
(32, 'lunas', 57, '2023-02-06', '40550', '2023-02-23 06:33:16'),
(33, 'LUNAS', 58, '2023-02-23', '271583', '2023-02-27 07:42:25'),
(34, 'LUNAS', 59, '2023-02-24', '150000', '2023-02-27 07:42:43'),
(35, 'lunas', 61, '2023-03-01', '47800', '2023-03-06 02:01:01'),
(36, 'lunas', 60, '2023-02-01', '47800', '2023-03-06 02:01:20'),
(37, 'LUNAS', 62, '2023-03-01', '218000', '2023-03-06 02:55:33'),
(38, 'LUNAS', 63, '2023-03-01', '53146', '2023-03-06 02:55:54'),
(39, 'LUNAS', 64, '2023-03-16', '26450', '2023-03-16 02:09:14'),
(40, 'lunas', 65, '2023-03-20', '133500', '2023-03-28 04:47:45'),
(41, 'LUNAS', 67, '2023-04-04', '162196', '2023-04-04 02:33:05'),
(42, 'LUNAS', 66, '2023-04-04', '231879', '2023-04-04 02:33:22'),
(43, 'LUNAS', 68, '2023-04-04', '153949', '2023-04-04 03:47:02'),
(44, 'lunas', 69, '2023-04-07', '162835', '2023-04-10 01:50:23'),
(45, 'lunas', 70, '2023-04-10', '44600', '2023-04-12 01:48:56'),
(46, 'lunas', 71, '2023-04-12', '133215', '2023-04-12 01:49:17');

-- --------------------------------------------------------

--
-- Table structure for table `hutang_history`
--

CREATE TABLE `hutang_history` (
  `id` int(11) NOT NULL,
  `judul` varchar(200) NOT NULL,
  `tanggal` date NOT NULL,
  `nominal` decimal(10,0) NOT NULL,
  `nominal_dibayar` decimal(10,0) NOT NULL,
  `nomor_faktur` varchar(100) DEFAULT NULL,
  `id_supplier` int(11) DEFAULT NULL,
  `tanggal_lunas` date NOT NULL,
  `tanggal_jatuh_tempo` date NOT NULL,
  `sudah_lunas` enum('0','1') NOT NULL DEFAULT '0',
  `waktu_update` timestamp NOT NULL DEFAULT current_timestamp() ON UPDATE current_timestamp(),
  `keterangan` varchar(500) NOT NULL
) ENGINE=InnoDB DEFAULT CHARSET=latin1 COLLATE=latin1_swedish_ci;

--
-- Dumping data for table `hutang_history`
--

INSERT INTO `hutang_history` (`id`, `judul`, `tanggal`, `nominal`, `nominal_dibayar`, `nomor_faktur`, `id_supplier`, `tanggal_lunas`, `tanggal_jatuh_tempo`, `sudah_lunas`, `waktu_update`, `keterangan`) VALUES
(23, 'pembelian ke supplier', '2022-12-06', '0', '0', 'F2812220001', 5, '0000-00-00', '2022-12-13', '0', '2022-12-28 07:59:11', '-'),
(24, 'pembelian ke supplier', '2022-03-31', '0', '0', 'F2812220002', 6, '0000-00-00', '2022-03-31', '0', '2022-12-28 08:24:46', '-'),
(25, 'pembelian ke supplier', '2023-01-05', '0', '0', 'F1101230002', 5, '0000-00-00', '2023-01-05', '0', '2023-01-11 06:49:42', '-'),
(26, 'pembelian ke supplier', '2022-12-31', '0', '0', 'F1101230003', 9, '0000-00-00', '2022-12-31', '0', '2023-01-11 07:33:39', '-'),
(27, 'pembelian ke supplier', '2022-12-31', '9900615', '9900615', 'F1201230004', 9, '2022-12-31', '2022-12-31', '1', '2023-01-27 02:33:54', '-'),
(28, 'pembelian ke supplier', '2022-12-31', '83607', '83607', 'F1201230002', 9, '2022-12-31', '2022-12-31', '1', '2023-01-27 02:39:31', '-'),
(29, 'pembelian ke supplier', '2022-12-31', '4483802', '4483802', 'F1701230003', 6, '2022-12-31', '2022-12-31', '1', '2023-01-27 02:39:08', '-'),
(30, 'pembelian ke supplier', '2022-12-31', '2622900', '2622900', 'F1801230004', 10, '2022-12-31', '2022-12-31', '1', '2023-01-27 02:38:31', '-'),
(31, 'pembelian ke supplier', '2022-12-31', '1495351', '1495351', 'F1801230005', 8, '2022-12-31', '2022-12-31', '1', '2023-01-27 02:38:12', '-'),
(32, 'pembelian ke supplier', '2022-12-31', '1727885', '1727885', 'F1901230006', 5, '2022-12-31', '2022-12-31', '1', '2023-01-27 02:37:50', '-'),
(33, 'pembelian ke supplier', '2022-12-31', '862680', '862680', 'F1901230007', 5, '2022-12-31', '2022-12-31', '1', '2023-01-27 02:37:31', '-'),
(34, 'pembelian ke supplier', '2022-12-31', '345534', '345534', 'F2401230008', 5, '2022-12-31', '2022-12-31', '1', '2023-01-27 02:37:14', '-'),
(35, 'pembelian ke supplier', '2023-01-01', '1468982', '1468982', 'F2501230009', 8, '2023-01-01', '2023-01-01', '1', '2023-01-27 02:36:42', '-'),
(36, 'pembelian ke supplier', '2023-01-01', '363712', '363712', 'F2501230010', 7, '2023-01-01', '2023-01-01', '1', '2023-01-27 02:36:20', '-'),
(37, 'pembelian ke supplier', '2023-01-01', '817088', '817088', 'F2501230011', 11, '2023-01-01', '2023-01-01', '1', '2023-01-27 02:35:53', '-'),
(38, 'pembelian ke supplier', '2023-01-01', '1030961', '1030961', 'F2601230012', 5, '2023-01-01', '2023-01-01', '1', '2023-01-27 02:35:09', '-'),
(39, 'pembelian ke supplier', '2023-01-10', '870614', '870614', 'F2701230013', 12, '2023-01-10', '2023-01-10', '1', '2023-01-27 02:34:38', '-'),
(40, 'pembelian ke supplier', '2023-01-09', '453980', '453980', 'F3001230014', 13, '2023-01-09', '2023-01-09', '1', '2023-01-30 04:43:49', '-'),
(41, 'pembelian ke supplier', '2023-01-13', '702640', '702640', 'F3001230015', 14, '2023-01-13', '2023-01-13', '1', '2023-01-30 07:23:06', '-'),
(42, 'pembelian ke supplier', '2023-01-13', '226241', '226241', 'F3001230016', 7, '2023-01-13', '2023-01-13', '1', '2023-01-30 08:16:09', '-'),
(43, 'pembelian ke supplier', '2023-01-01', '135000', '135000', 'F3101230017', 15, '2023-01-01', '2023-01-01', '1', '2023-01-31 02:06:42', '-'),
(44, 'pembelian ke supplier', '2023-01-01', '148575', '148575', 'F0202230017', 15, '2023-01-01', '2023-01-01', '1', '2023-02-02 01:19:53', '-'),
(45, 'pembelian ke supplier', '2023-01-01', '148575', '148575', 'F0202230018', 15, '2023-01-01', '2023-01-01', '1', '2023-02-06 01:19:11', '-'),
(46, 'pembelian ke supplier', '2023-01-13', '1330766', '1330766', 'F0202230018', 5, '2023-01-13', '2023-01-13', '1', '2023-02-02 04:21:31', '-'),
(47, 'pembelian ke supplier', '2023-01-20', '97524', '97524', 'F0202230019', 11, '2023-01-20', '2023-01-20', '1', '2023-02-02 06:55:36', '-'),
(48, 'pembelian ke supplier', '2023-01-20', '358939', '358939', 'F0202230020', 5, '2023-01-20', '2023-01-20', '1', '2023-02-02 07:38:59', '-'),
(49, 'pembelian ke supplier', '2023-01-18', '220162', '220162', 'F0202230021', 11, '2023-01-18', '2023-01-18', '1', '2023-02-02 07:42:49', '-'),
(50, 'pembelian ke supplier', '2023-02-06', '105390', '105390', 'F0902230022', 5, '2023-02-06', '2023-02-06', '1', '2023-02-09 06:33:08', '-'),
(51, 'pembelian ke supplier', '2023-02-06', '558500', '558500', 'F0902230023', 16, '2023-02-06', '2023-02-06', '1', '2023-02-09 06:33:24', '-'),
(52, 'pembelian ke supplier', '2023-02-03', '167000', '167000', 'F1302230024', 16, '2023-02-03', '2023-02-03', '1', '2023-02-13 07:30:54', '-'),
(53, 'pembelian ke supplier', '2023-02-13', '38148', '38148', 'F1302230025', 14, '2023-02-13', '2023-02-13', '1', '2023-02-13 07:43:34', '-'),
(54, 'pembelian ke supplier', '2023-02-13', '97374', '97374', 'F1402230026', 14, '2023-02-13', '2023-02-13', '1', '2023-02-14 01:58:39', '-'),
(55, 'pembelian ke supplier', '2023-02-06', '61500', '61500', 'F1602230027', 6, '2023-02-06', '2023-02-06', '1', '2023-02-16 02:11:24', '-'),
(56, 'pembelian ke supplier', '2023-02-21', '102194', '102194', 'F2202230028', 11, '2023-02-21', '2023-02-21', '1', '2023-02-22 06:52:46', '-'),
(57, 'pembelian ke supplier', '2023-02-06', '40550', '40550', 'F2302230029', 5, '2023-02-06', '2023-02-06', '1', '2023-02-23 06:33:16', '-'),
(58, 'pembelian ke supplier', '2023-02-23', '271583', '271583', 'F2402230030', 5, '2023-02-23', '2023-02-23', '1', '2023-02-27 07:42:25', '-'),
(59, 'pembelian ke supplier', '2023-02-24', '150000', '150000', 'F2702230031', 11, '2023-02-24', '2023-02-24', '1', '2023-02-27 07:42:43', '-'),
(60, 'pembelian ke supplier', '2023-02-01', '47800', '47800', 'F0103230032', 17, '2023-02-01', '2023-02-01', '1', '2023-03-06 02:01:20', '-'),
(61, 'pembelian ke supplier', '2023-03-01', '47800', '47800', 'F0103230032', 17, '2023-03-01', '2023-03-01', '1', '2023-03-06 02:01:01', '-'),
(62, 'pembelian ke supplier', '2023-03-01', '218000', '218000', 'F0603230033', 12, '2023-03-01', '2023-03-01', '1', '2023-03-06 02:55:33', '-'),
(63, 'pembelian ke supplier', '2023-03-01', '53146', '53146', 'F0603230034', 5, '2023-03-01', '2023-03-01', '1', '2023-03-06 02:55:54', '-'),
(64, 'pembelian ke supplier', '2023-03-16', '26450', '26450', 'F1603230035', 11, '2023-03-16', '2023-03-16', '1', '2023-03-16 02:09:14', '-'),
(65, 'pembelian ke supplier', '2023-03-20', '133500', '133500', 'F2703230036', 18, '2023-03-20', '2023-03-20', '1', '2023-03-28 04:47:45', '-'),
(66, 'pembelian ke supplier', '2023-04-04', '231879', '231879', 'F0404230037', 14, '2023-04-04', '2023-04-04', '1', '2023-04-04 02:33:22', '-'),
(67, 'pembelian ke supplier', '2023-04-04', '162196', '162196', 'F0404230038', 5, '2023-04-04', '2023-04-04', '1', '2023-04-04 02:33:05', '-'),
(68, 'pembelian ke supplier', '2023-04-04', '153949', '153949', 'F0404230039', 11, '2023-04-04', '2023-04-04', '1', '2023-04-04 03:47:02', '-'),
(69, 'pembelian ke supplier', '2023-04-07', '162835', '162835', 'F1004230040', 12, '2023-04-07', '2023-04-07', '1', '2023-04-10 01:50:23', '-'),
(70, 'pembelian ke supplier', '2023-04-10', '44600', '44600', 'F1104230041', 5, '2023-04-10', '2023-04-10', '1', '2023-04-12 01:48:56', '-'),
(71, 'pembelian ke supplier', '2023-04-12', '133215', '133215', 'F1204230042', 19, '2023-04-12', '2023-04-12', '1', '2023-04-12 01:49:17', '-'),
(72, 'pembelian ke supplier', '2023-05-15', '31600', '0', 'F1605230043', 11, '0000-00-00', '2023-05-15', '0', '2023-05-16 08:05:46', '-'),
(73, 'pembelian ke supplier', '2023-05-25', '103024', '0', 'F2505230044', 5, '0000-00-00', '2023-05-25', '0', '2023-05-25 08:12:54', '-');

-- --------------------------------------------------------

--
-- Table structure for table `kartu_stok`
--

CREATE TABLE `kartu_stok` (
  `id` int(11) NOT NULL,
  `nomor_rec_penerimaan` varchar(100) DEFAULT NULL,
  `id_stok_adjustment` int(11) DEFAULT NULL,
  `id_stok_opname` int(11) DEFAULT NULL,
  `id_stok_keluar` int(11) DEFAULT NULL,
  `id_penjualan` varchar(50) DEFAULT NULL,
  `kode_item` varchar(100) NOT NULL,
  `tanggal` date NOT NULL,
  `jenis_transaksi` enum('pembelian ke supplier','retur penjualan','stok opname','stok adjustment','retur pembelian','penjualan','retur penjualan') NOT NULL DEFAULT 'retur pembelian',
  `jumlah_masuk` int(5) NOT NULL,
  `jumlah_keluar` int(5) NOT NULL,
  `satuan_kecil` varchar(100) NOT NULL,
  `tgl_expired` date NOT NULL
) ENGINE=InnoDB DEFAULT CHARSET=latin1 COLLATE=latin1_swedish_ci;

--
-- Dumping data for table `kartu_stok`
--

INSERT INTO `kartu_stok` (`id`, `nomor_rec_penerimaan`, `id_stok_adjustment`, `id_stok_opname`, `id_stok_keluar`, `id_penjualan`, `kode_item`, `tanggal`, `jenis_transaksi`, `jumlah_masuk`, `jumlah_keluar`, `satuan_kecil`, `tgl_expired`) VALUES
(83, 'PE2812220001', NULL, NULL, NULL, NULL, '8999909028230', '2022-12-06', 'pembelian ke supplier', 10, 0, 'Tablet', '2022-12-31'),
(84, NULL, NULL, 1, NULL, NULL, '8999909028230', '2022-12-06', 'stok opname', 10, 0, 'Tablet', '2022-12-31'),
(85, NULL, NULL, NULL, NULL, '281222000001', '8999909028230', '2022-12-28', 'penjualan', 0, 1, 'Tablet', '2022-12-31'),
(86, 'PE2812220002', NULL, NULL, NULL, NULL, 'N-01', '2022-03-31', 'pembelian ke supplier', 12, 0, 'sacshet', '2022-12-31'),
(87, 'PE1101230002', NULL, NULL, NULL, NULL, 'KOS-01', '2023-01-13', 'pembelian ke supplier', 1, 0, 'Tube', '2022-12-31'),
(88, 'PE1201230003', NULL, NULL, NULL, NULL, 'KOS', '2022-12-31', 'pembelian ke supplier', 1, 0, 'Tube', '2025-08-15'),
(89, 'PE1201230003', NULL, NULL, NULL, NULL, 'KOS-01', '2022-12-31', 'pembelian ke supplier', 3, 0, 'Tube', '2025-08-16'),
(90, 'PE1201230003', NULL, NULL, NULL, NULL, 'KOS-13', '2022-12-31', 'pembelian ke supplier', 4, 0, 'PCS', '2025-07-29'),
(91, 'PE1201230003', NULL, NULL, NULL, NULL, 'KOS-14', '2022-12-31', 'pembelian ke supplier', 1, 0, 'PCS', '2027-08-10'),
(92, 'PE1201230003', NULL, NULL, NULL, NULL, 'KOS-16', '2022-12-31', 'pembelian ke supplier', 3, 0, 'PCS', '2027-09-22'),
(93, 'PE1201230003', NULL, NULL, NULL, NULL, 'KOS-19', '2022-12-31', 'pembelian ke supplier', 1, 0, 'PCS', '2027-08-05'),
(94, 'PE1201230003', NULL, NULL, NULL, NULL, 'KOS-02', '2022-12-31', 'pembelian ke supplier', 1, 0, 'PCS', '2024-05-30'),
(95, 'PE1201230003', NULL, NULL, NULL, NULL, 'KOS-03', '2022-12-31', 'pembelian ke supplier', 1, 0, 'Botol', '2024-08-20'),
(96, 'PE1201230003', NULL, NULL, NULL, NULL, 'KOS-04', '2022-12-31', 'pembelian ke supplier', 1, 0, 'Botol', '2025-08-24'),
(97, 'PE1201230003', NULL, NULL, NULL, NULL, 'KOS-05', '2022-12-31', 'pembelian ke supplier', 1, 0, 'Botol', '2025-07-11'),
(98, 'PE1201230003', NULL, NULL, NULL, NULL, 'KOS-06', '2022-12-31', 'pembelian ke supplier', 1, 0, 'Tube', '2025-03-01'),
(99, 'PE1201230003', NULL, NULL, NULL, NULL, 'KOS-07', '2022-12-31', 'pembelian ke supplier', 1, 0, 'Tube', '2025-07-01'),
(100, 'PE1201230003', NULL, NULL, NULL, NULL, 'KOS-08', '2022-12-31', 'pembelian ke supplier', 1, 0, 'Tube', '2025-08-01'),
(101, 'PE1201230003', NULL, NULL, NULL, NULL, 'KOS-11', '2022-12-31', 'pembelian ke supplier', 1, 0, 'Tube', '2025-02-09'),
(102, 'PE1201230003', NULL, NULL, NULL, NULL, 'KOS-21', '2022-12-31', 'pembelian ke supplier', 1, 0, 'Tube', '2025-02-09'),
(103, 'PE1201230003', NULL, NULL, NULL, NULL, 'KOS-12', '2022-12-31', 'pembelian ke supplier', 1, 0, 'Tube', '2025-02-06'),
(104, 'PE1201230003', NULL, NULL, NULL, NULL, 'KOS-09', '2022-12-31', 'pembelian ke supplier', 2, 0, 'Botol', '2025-07-01'),
(105, 'PE1201230003', NULL, NULL, NULL, NULL, 'KOS-10', '2022-12-31', 'pembelian ke supplier', 3, 0, 'Botol', '2025-09-01'),
(106, 'PE1201230003', NULL, NULL, NULL, NULL, 'KOS-22', '2022-12-31', 'pembelian ke supplier', 1, 0, 'PCS', '2025-07-01'),
(107, 'PE1201230003', NULL, NULL, NULL, NULL, 'KOS-23', '2022-12-31', 'pembelian ke supplier', 1, 0, 'Tube', '2025-08-01'),
(108, 'PE1201230003', NULL, NULL, NULL, NULL, 'KOS-24', '2022-12-31', 'pembelian ke supplier', 1, 0, 'Tube', '2025-10-01'),
(109, 'PE1201230003', NULL, NULL, NULL, NULL, 'KOS-25', '2022-12-31', 'pembelian ke supplier', 1, 0, 'Tube', '2025-09-01'),
(110, 'PE1201230003', NULL, NULL, NULL, NULL, 'KOS-26', '2022-12-31', 'pembelian ke supplier', 1, 0, 'Tube', '2025-05-01'),
(111, 'PE1201230003', NULL, NULL, NULL, NULL, 'KOS-27', '2022-12-31', 'pembelian ke supplier', 1, 0, 'Tube', '2025-04-01'),
(112, 'PE1201230003', NULL, NULL, NULL, NULL, 'KOS-28', '2022-12-31', 'pembelian ke supplier', 1, 0, 'Tube', '2025-06-01'),
(113, 'PE1201230003', NULL, NULL, NULL, NULL, 'KOS-29', '2022-12-31', 'pembelian ke supplier', 1, 0, 'Tube', '2025-06-01'),
(114, 'PE1201230003', NULL, NULL, NULL, NULL, 'KOS-30', '2022-12-31', 'pembelian ke supplier', 1, 0, 'Botol', '2025-03-01'),
(115, 'PE1201230003', NULL, NULL, NULL, NULL, 'KOS-31', '2022-12-31', 'pembelian ke supplier', 1, 0, 'Botol', '2025-03-01'),
(116, 'PE1201230003', NULL, NULL, NULL, NULL, 'KOS-32', '2022-12-31', 'pembelian ke supplier', 1, 0, 'PCS', '2025-01-20'),
(117, 'PE1201230003', NULL, NULL, NULL, NULL, 'KOS-33', '2022-12-31', 'pembelian ke supplier', 1, 0, 'PCS', '2025-01-03'),
(118, 'PE1201230003', NULL, NULL, NULL, NULL, 'KOS-34', '2022-12-31', 'pembelian ke supplier', 1, 0, 'PCS', '2025-01-07'),
(119, 'PE1201230003', NULL, NULL, NULL, NULL, 'KOS-35', '2022-12-31', 'pembelian ke supplier', 1, 0, 'PCS', '2025-01-31'),
(120, 'PE1201230003', NULL, NULL, NULL, NULL, 'KOS-36', '2022-12-31', 'pembelian ke supplier', 1, 0, 'Tube', '2025-07-01'),
(121, 'PE1201230003', NULL, NULL, NULL, NULL, 'KOS-37', '2022-12-31', 'pembelian ke supplier', 1, 0, 'Tube', '2025-09-01'),
(122, 'PE1201230003', NULL, NULL, NULL, NULL, 'KOS-38', '2022-12-31', 'pembelian ke supplier', 1, 0, 'Tube', '2025-03-01'),
(123, 'PE1201230003', NULL, NULL, NULL, NULL, 'KOS-39', '2022-12-31', 'pembelian ke supplier', 1, 0, 'PCS', '2024-12-01'),
(124, 'PE1201230003', NULL, NULL, NULL, NULL, 'KOS-40', '2022-12-31', 'pembelian ke supplier', 1, 0, 'PCS', '2024-04-01'),
(125, 'PE1201230003', NULL, NULL, NULL, NULL, 'KOS-41', '2022-12-31', 'pembelian ke supplier', 1, 0, 'PCS', '2024-05-01'),
(126, 'PE1201230003', NULL, NULL, NULL, NULL, 'KOS-42', '2022-12-31', 'pembelian ke supplier', 1, 0, 'PCS', '2024-10-01'),
(127, 'PE1201230003', NULL, NULL, NULL, NULL, 'KOS-43', '2022-12-31', 'pembelian ke supplier', 1, 0, 'Botol', '2024-04-01'),
(128, 'PE1201230003', NULL, NULL, NULL, NULL, 'KOS-44', '2022-12-31', 'pembelian ke supplier', 1, 0, 'Botol', '2024-03-01'),
(129, 'PE1201230003', NULL, NULL, NULL, NULL, 'KOS-45', '2022-12-31', 'pembelian ke supplier', 1, 0, 'Botol', '2024-04-01'),
(130, 'PE1201230003', NULL, NULL, NULL, NULL, 'KOS-46', '2022-12-31', 'pembelian ke supplier', 1, 0, 'Botol', '2024-11-01'),
(131, 'PE1201230003', NULL, NULL, NULL, NULL, 'KOS-47', '2022-12-31', 'pembelian ke supplier', 2, 0, 'PCS', '2025-04-01'),
(132, 'PE1201230003', NULL, NULL, NULL, NULL, 'KOS-48', '2022-12-31', 'pembelian ke supplier', 1, 0, 'PCS', '2025-09-01'),
(133, 'PE1201230003', NULL, NULL, NULL, NULL, 'KOS-49', '2022-12-31', 'pembelian ke supplier', 3, 0, 'PCS', '2025-03-01'),
(134, 'PE1201230003', NULL, NULL, NULL, NULL, 'KOS-50', '2022-12-31', 'pembelian ke supplier', 2, 0, 'Botol', '2025-07-01'),
(135, 'PE1201230003', NULL, NULL, NULL, NULL, 'KOS-51', '2022-12-31', 'pembelian ke supplier', 1, 0, 'Botol', '2025-08-01'),
(136, 'PE1201230003', NULL, NULL, NULL, NULL, 'KOS-52', '2022-12-31', 'pembelian ke supplier', 1, 0, 'Botol', '2025-05-01'),
(137, 'PE1201230003', NULL, NULL, NULL, NULL, 'KOS-53', '2022-12-31', 'pembelian ke supplier', 1, 0, 'Botol', '2025-08-15'),
(138, 'PE1201230003', NULL, NULL, NULL, NULL, 'KOS-54', '2022-12-31', 'pembelian ke supplier', 1, 0, 'Botol', '2025-08-29'),
(139, 'PE1201230003', NULL, NULL, NULL, NULL, 'KOS-55', '2022-12-31', 'pembelian ke supplier', 3, 0, 'PCS', '2025-08-01'),
(140, 'PE1201230003', NULL, NULL, NULL, NULL, 'KOS-56', '2022-12-31', 'pembelian ke supplier', 2, 0, 'Tube', '2024-04-19'),
(141, 'PE1201230003', NULL, NULL, NULL, NULL, 'KOS-57', '2022-12-31', 'pembelian ke supplier', 2, 0, 'Tube', '2025-05-01'),
(142, 'PE1201230003', NULL, NULL, NULL, NULL, 'KOS-58', '2022-12-31', 'pembelian ke supplier', 1, 0, 'PCS', '2024-08-26'),
(143, 'PE1201230003', NULL, NULL, NULL, NULL, 'KOS-59', '2022-12-31', 'pembelian ke supplier', 1, 0, 'PCS', '2025-07-15'),
(144, 'PE1201230003', NULL, NULL, NULL, NULL, 'KOS-60', '2022-12-31', 'pembelian ke supplier', 1, 0, 'PCS', '2025-08-30'),
(145, 'PE1201230003', NULL, NULL, NULL, NULL, 'KOS-61', '2022-12-31', 'pembelian ke supplier', 1, 0, 'PCS', '2025-08-12'),
(146, 'PE1201230003', NULL, NULL, NULL, NULL, 'KOS-62', '2022-12-31', 'pembelian ke supplier', 1, 0, 'Botol', '2025-02-01'),
(147, 'PE1201230003', NULL, NULL, NULL, NULL, 'KOS-63', '2022-12-31', 'pembelian ke supplier', 1, 0, 'Botol', '2025-04-01'),
(148, 'PE1201230003', NULL, NULL, NULL, NULL, 'KOS-64', '2022-12-31', 'pembelian ke supplier', 1, 0, 'Botol', '2025-03-01'),
(149, 'PE1201230003', NULL, NULL, NULL, NULL, 'KOS-65', '2022-12-31', 'pembelian ke supplier', 1, 0, 'Tube', '2025-08-01'),
(150, 'PE1201230003', NULL, NULL, NULL, NULL, 'KOS-66', '2022-12-31', 'pembelian ke supplier', 1, 0, 'Botol', '2025-07-01'),
(151, 'PE1201230003', NULL, NULL, NULL, NULL, 'KOS-67', '2022-12-31', 'pembelian ke supplier', 1, 0, 'PCS', '2025-06-01'),
(152, 'PE1201230003', NULL, NULL, NULL, NULL, 'KOS-68', '2022-12-31', 'pembelian ke supplier', 1, 0, 'PCS', '2025-03-01'),
(153, 'PE1201230003', NULL, NULL, NULL, NULL, 'KOS-69', '2022-12-31', 'pembelian ke supplier', 1, 0, 'Botol', '2025-03-01'),
(154, 'PE1201230003', NULL, NULL, NULL, NULL, 'KOS-70', '2022-12-31', 'pembelian ke supplier', 1, 0, 'PCS', '2025-06-01'),
(155, 'PE1201230003', NULL, NULL, NULL, NULL, 'KOS-71', '2022-12-31', 'pembelian ke supplier', 1, 0, 'PCS', '2025-04-01'),
(156, 'PE1201230003', NULL, NULL, NULL, NULL, 'KOS-72', '2022-12-31', 'pembelian ke supplier', 1, 0, 'Botol', '2025-08-01'),
(157, 'PE1201230003', NULL, NULL, NULL, NULL, 'KOS-73', '2022-12-31', 'pembelian ke supplier', 1, 0, 'Botol', '2025-09-01'),
(158, 'PE1201230003', NULL, NULL, NULL, NULL, 'KOS-74', '2022-12-31', 'pembelian ke supplier', 1, 0, 'Botol', '2025-06-01'),
(159, 'PE1201230003', NULL, NULL, NULL, NULL, 'KOS-75', '2022-12-31', 'pembelian ke supplier', 1, 0, 'Botol', '2025-08-01'),
(160, 'PE1201230003', NULL, NULL, NULL, NULL, 'KOS-76', '2022-12-31', 'pembelian ke supplier', 2, 0, 'Tube', '2025-08-28'),
(161, 'PE1201230003', NULL, NULL, NULL, NULL, 'KOS-77', '2022-12-31', 'pembelian ke supplier', 2, 0, 'Tube', '2025-05-01'),
(162, 'PE1201230003', NULL, NULL, NULL, NULL, 'KOS-78', '2022-12-31', 'pembelian ke supplier', 1, 0, 'Botol', '2025-05-01'),
(163, 'PE1201230003', NULL, NULL, NULL, NULL, 'KOS-79', '2022-12-31', 'pembelian ke supplier', 1, 0, 'Botol', '2025-05-01'),
(164, 'PE1201230003', NULL, NULL, NULL, NULL, 'KOS-80', '2022-12-31', 'pembelian ke supplier', 1, 0, 'Botol', '2025-09-01'),
(165, 'PE1201230003', NULL, NULL, NULL, NULL, 'KOS-81', '2022-12-31', 'pembelian ke supplier', 1, 0, 'Botol', '2025-05-01'),
(166, 'PE1201230003', NULL, NULL, NULL, NULL, 'KOS-81', '2022-12-31', 'pembelian ke supplier', 1, 0, 'Botol', '2025-06-01'),
(167, 'PE1201230003', NULL, NULL, NULL, NULL, 'KOS-82', '2022-12-31', 'pembelian ke supplier', 1, 0, 'Botol', '2025-06-01'),
(168, 'PE1201230003', NULL, NULL, NULL, NULL, 'KOS-83', '2022-12-31', 'pembelian ke supplier', 1, 0, 'Botol', '2025-07-01'),
(169, 'PE1201230003', NULL, NULL, NULL, NULL, 'KOS-84', '2022-12-31', 'pembelian ke supplier', 2, 0, 'Tube', '2026-06-01'),
(170, 'PE1201230003', NULL, NULL, NULL, NULL, 'KOS-85', '2022-12-31', 'pembelian ke supplier', 1, 0, 'PCS', '2026-03-01'),
(171, 'PE1201230003', NULL, NULL, NULL, NULL, 'KOS-86', '2022-12-31', 'pembelian ke supplier', 1, 0, 'PCS', '2023-05-06'),
(172, 'PE1201230003', NULL, NULL, NULL, NULL, 'KOS-87', '2022-12-31', 'pembelian ke supplier', 1, 0, 'PCS', '2024-08-19'),
(173, 'PE1201230003', NULL, NULL, NULL, NULL, 'KOS-88', '2022-12-31', 'pembelian ke supplier', 1, 0, 'PCS', '2024-07-21'),
(174, 'PE1201230003', NULL, NULL, NULL, NULL, 'KOS-89', '2022-12-31', 'pembelian ke supplier', 1, 0, 'PCS', '2024-08-19'),
(175, 'PE1201230003', NULL, NULL, NULL, NULL, 'KOS-90', '2022-12-31', 'pembelian ke supplier', 2, 0, 'PCS', '2025-07-12'),
(176, 'PE1201230003', NULL, NULL, NULL, NULL, 'KOS-91', '2022-12-31', 'pembelian ke supplier', 1, 0, 'Botol', '2025-06-22'),
(177, 'PE1201230003', NULL, NULL, NULL, NULL, 'KOS-92', '2022-12-31', 'pembelian ke supplier', 1, 0, 'Botol', '2025-05-17'),
(178, 'PE1201230003', NULL, NULL, NULL, NULL, 'KOS-93', '2022-12-31', 'pembelian ke supplier', 1, 0, 'Botol', '2025-08-18'),
(179, 'PE1201230003', NULL, NULL, NULL, NULL, 'KOS-94', '2022-12-31', 'pembelian ke supplier', 1, 0, 'Tube', '2025-09-26'),
(180, 'PE1201230003', NULL, NULL, NULL, NULL, 'KOS-95', '2022-12-31', 'pembelian ke supplier', 1, 0, 'Botol', '2025-05-30'),
(181, 'PE1201230003', NULL, NULL, NULL, NULL, 'KOS-96', '2022-12-31', 'pembelian ke supplier', 1, 0, 'Tube', '2025-09-27'),
(182, 'PE1201230003', NULL, NULL, NULL, NULL, 'KOS-97', '2022-12-31', 'pembelian ke supplier', 1, 0, 'Tube', '2025-09-06'),
(183, 'PE1201230003', NULL, NULL, NULL, NULL, 'KOS-98', '2022-12-31', 'pembelian ke supplier', 1, 0, 'Tube', '2025-09-23'),
(184, 'PE1201230003', NULL, NULL, NULL, NULL, 'KOS-99', '2022-12-31', 'pembelian ke supplier', 2, 0, 'Botol', '2025-08-29'),
(185, 'PE1201230003', NULL, NULL, NULL, NULL, 'KOS-100', '2022-12-31', 'pembelian ke supplier', 2, 0, 'PCS', '2025-07-26'),
(186, 'PE1201230003', NULL, NULL, NULL, NULL, 'KOS-101', '2022-12-31', 'pembelian ke supplier', 1, 0, 'PCS', '2024-07-18'),
(187, 'PE1201230003', NULL, NULL, NULL, NULL, 'KOS-102', '2022-12-31', 'pembelian ke supplier', 2, 0, 'Tube', '2025-09-19'),
(188, 'PE1201230003', NULL, NULL, NULL, NULL, 'KOS-103', '2022-12-31', 'pembelian ke supplier', 2, 0, 'Tube', '2025-09-27'),
(189, 'PE1201230003', NULL, NULL, NULL, NULL, 'KOS-104', '2022-12-31', 'pembelian ke supplier', 1, 0, 'PCS', '2025-06-09'),
(190, 'PE1201230003', NULL, NULL, NULL, NULL, 'KOS-106', '2022-12-31', 'pembelian ke supplier', 3, 0, 'Tube', '2025-10-05'),
(191, 'PE1201230003', NULL, NULL, NULL, NULL, 'KOS-107', '2022-12-31', 'pembelian ke supplier', 1, 0, 'PCS', '2025-03-29'),
(192, 'PE1201230003', NULL, NULL, NULL, NULL, 'KOS-108', '2022-12-31', 'pembelian ke supplier', 1, 0, 'PCS', '2025-08-25'),
(193, 'PE1201230003', NULL, NULL, NULL, NULL, 'KOS-109', '2022-12-31', 'pembelian ke supplier', 1, 0, 'PCS', '2025-01-15'),
(194, 'PE1201230003', NULL, NULL, NULL, NULL, 'KOS-110', '2022-12-31', 'pembelian ke supplier', 1, 0, 'PCS', '2025-06-30'),
(195, 'PE1201230003', NULL, NULL, NULL, NULL, 'KOS-111', '2022-12-31', 'pembelian ke supplier', 1, 0, 'PCS', '2025-06-10'),
(196, 'PE1201230003', NULL, NULL, NULL, NULL, 'KOS-112', '2022-12-31', 'pembelian ke supplier', 1, 0, 'Botol', '2025-05-12'),
(197, 'PE1201230003', NULL, NULL, NULL, NULL, 'KOS-113', '2022-12-31', 'pembelian ke supplier', 1, 0, 'Botol', '2025-10-04'),
(198, 'PE1201230003', NULL, NULL, NULL, NULL, 'KOS-114', '2022-12-31', 'pembelian ke supplier', 1, 0, 'Botol', '2025-05-31'),
(199, 'PE1201230003', NULL, NULL, NULL, NULL, 'KOS-115', '2022-12-31', 'pembelian ke supplier', 1, 0, 'Botol', '2025-06-16'),
(200, 'PE1201230003', NULL, NULL, NULL, NULL, 'KOS-116', '2022-12-31', 'pembelian ke supplier', 2, 0, 'Botol', '2025-07-28'),
(201, 'PE1201230003', NULL, NULL, NULL, NULL, 'KOS-117', '2022-12-31', 'pembelian ke supplier', 1, 0, 'Tube', '2025-07-26'),
(202, 'PE1201230003', NULL, NULL, NULL, NULL, 'KOS-118', '2022-12-31', 'pembelian ke supplier', 1, 0, 'Tube', '2025-08-13'),
(203, 'PE1201230003', NULL, NULL, NULL, NULL, 'KOS-119', '2022-12-31', 'pembelian ke supplier', 1, 0, 'PCS', '2025-05-20'),
(204, 'PE1201230003', NULL, NULL, NULL, NULL, 'KOS-120', '2022-12-31', 'pembelian ke supplier', 1, 0, 'PCS', '2025-08-10'),
(205, 'PE1201230003', NULL, NULL, NULL, NULL, 'KOS-121', '2022-12-31', 'pembelian ke supplier', 2, 0, 'Botol', '2023-08-01'),
(206, 'PE1201230003', NULL, NULL, NULL, NULL, 'KOS-122', '2022-12-31', 'pembelian ke supplier', 1, 0, 'Botol', '2025-04-01'),
(207, 'PE1201230003', NULL, NULL, NULL, NULL, 'KOS-123', '2022-12-31', 'pembelian ke supplier', 1, 0, 'Tube', '2024-08-01'),
(208, 'PE1201230003', NULL, NULL, NULL, NULL, 'KOS-124', '2022-12-31', 'pembelian ke supplier', 1, 0, 'Botol', '2025-07-01'),
(209, 'PE1201230003', NULL, NULL, NULL, NULL, 'KOS-125', '2022-12-31', 'pembelian ke supplier', 2, 0, 'Tube', '2024-12-01'),
(210, 'PE1201230003', NULL, NULL, NULL, NULL, 'KOS-126', '2022-12-31', 'pembelian ke supplier', 1, 0, 'PCS', '2024-07-01'),
(211, 'PE1201230003', NULL, NULL, NULL, NULL, 'KOS-127', '2022-12-31', 'pembelian ke supplier', 1, 0, 'Tube', '2025-09-01'),
(212, 'PE1201230003', NULL, NULL, NULL, NULL, 'KOS-128', '2022-12-31', 'pembelian ke supplier', 1, 0, 'Tube', '2025-07-01'),
(213, 'PE1201230003', NULL, NULL, NULL, NULL, 'KOS-129', '2022-12-31', 'pembelian ke supplier', 1, 0, 'PCS', '2025-02-01'),
(214, 'PE1201230003', NULL, NULL, NULL, NULL, 'KOS-130', '2022-12-31', 'pembelian ke supplier', 1, 0, 'Botol', '2025-01-01'),
(215, 'PE1201230003', NULL, NULL, NULL, NULL, 'KOS-131', '2022-12-31', 'pembelian ke supplier', 1, 0, 'PCS', '2025-05-01'),
(216, 'PE1201230003', NULL, NULL, NULL, NULL, 'KOS-132', '2022-12-31', 'pembelian ke supplier', 1, 0, 'PCS', '2025-06-01'),
(217, 'PE1201230003', NULL, NULL, NULL, NULL, 'KOS-133', '2022-12-31', 'pembelian ke supplier', 1, 0, 'PCS', '2027-02-01'),
(218, 'PE1201230003', NULL, NULL, NULL, NULL, 'KOS-135', '2022-12-31', 'pembelian ke supplier', 1, 0, 'PCS', '2025-05-01'),
(219, 'PE1201230003', NULL, NULL, NULL, NULL, 'KOS-220', '2022-12-31', 'pembelian ke supplier', 1, 0, 'PCS', '2027-03-01'),
(220, 'PE1201230003', NULL, NULL, NULL, NULL, 'KOS-136', '2022-12-31', 'pembelian ke supplier', 1, 0, 'PCS', '2025-11-01'),
(221, 'PE1201230003', NULL, NULL, NULL, NULL, 'KOS-137', '2022-12-31', 'pembelian ke supplier', 1, 0, 'PCS', '2025-08-01'),
(222, 'PE1201230003', NULL, NULL, NULL, NULL, 'KOS-138', '2022-12-31', 'pembelian ke supplier', 1, 0, 'PCS', '2025-10-01'),
(223, 'PE1201230003', NULL, NULL, NULL, NULL, 'KOS-139', '2022-12-31', 'pembelian ke supplier', 1, 0, 'PCS', '2025-11-01'),
(224, 'PE1201230003', NULL, NULL, NULL, NULL, 'KOS-140', '2022-12-31', 'pembelian ke supplier', 1, 0, 'Botol', '2023-10-01'),
(225, 'PE1201230003', NULL, NULL, NULL, NULL, 'KOS-141', '2022-12-31', 'pembelian ke supplier', 1, 0, 'Botol', '2023-10-01'),
(226, 'PE1201230003', NULL, NULL, NULL, NULL, 'KOS-142', '2022-12-31', 'pembelian ke supplier', 1, 0, 'Botol', '2026-08-15'),
(227, 'PE1201230003', NULL, NULL, NULL, NULL, 'KOS-144', '2022-12-31', 'pembelian ke supplier', 1, 0, 'PCS', '2026-01-01'),
(228, 'PE1201230003', NULL, NULL, NULL, NULL, 'KOS-143', '2022-12-31', 'pembelian ke supplier', 1, 0, 'Botol', '2024-11-01'),
(229, 'PE1201230003', NULL, NULL, NULL, NULL, 'KOS-145', '2022-12-31', 'pembelian ke supplier', 1, 0, 'Botol', '2024-11-01'),
(230, 'PE1201230003', NULL, NULL, NULL, NULL, 'KOS-146', '2022-12-31', 'pembelian ke supplier', 1, 0, 'Botol', '2024-11-01'),
(231, 'PE1201230003', NULL, NULL, NULL, NULL, 'KOS-147', '2022-12-31', 'pembelian ke supplier', 1, 0, 'Botol', '2025-03-01'),
(232, 'PE1201230003', NULL, NULL, NULL, NULL, 'KOS-148', '2022-12-31', 'pembelian ke supplier', 1, 0, 'PCS', '2025-03-01'),
(233, 'PE1201230003', NULL, NULL, NULL, NULL, 'KOS-149', '2022-12-31', 'pembelian ke supplier', 1, 0, 'PCS', '2025-06-01'),
(234, 'PE1201230003', NULL, NULL, NULL, NULL, 'KOS-150', '2022-12-31', 'pembelian ke supplier', 1, 0, 'PCS', '2025-02-01'),
(235, 'PE1201230003', NULL, NULL, NULL, NULL, 'KOS-151', '2022-12-31', 'pembelian ke supplier', 1, 0, 'PCS', '2025-06-01'),
(236, 'PE1201230003', NULL, NULL, NULL, NULL, 'KOS-152', '2022-12-31', 'pembelian ke supplier', 1, 0, 'PCS', '2025-03-01'),
(237, 'PE1201230003', NULL, NULL, NULL, NULL, 'KOS-153', '2022-12-31', 'pembelian ke supplier', 1, 0, 'PCS', '2025-10-14'),
(238, 'PE1201230003', NULL, NULL, NULL, NULL, 'KOS-154', '2022-12-31', 'pembelian ke supplier', 1, 0, 'PCS', '2025-02-16'),
(239, 'PE1201230003', NULL, NULL, NULL, NULL, 'KOS-155', '2022-12-31', 'pembelian ke supplier', 1, 0, 'PCS', '2023-02-04'),
(240, 'PE1201230003', NULL, NULL, NULL, NULL, 'KOS-156', '2022-12-31', 'pembelian ke supplier', 1, 0, 'PCS', '2025-04-01'),
(241, 'PE1201230003', NULL, NULL, NULL, NULL, 'KOS-157', '2022-12-31', 'pembelian ke supplier', 1, 0, 'PCS', '2025-01-01'),
(242, 'PE1201230003', NULL, NULL, NULL, NULL, 'KOS-158', '2022-12-31', 'pembelian ke supplier', 1, 0, 'PCS', '2025-06-01'),
(243, 'PE1201230003', NULL, NULL, NULL, NULL, 'KOS-159', '2022-12-31', 'pembelian ke supplier', 1, 0, 'PCS', '2025-12-01'),
(244, 'PE1201230003', NULL, NULL, NULL, NULL, 'KOS-160', '2022-12-31', 'pembelian ke supplier', 2, 0, 'Botol', '2025-03-01'),
(245, 'PE1201230003', NULL, NULL, NULL, NULL, 'KOS-161', '2022-12-31', 'pembelian ke supplier', 3, 0, 'PCS', '2025-05-01'),
(246, 'PE1201230003', NULL, NULL, NULL, NULL, 'KOS-162', '2022-12-31', 'pembelian ke supplier', 1, 0, 'PCS', '2024-11-01'),
(247, 'PE1201230003', NULL, NULL, NULL, NULL, 'KOS-163', '2022-12-31', 'pembelian ke supplier', 1, 0, 'PCS', '2024-11-01'),
(248, 'PE1201230003', NULL, NULL, NULL, NULL, 'KOS-164', '2022-12-31', 'pembelian ke supplier', 1, 0, 'PCS', '2024-10-01'),
(249, 'PE1201230003', NULL, NULL, NULL, NULL, 'KOS-165', '2022-12-31', 'pembelian ke supplier', 2, 0, 'PCS', '2024-04-01'),
(250, 'PE1201230003', NULL, NULL, NULL, NULL, 'KOS-166', '2022-12-31', 'pembelian ke supplier', 1, 0, 'PCS', '2025-03-01'),
(251, 'PE1201230003', NULL, NULL, NULL, NULL, 'KOS-167', '2022-12-31', 'pembelian ke supplier', 1, 0, 'PCS', '2025-06-01'),
(252, 'PE1201230003', NULL, NULL, NULL, NULL, 'KOS-168', '2022-12-31', 'pembelian ke supplier', 2, 0, 'Botol', '2024-11-01'),
(253, 'PE1201230003', NULL, NULL, NULL, NULL, 'KOS-169', '2022-12-31', 'pembelian ke supplier', 1, 0, 'PCS', '2025-01-01'),
(254, 'PE1201230003', NULL, NULL, NULL, NULL, 'KOS-170', '2022-12-31', 'pembelian ke supplier', 1, 0, 'PCS', '2025-01-01'),
(255, 'PE1201230003', NULL, NULL, NULL, NULL, 'KOS-171', '2022-12-31', 'pembelian ke supplier', 1, 0, 'Botol', '2025-02-08'),
(256, 'PE1201230003', NULL, NULL, NULL, NULL, 'KOS-172', '2022-12-31', 'pembelian ke supplier', 1, 0, 'Botol', '2025-02-06'),
(257, 'PE1201230003', NULL, NULL, NULL, NULL, 'KOS-173', '2022-12-31', 'pembelian ke supplier', 1, 0, 'Botol', '2025-02-07'),
(258, 'PE1201230003', NULL, NULL, NULL, NULL, 'KOS-174', '2022-12-31', 'pembelian ke supplier', 1, 0, 'Botol', '2025-02-08'),
(259, 'PE1201230003', NULL, NULL, NULL, NULL, 'KOS-175', '2022-12-31', 'pembelian ke supplier', 1, 0, 'PCS', '2024-09-30'),
(260, 'PE1201230003', NULL, NULL, NULL, NULL, 'KOS-176', '2022-12-31', 'pembelian ke supplier', 1, 0, 'Botol', '2023-08-24'),
(261, 'PE1201230003', NULL, NULL, NULL, NULL, 'KOS-177', '2022-12-31', 'pembelian ke supplier', 1, 0, 'Botol', '2025-01-18'),
(262, 'PE1201230003', NULL, NULL, NULL, NULL, 'KOS-178', '2022-12-31', 'pembelian ke supplier', 1, 0, 'PCS', '2024-01-25'),
(263, 'PE1201230003', NULL, NULL, NULL, NULL, 'KOS-179', '2022-12-31', 'pembelian ke supplier', 1, 0, 'PCS', '2024-11-29'),
(264, 'PE1201230003', NULL, NULL, NULL, NULL, 'KOS-180', '2022-12-31', 'pembelian ke supplier', 1, 0, 'PCS', '2025-03-15'),
(265, 'PE1201230003', NULL, NULL, NULL, NULL, 'KOS-181', '2022-12-31', 'pembelian ke supplier', 1, 0, 'Tube', '2025-07-25'),
(266, 'PE1201230003', NULL, NULL, NULL, NULL, 'KOS-182', '2022-12-31', 'pembelian ke supplier', 1, 0, 'Tube', '2025-07-01'),
(267, 'PE1201230003', NULL, NULL, NULL, NULL, 'KOS-183', '2022-12-31', 'pembelian ke supplier', 1, 0, 'Tube', '2024-10-05'),
(268, 'PE1201230003', NULL, NULL, NULL, NULL, 'KOS-184', '2022-12-31', 'pembelian ke supplier', 1, 0, 'Botol', '2024-10-04'),
(269, 'PE1201230003', NULL, NULL, NULL, NULL, 'KOS-185', '2022-12-31', 'pembelian ke supplier', 1, 0, 'Tube', '2024-10-09'),
(270, 'PE1201230003', NULL, NULL, NULL, NULL, 'KOS-186', '2022-12-31', 'pembelian ke supplier', 1, 0, 'Tube', '2025-04-11'),
(271, 'PE1201230003', NULL, NULL, NULL, NULL, 'KOS-187', '2022-12-31', 'pembelian ke supplier', 1, 0, 'Tube', '2025-03-28'),
(272, 'PE1201230003', NULL, NULL, NULL, NULL, 'KOS-188', '2022-12-31', 'pembelian ke supplier', 1, 0, 'PCS', '2025-03-21'),
(273, 'PE1201230003', NULL, NULL, NULL, NULL, 'KOS-189', '2022-12-31', 'pembelian ke supplier', 1, 0, 'PCS', '2024-06-26'),
(274, 'PE1201230003', NULL, NULL, NULL, NULL, 'KOS-190', '2022-12-31', 'pembelian ke supplier', 1, 0, 'PCS', '2025-05-31'),
(275, 'PE1201230003', NULL, NULL, NULL, NULL, 'KOS-191', '2022-12-31', 'pembelian ke supplier', 2, 0, 'PCS', '2025-03-27'),
(276, 'PE1201230003', NULL, NULL, NULL, NULL, 'KOS-192', '2022-12-31', 'pembelian ke supplier', 2, 0, 'PCS', '2025-05-08'),
(277, 'PE1201230003', NULL, NULL, NULL, NULL, 'KOS-193', '2022-12-31', 'pembelian ke supplier', 1, 0, 'PCS', '2024-09-13'),
(278, 'PE1201230003', NULL, NULL, NULL, NULL, 'KOS-194', '2022-12-31', 'pembelian ke supplier', 1, 0, 'PCS', '2023-09-07'),
(279, 'PE1201230003', NULL, NULL, NULL, NULL, 'KOS-195', '2022-12-31', 'pembelian ke supplier', 1, 0, 'PCS', '2024-11-07'),
(280, 'PE1201230003', NULL, NULL, NULL, NULL, 'KOS-196', '2022-12-31', 'pembelian ke supplier', 1, 0, 'PCS', '2025-04-05'),
(281, 'PE1201230003', NULL, NULL, NULL, NULL, 'KOS-197', '2022-12-31', 'pembelian ke supplier', 1, 0, 'PCS', '2025-07-13'),
(282, 'PE1201230003', NULL, NULL, NULL, NULL, 'KOS-198', '2022-12-31', 'pembelian ke supplier', 2, 0, 'PCS', '2025-07-20'),
(283, 'PE1201230003', NULL, NULL, NULL, NULL, 'KOS-199', '2022-12-31', 'pembelian ke supplier', 3, 0, 'PCS', '2025-04-26'),
(284, 'PE1201230003', NULL, NULL, NULL, NULL, 'KOS-200', '2022-12-31', 'pembelian ke supplier', 2, 0, 'PCS', '2025-04-11'),
(285, 'PE1201230003', NULL, NULL, NULL, NULL, 'KOS-201', '2022-12-31', 'pembelian ke supplier', 1, 0, 'PCS', '2025-01-25'),
(286, 'PE1201230003', NULL, NULL, NULL, NULL, 'KOS-202', '2022-12-31', 'pembelian ke supplier', 1, 0, 'Botol', '2024-06-14'),
(287, 'PE1201230003', NULL, NULL, NULL, NULL, 'KOS-203', '2022-12-31', 'pembelian ke supplier', 1, 0, 'PCS', '2025-06-14'),
(288, 'PE1201230003', NULL, NULL, NULL, NULL, 'KOS-204', '2022-12-31', 'pembelian ke supplier', 1, 0, 'Botol', '2024-11-12'),
(289, 'PE1201230003', NULL, NULL, NULL, NULL, 'KOS-205', '2022-12-31', 'pembelian ke supplier', 1, 0, 'PCS', '2025-01-24'),
(290, 'PE1201230003', NULL, NULL, NULL, NULL, 'KOS-206', '2022-12-31', 'pembelian ke supplier', 1, 0, 'Botol', '2025-03-15'),
(291, 'PE1201230003', NULL, NULL, NULL, NULL, 'KOS-207', '2022-12-31', 'pembelian ke supplier', 1, 0, 'Botol', '2025-01-24'),
(292, 'PE1201230003', NULL, NULL, NULL, NULL, 'KOS-208', '2022-12-31', 'pembelian ke supplier', 2, 0, 'Tube', '2025-09-10'),
(293, 'PE1201230003', NULL, NULL, NULL, NULL, 'KOS-209', '2022-12-31', 'pembelian ke supplier', 1, 0, 'Botol', '2025-06-01'),
(294, 'PE1201230003', NULL, NULL, NULL, NULL, 'KOS-210', '2022-12-31', 'pembelian ke supplier', 1, 0, 'PCS', '2025-02-01'),
(295, 'PE1201230003', NULL, NULL, NULL, NULL, 'KOS-211', '2022-12-31', 'pembelian ke supplier', 2, 0, 'PCS', '2025-04-01'),
(296, 'PE1201230003', NULL, NULL, NULL, NULL, 'KOS-212', '2022-12-31', 'pembelian ke supplier', 2, 0, 'PCS', '2025-06-01'),
(297, 'PE1201230003', NULL, NULL, NULL, NULL, 'KOS-213', '2022-12-31', 'pembelian ke supplier', 4, 0, 'Botol', '2025-08-01'),
(298, 'PE1201230003', NULL, NULL, NULL, NULL, 'KOS-214', '2022-12-31', 'pembelian ke supplier', 1, 0, 'Botol', '2026-12-23'),
(299, 'PE1201230003', NULL, NULL, NULL, NULL, 'KOS-215', '2022-12-31', 'pembelian ke supplier', 1, 0, 'Botol', '2027-01-08'),
(300, 'PE1201230003', NULL, NULL, NULL, NULL, 'KOS-216', '2022-12-31', 'pembelian ke supplier', 1, 0, 'Botol', '2025-08-01'),
(301, 'PE1201230003', NULL, NULL, NULL, NULL, 'KOS-217', '2022-12-31', 'pembelian ke supplier', 1, 0, 'Botol', '2025-08-01'),
(302, 'PE1201230003', NULL, NULL, NULL, NULL, 'KOS-218', '2022-12-31', 'pembelian ke supplier', 1, 0, 'Botol', '2025-08-01'),
(303, 'PE1201230003', NULL, NULL, NULL, NULL, 'KOS-219', '2022-12-31', 'pembelian ke supplier', 1, 0, 'Botol', '2025-08-01'),
(304, 'PE1201230002', NULL, NULL, NULL, NULL, 'KOS-17', '2022-12-31', 'pembelian ke supplier', 1, 0, 'PCS', '2026-08-08'),
(305, 'PE1201230002', NULL, NULL, NULL, NULL, 'KOS-18', '2022-12-31', 'pembelian ke supplier', 1, 0, 'PCS', '2026-08-08'),
(306, 'PE1701230003', NULL, NULL, NULL, NULL, 'OBAT', '2022-12-31', 'pembelian ke supplier', 24, 0, 'PCS', '2023-06-24'),
(307, 'PE1701230003', NULL, NULL, NULL, NULL, 'OBAT-01', '2022-12-31', 'pembelian ke supplier', 3, 0, 'PCS', '2024-11-01'),
(308, 'PE1701230003', NULL, NULL, NULL, NULL, 'OBAT-02', '2022-12-31', 'pembelian ke supplier', 2, 0, 'PCS', '2023-12-01'),
(309, 'PE1701230003', NULL, NULL, NULL, NULL, 'OBAT-03', '2022-12-31', 'pembelian ke supplier', 10, 0, 'PCS', '2023-09-01'),
(310, 'PE1701230003', NULL, NULL, NULL, NULL, 'OBAT-04', '2022-12-31', 'pembelian ke supplier', 2, 0, 'PCS', '2024-10-21'),
(311, 'PE1701230003', NULL, NULL, NULL, NULL, 'OBAT-05', '2022-12-31', 'pembelian ke supplier', 3, 0, 'Botol', '2026-09-01'),
(312, 'PE1701230003', NULL, NULL, NULL, NULL, 'OBAT-06', '2022-12-31', 'pembelian ke supplier', 3, 0, 'Botol', '2026-12-01'),
(313, 'PE1701230003', NULL, NULL, NULL, NULL, 'OBAT-07', '2022-12-31', 'pembelian ke supplier', 5, 0, 'Kapsul', '2023-07-01'),
(314, 'PE1701230003', NULL, NULL, NULL, NULL, 'OBAT-08', '2022-12-31', 'pembelian ke supplier', 2, 0, 'Botol', '2025-08-01'),
(315, 'PE1701230003', NULL, NULL, NULL, NULL, 'OBAT-09', '2022-12-31', 'pembelian ke supplier', 3, 0, 'Tube', '2024-02-01'),
(316, 'PE1701230003', NULL, NULL, NULL, NULL, 'OBAT-10', '2022-12-31', 'pembelian ke supplier', 4, 0, 'Tablet', '2026-11-01'),
(317, 'PE1701230003', NULL, NULL, NULL, NULL, 'OBAT-11', '2022-12-31', 'pembelian ke supplier', 22, 0, 'Tablet', '2024-12-01'),
(318, 'PE1701230003', NULL, NULL, NULL, NULL, 'OBAT-12', '2022-12-31', 'pembelian ke supplier', 21, 0, 'Tablet', '2024-12-01'),
(319, 'PE1701230003', NULL, NULL, NULL, NULL, 'OBAT-13', '2022-12-31', 'pembelian ke supplier', 2, 0, 'PCS', '2023-11-01'),
(320, 'PE1701230003', NULL, NULL, NULL, NULL, 'OBAT-14', '2022-12-31', 'pembelian ke supplier', 1, 0, 'PCS', '2023-11-01'),
(321, 'PE1701230003', NULL, NULL, NULL, NULL, 'OBAT-15', '2022-12-31', 'pembelian ke supplier', 3, 0, 'Tablet', '2025-07-01'),
(322, 'PE1701230003', NULL, NULL, NULL, NULL, 'OBAT-16', '2022-12-31', 'pembelian ke supplier', 2, 0, 'Tablet', '2025-06-01'),
(323, 'PE1701230003', NULL, NULL, NULL, NULL, 'OBAT-17', '2022-12-31', 'pembelian ke supplier', 3, 0, 'Botol', '2024-08-01'),
(324, 'PE1701230003', NULL, NULL, NULL, NULL, 'OBAT-105', '2022-12-31', 'pembelian ke supplier', 3, 0, 'Tube', '2023-11-01'),
(325, 'PE1701230003', NULL, NULL, NULL, NULL, 'OBAT-19', '2022-12-31', 'pembelian ke supplier', 1, 0, 'Botol', '2023-12-01'),
(326, 'PE1701230003', NULL, NULL, NULL, NULL, 'KOS-221', '2022-12-31', 'pembelian ke supplier', 3, 0, 'PCS', '2024-09-01'),
(327, 'PE1701230003', NULL, NULL, NULL, NULL, 'KOS-222', '2022-12-31', 'pembelian ke supplier', 6, 0, 'PCS', '2025-01-01'),
(328, 'PE1701230003', NULL, NULL, NULL, NULL, 'OBAT-20', '2022-12-31', 'pembelian ke supplier', 3, 0, 'Tube', '2024-07-01'),
(329, 'PE1701230003', NULL, NULL, NULL, NULL, 'KOS-223', '2022-12-31', 'pembelian ke supplier', 1, 0, 'PCS', '2023-11-01'),
(330, 'PE1701230003', NULL, NULL, NULL, NULL, 'OBAT-21', '2022-12-31', 'pembelian ke supplier', 8, 0, 'Tablet', '2024-11-01'),
(331, 'PE1701230003', NULL, NULL, NULL, NULL, 'KOS-224', '2022-12-31', 'pembelian ke supplier', 2, 0, 'PCS', '2023-05-01'),
(332, 'PE1701230003', NULL, NULL, NULL, NULL, 'OBAT-22', '2022-12-31', 'pembelian ke supplier', 5, 0, 'PCS', '2024-06-01'),
(333, 'PE1701230003', NULL, NULL, NULL, NULL, 'OBAT-23', '2022-12-31', 'pembelian ke supplier', 3, 0, 'Kapsul', '2025-08-01'),
(334, 'PE1701230003', NULL, NULL, NULL, NULL, 'OBAT-24', '2022-12-31', 'pembelian ke supplier', 24, 0, 'PCS', '2025-10-01'),
(335, 'PE1701230003', NULL, NULL, NULL, NULL, 'OBAT-25', '2022-12-31', 'pembelian ke supplier', 6, 0, 'PCS', '2026-10-01'),
(336, 'PE1701230003', NULL, NULL, NULL, NULL, 'OBAT-26', '2022-12-31', 'pembelian ke supplier', 1, 0, 'Tablet', '2023-11-01'),
(337, 'PE1701230003', NULL, NULL, NULL, NULL, 'OBAT-27', '2022-12-31', 'pembelian ke supplier', 3, 0, 'Tablet', '2023-10-01'),
(338, 'PE1701230003', NULL, NULL, NULL, NULL, 'OBAT-28', '2022-12-31', 'pembelian ke supplier', 2, 0, 'PCS', '2024-09-01'),
(339, 'PE1701230003', NULL, NULL, NULL, NULL, 'OBAT-29', '2022-12-31', 'pembelian ke supplier', 3, 0, 'Botol', '2026-11-01'),
(340, 'PE1701230003', NULL, NULL, NULL, NULL, 'OBAT-30', '2022-12-31', 'pembelian ke supplier', 2, 0, 'Botol', '2027-01-01'),
(341, 'PE1701230003', NULL, NULL, NULL, NULL, 'OBAT-31', '2022-12-31', 'pembelian ke supplier', 3, 0, 'Tube', '2023-04-01'),
(342, 'PE1701230003', NULL, NULL, NULL, NULL, 'OBAT-32', '2022-12-31', 'pembelian ke supplier', 3, 0, 'Botol', '2027-02-01'),
(343, 'PE1701230003', NULL, NULL, NULL, NULL, 'OBAT-33', '2022-12-31', 'pembelian ke supplier', 3, 0, 'Kapsul', '2024-12-01'),
(344, 'PE1701230003', NULL, NULL, NULL, NULL, 'OBAT-34', '2022-12-31', 'pembelian ke supplier', 2, 0, 'Kapsul', '2024-09-01'),
(345, 'PE1701230003', NULL, NULL, NULL, NULL, 'OBAT-35', '2022-12-31', 'pembelian ke supplier', 2, 0, 'PCS', '2026-11-01'),
(346, 'PE1701230003', NULL, NULL, NULL, NULL, 'OBAT-36', '2022-12-31', 'pembelian ke supplier', 1, 0, 'Botol', '2025-02-01'),
(347, 'PE1701230003', NULL, NULL, NULL, NULL, 'OBAT-37', '2022-12-31', 'pembelian ke supplier', 3, 0, 'Botol', '2025-01-01'),
(348, 'PE1701230003', NULL, NULL, NULL, NULL, 'OBAT-38', '2022-12-31', 'pembelian ke supplier', 3, 0, 'Botol', '2026-01-01'),
(349, 'PE1701230003', NULL, NULL, NULL, NULL, 'OBAT-39', '2022-12-31', 'pembelian ke supplier', 3, 0, 'Botol', '2025-02-01'),
(350, 'PE1701230003', NULL, NULL, NULL, NULL, 'OBAT-40', '2022-12-31', 'pembelian ke supplier', 3, 0, 'Botol', '2025-01-01'),
(351, 'PE1701230003', NULL, NULL, NULL, NULL, 'OBAT-41', '2022-12-31', 'pembelian ke supplier', 2, 0, 'Botol', '2025-12-01'),
(352, 'PE1701230003', NULL, NULL, NULL, NULL, 'OBAT-42', '2022-12-31', 'pembelian ke supplier', 1, 0, 'Tube', '2024-09-01'),
(353, 'PE1701230003', NULL, NULL, NULL, NULL, 'OBAT-43', '2022-12-31', 'pembelian ke supplier', 3, 0, 'Botol', '2026-12-01'),
(354, 'PE1701230003', NULL, NULL, NULL, NULL, 'OBAT-44', '2022-12-31', 'pembelian ke supplier', 3, 0, 'Botol', '2026-11-01'),
(355, 'PE1701230003', NULL, NULL, NULL, NULL, 'OBAT-45', '2022-12-31', 'pembelian ke supplier', 3, 0, 'Botol', '2027-01-01'),
(356, 'PE1701230003', NULL, NULL, NULL, NULL, 'OBAT-46', '2022-12-31', 'pembelian ke supplier', 2, 0, 'Botol', '2026-06-01'),
(357, 'PE1701230003', NULL, NULL, NULL, NULL, 'OBAT-47', '2022-12-31', 'pembelian ke supplier', 3, 0, 'Botol', '2026-08-01'),
(358, 'PE1701230003', NULL, NULL, NULL, NULL, 'KOS-225', '2022-12-31', 'pembelian ke supplier', 3, 0, 'PCS', '2025-01-01'),
(359, 'PE1701230003', NULL, NULL, NULL, NULL, 'KOS-226', '2022-12-31', 'pembelian ke supplier', 3, 0, 'Botol', '2025-01-01'),
(360, 'PE1701230003', NULL, NULL, NULL, NULL, 'OBAT-48', '2022-12-31', 'pembelian ke supplier', 60, 0, 'PCS', '2023-11-01'),
(361, 'PE1701230003', NULL, NULL, NULL, NULL, 'OBAT-49', '2022-12-31', 'pembelian ke supplier', 3, 0, 'Botol', '2024-08-01'),
(362, 'PE1701230003', NULL, NULL, NULL, NULL, 'OBAT-50', '2022-12-31', 'pembelian ke supplier', 2, 0, 'Botol', '2024-09-01'),
(363, 'PE1701230003', NULL, NULL, NULL, NULL, 'OBAT-51', '2022-12-31', 'pembelian ke supplier', 19, 0, 'Tablet', '2024-12-01'),
(364, 'PE1701230003', NULL, NULL, NULL, NULL, 'OBAT-52', '2022-12-31', 'pembelian ke supplier', 11, 0, 'PCS', '2025-01-01'),
(365, 'PE1701230003', NULL, NULL, NULL, NULL, 'OBAT-53', '2022-12-31', 'pembelian ke supplier', 4, 0, 'PCS', '2026-01-01'),
(366, 'PE1701230003', NULL, NULL, NULL, NULL, 'OBAT-54', '2022-12-31', 'pembelian ke supplier', 6, 0, 'Botol', '2026-12-01'),
(367, 'PE1701230003', NULL, NULL, NULL, NULL, 'OBAT-55', '2022-12-31', 'pembelian ke supplier', 3, 0, 'Botol', '2025-02-01'),
(368, 'PE1701230003', NULL, NULL, NULL, NULL, 'OBAT-56', '2022-12-31', 'pembelian ke supplier', 3, 0, 'Botol', '2026-01-01'),
(369, 'PE1701230003', NULL, NULL, NULL, NULL, 'OBAT-57', '2022-12-31', 'pembelian ke supplier', 3, 0, 'Botol', '2024-10-01'),
(370, 'PE1701230003', NULL, NULL, NULL, NULL, 'OBAT-58', '2022-12-31', 'pembelian ke supplier', 12, 0, 'PCS', '2025-01-01'),
(371, 'PE1701230003', NULL, NULL, NULL, NULL, 'KOS-227', '2022-12-31', 'pembelian ke supplier', 2, 0, 'PCS', '2026-09-01'),
(372, 'PE1701230003', NULL, NULL, NULL, NULL, 'OBAT-59', '2022-12-31', 'pembelian ke supplier', 6, 0, 'Botol', '2024-08-01'),
(373, 'PE1701230003', NULL, NULL, NULL, NULL, 'OBAT-60', '2022-12-31', 'pembelian ke supplier', 3, 0, 'PCS', '2023-11-01'),
(374, 'PE1701230003', NULL, NULL, NULL, NULL, 'OBAT-61', '2022-12-31', 'pembelian ke supplier', 2, 0, 'Tablet', '2023-09-01'),
(375, 'PE1701230003', NULL, NULL, NULL, NULL, 'OBAT-62', '2022-12-31', 'pembelian ke supplier', 11, 0, 'PCS', '2024-01-01'),
(376, 'PE1701230003', NULL, NULL, NULL, NULL, 'OBAT-63', '2022-12-31', 'pembelian ke supplier', 2, 0, 'Botol', '2027-02-01'),
(377, 'PE1701230003', NULL, NULL, NULL, NULL, 'OBAT-64', '2022-12-31', 'pembelian ke supplier', 1, 0, 'Botol', '2026-11-01'),
(378, 'PE1701230003', NULL, NULL, NULL, NULL, 'OBAT-65', '2022-12-31', 'pembelian ke supplier', 1, 0, 'Botol', '2026-10-01'),
(379, 'PE1701230003', NULL, NULL, NULL, NULL, 'OBAT-66', '2022-12-31', 'pembelian ke supplier', 2, 0, 'Tablet', '2024-05-01'),
(380, 'PE1701230003', NULL, NULL, NULL, NULL, 'OBAT-67', '2022-12-31', 'pembelian ke supplier', 1, 0, 'Botol', '2024-02-01'),
(381, 'PE1701230003', NULL, NULL, NULL, NULL, 'OBAT-68', '2022-12-31', 'pembelian ke supplier', 3, 0, 'Botol', '2023-12-01'),
(382, 'PE1701230003', NULL, NULL, NULL, NULL, 'OBAT-69', '2022-12-31', 'pembelian ke supplier', 23, 0, 'Tablet', '2024-12-01'),
(383, 'PE1701230003', NULL, NULL, NULL, NULL, 'OBAT-70', '2022-12-31', 'pembelian ke supplier', 12, 0, 'PCS', '2025-03-01'),
(384, 'PE1701230003', NULL, NULL, NULL, NULL, 'OBAT-71', '2022-12-31', 'pembelian ke supplier', 1, 0, 'Tablet', '2025-01-01'),
(385, 'PE1701230003', NULL, NULL, NULL, NULL, 'OBAT-72', '2022-12-31', 'pembelian ke supplier', 25, 0, 'Tablet', '2024-01-01'),
(386, 'PE1701230003', NULL, NULL, NULL, NULL, 'OBAT-73', '2022-12-31', 'pembelian ke supplier', 3, 0, 'Botol', '2025-02-01'),
(387, 'PE1701230003', NULL, NULL, NULL, NULL, 'OBAT-74', '2022-12-31', 'pembelian ke supplier', 5, 0, 'Tablet', '2023-11-01'),
(388, 'PE1701230003', NULL, NULL, NULL, NULL, 'OBAT-75', '2022-12-31', 'pembelian ke supplier', 1, 0, 'Tablet', '2024-12-01'),
(389, 'PE1701230003', NULL, NULL, NULL, NULL, 'OBAT-76', '2022-12-31', 'pembelian ke supplier', 3, 0, 'Tablet', '2024-12-01'),
(390, 'PE1701230003', NULL, NULL, NULL, NULL, 'OBAT-77', '2022-12-31', 'pembelian ke supplier', 3, 0, 'Botol', '2024-04-01'),
(391, 'PE1701230003', NULL, NULL, NULL, NULL, 'OBAT-78', '2022-12-31', 'pembelian ke supplier', 3, 0, 'Botol', '2024-07-01'),
(392, 'PE1701230003', NULL, NULL, NULL, NULL, 'OBAT-79', '2022-12-31', 'pembelian ke supplier', 3, 0, 'Botol', '2023-12-01'),
(393, 'PE1701230003', NULL, NULL, NULL, NULL, 'OBAT-80', '2022-12-31', 'pembelian ke supplier', 3, 0, 'Botol', '2023-11-01'),
(394, 'PE1701230003', NULL, NULL, NULL, NULL, 'OBAT-81', '2022-12-31', 'pembelian ke supplier', 1, 0, 'Botol', '2023-12-01'),
(395, 'PE1701230003', NULL, NULL, NULL, NULL, 'OBAT-82', '2022-12-31', 'pembelian ke supplier', 1, 0, 'Botol', '2023-11-01'),
(396, 'PE1701230003', NULL, NULL, NULL, NULL, 'OBAT-83', '2022-12-31', 'pembelian ke supplier', 6, 0, 'Botol', '2023-12-01'),
(397, 'PE1701230003', NULL, NULL, NULL, NULL, 'OBAT-84', '2022-12-31', 'pembelian ke supplier', 3, 0, 'Botol', '2027-02-01'),
(398, 'PE1701230003', NULL, NULL, NULL, NULL, 'KOS-228', '2022-12-31', 'pembelian ke supplier', 1, 0, 'Botol', '2023-09-01'),
(399, 'PE1701230003', NULL, NULL, NULL, NULL, 'KOS-229', '2022-12-31', 'pembelian ke supplier', 1, 0, 'Botol', '2023-09-01'),
(400, 'PE1701230003', NULL, NULL, NULL, NULL, 'OBAT-85', '2022-12-31', 'pembelian ke supplier', 3, 0, 'Botol', '2026-12-01'),
(401, 'PE1701230003', NULL, NULL, NULL, NULL, 'OBAT-86', '2022-12-31', 'pembelian ke supplier', 3, 0, 'Botol', '2026-04-01'),
(402, 'PE1701230003', NULL, NULL, NULL, NULL, 'OBAT-87', '2022-12-31', 'pembelian ke supplier', 3, 0, 'Botol', '2026-10-01'),
(403, 'PE1701230003', NULL, NULL, NULL, NULL, 'OBAT-88', '2022-12-31', 'pembelian ke supplier', 25, 0, 'Tablet', '2025-02-01'),
(404, 'PE1701230003', NULL, NULL, NULL, NULL, 'OBAT-89', '2022-12-31', 'pembelian ke supplier', 3, 0, 'Tube', '2024-01-01'),
(405, 'PE1701230003', NULL, NULL, NULL, NULL, 'OBAT-90', '2022-12-31', 'pembelian ke supplier', 2, 0, 'Botol', '2024-01-01'),
(406, 'PE1701230003', NULL, NULL, NULL, NULL, 'OBAT-91', '2022-12-31', 'pembelian ke supplier', 3, 0, 'Botol', '2024-01-01'),
(407, 'PE1701230003', NULL, NULL, NULL, NULL, 'OBAT-92', '2022-12-31', 'pembelian ke supplier', 2, 0, 'Botol', '2023-06-01'),
(408, 'PE1701230003', NULL, NULL, NULL, NULL, 'OBAT-93', '2022-12-31', 'pembelian ke supplier', 3, 0, 'Botol', '2023-11-01'),
(409, 'PE1701230003', NULL, NULL, NULL, NULL, 'OBAT-94', '2022-12-31', 'pembelian ke supplier', 6, 0, 'PCS', '2023-11-01'),
(410, 'PE1701230003', NULL, NULL, NULL, NULL, 'OBAT-95', '2022-12-31', 'pembelian ke supplier', 3, 0, 'Botol', '2023-05-30'),
(411, 'PE1701230003', NULL, NULL, NULL, NULL, 'OBAT-96', '2022-12-31', 'pembelian ke supplier', 3, 0, 'Botol', '2023-04-28'),
(412, 'PE1701230003', NULL, NULL, NULL, NULL, 'OBAT-97', '2022-12-31', 'pembelian ke supplier', 2, 0, 'PCS', '2023-04-30'),
(413, 'PE1701230003', NULL, NULL, NULL, NULL, 'OBAT-98', '2022-12-31', 'pembelian ke supplier', 3, 0, 'Botol', '2024-10-01'),
(414, 'PE1701230003', NULL, NULL, NULL, NULL, 'OBAT-99', '2022-12-31', 'pembelian ke supplier', 22, 0, 'Kapsul', '2024-11-01'),
(415, 'PE1701230003', NULL, NULL, NULL, NULL, 'OBAT-100', '2022-12-31', 'pembelian ke supplier', 12, 0, 'Botol', '2023-12-01'),
(416, 'PE1701230003', NULL, NULL, NULL, NULL, 'KOS-230', '2022-12-31', 'pembelian ke supplier', 3, 0, 'Tube', '2024-10-01'),
(417, 'PE1701230003', NULL, NULL, NULL, NULL, 'KOS-231', '2022-12-31', 'pembelian ke supplier', 3, 0, 'Tube', '2024-04-01'),
(418, 'PE1701230003', NULL, NULL, NULL, NULL, 'OBAT-101', '2022-12-31', 'pembelian ke supplier', 3, 0, 'Kapsul', '2025-01-01'),
(419, 'PE1701230003', NULL, NULL, NULL, NULL, 'OBAT-102', '2022-12-31', 'pembelian ke supplier', 3, 0, 'Botol', '2024-01-01'),
(420, 'PE1701230003', NULL, NULL, NULL, NULL, 'OBAT-103', '2022-12-31', 'pembelian ke supplier', 2, 0, 'Botol', '2023-12-01'),
(421, 'PE1701230003', NULL, NULL, NULL, NULL, 'OBAT-104', '2022-12-31', 'pembelian ke supplier', 42, 0, 'Tablet', '2023-11-01'),
(422, 'PE1701230003', NULL, NULL, NULL, NULL, 'KOS-232', '2022-12-31', 'pembelian ke supplier', 6, 0, 'PCS', '2027-08-01'),
(423, 'PE1801230004', NULL, NULL, NULL, NULL, 'ALKES', '2022-12-31', 'pembelian ke supplier', 1, 0, 'Botol', '2026-07-01'),
(424, 'PE1801230004', NULL, NULL, NULL, NULL, 'ALKES-01', '2022-12-31', 'pembelian ke supplier', 3, 0, 'Botol', '2025-12-01'),
(425, 'PE1801230004', NULL, NULL, NULL, NULL, 'ALKES-02', '2022-12-31', 'pembelian ke supplier', 2, 0, 'PCS', '2027-12-01'),
(426, 'PE1801230004', NULL, NULL, NULL, NULL, 'ALKES-03', '2022-12-31', 'pembelian ke supplier', 2, 0, 'PCS', '2027-12-01'),
(427, 'PE1801230004', NULL, NULL, NULL, NULL, 'ALKES-04', '2022-12-31', 'pembelian ke supplier', 2, 0, 'PCS', '2027-12-01'),
(428, 'PE1801230004', NULL, NULL, NULL, NULL, 'ALKES-05', '2022-12-31', 'pembelian ke supplier', 2, 0, 'PCS', '2027-12-01'),
(429, 'PE1801230004', NULL, NULL, NULL, NULL, 'ALKES-06', '2022-12-31', 'pembelian ke supplier', 2, 0, 'PCS', '2027-12-01'),
(430, 'PE1801230004', NULL, NULL, NULL, NULL, 'ALKES-07', '2022-12-31', 'pembelian ke supplier', 2, 0, 'PCS', '2026-05-01'),
(431, 'PE1801230004', NULL, NULL, NULL, NULL, 'ALKES-08', '2022-12-31', 'pembelian ke supplier', 2, 0, 'PCS', '2027-04-01'),
(432, 'PE1801230004', NULL, NULL, NULL, NULL, 'ALKES-09', '2022-12-31', 'pembelian ke supplier', 2, 0, 'PCS', '2027-05-01'),
(433, 'PE1801230004', NULL, NULL, NULL, NULL, 'ALKES-10', '2022-12-31', 'pembelian ke supplier', 1, 0, 'PACK', '2026-12-01'),
(434, 'PE1801230004', NULL, NULL, NULL, NULL, 'ALKES-11', '2022-12-31', 'pembelian ke supplier', 1, 0, 'PACK', '2027-03-01'),
(435, 'PE1801230004', NULL, NULL, NULL, NULL, 'ALKES-12', '2022-12-31', 'pembelian ke supplier', 1, 0, 'PACK', '2027-06-01'),
(436, 'PE1801230004', NULL, NULL, NULL, NULL, 'ALKES-13', '2022-12-31', 'pembelian ke supplier', 1, 0, 'PACK', '2027-07-01'),
(437, 'PE1801230004', NULL, NULL, NULL, NULL, 'ALKES-14', '2022-12-31', 'pembelian ke supplier', 1, 0, 'PACK', '2027-07-01'),
(438, 'PE1801230004', NULL, NULL, NULL, NULL, 'ALKES-15', '2022-12-31', 'pembelian ke supplier', 1, 0, 'PACK', '2025-12-01'),
(439, 'PE1801230004', NULL, NULL, NULL, NULL, 'ALKES-17', '2022-12-31', 'pembelian ke supplier', 1, 0, 'PACK', '2025-12-01'),
(440, 'PE1801230004', NULL, NULL, NULL, NULL, 'ALKES-16', '2022-12-31', 'pembelian ke supplier', 1, 0, 'PACK', '2025-12-01'),
(441, 'PE1801230004', NULL, NULL, NULL, NULL, 'ALKES-18', '2022-12-31', 'pembelian ke supplier', 1, 0, 'PACK', '2025-11-01'),
(442, 'PE1801230004', NULL, NULL, NULL, NULL, 'ALKES-19', '2022-12-31', 'pembelian ke supplier', 1, 0, 'PCS', '2027-12-01'),
(443, 'PE1801230004', NULL, NULL, NULL, NULL, 'ALKES-20', '2022-12-31', 'pembelian ke supplier', 1, 0, 'PCS', '2027-12-01'),
(444, 'PE1801230004', NULL, NULL, NULL, NULL, 'ALKES-21', '2022-12-31', 'pembelian ke supplier', 1, 0, 'PCS', '2027-12-01'),
(445, 'PE1801230004', NULL, NULL, NULL, NULL, 'ALKES-22', '2022-12-31', 'pembelian ke supplier', 2, 0, 'PCS', '2025-10-01'),
(446, 'PE1801230004', NULL, NULL, NULL, NULL, 'ALKES-23', '2022-12-31', 'pembelian ke supplier', 2, 0, 'PCS', '2025-10-01'),
(447, 'PE1801230004', NULL, NULL, NULL, NULL, 'ALKES-24', '2022-12-31', 'pembelian ke supplier', 2, 0, 'PCS', '2026-08-01'),
(448, 'PE1801230004', NULL, NULL, NULL, NULL, 'ALKES-25', '2022-12-31', 'pembelian ke supplier', 20, 0, 'PCS', '2027-12-01'),
(449, 'PE1801230004', NULL, NULL, NULL, NULL, 'ALKES-26', '2022-12-31', 'pembelian ke supplier', 20, 0, 'PCS', '2027-12-01'),
(450, 'PE1801230004', NULL, NULL, NULL, NULL, 'ALKES-27', '2022-12-31', 'pembelian ke supplier', 10, 0, 'PCS', '2027-12-01'),
(451, 'PE1801230004', NULL, NULL, NULL, NULL, 'ALKES-28', '2022-12-31', 'pembelian ke supplier', 10, 0, 'PCS', '2027-12-01'),
(452, 'PE1801230004', NULL, NULL, NULL, NULL, 'ALKES-29', '2022-12-31', 'pembelian ke supplier', 10, 0, 'PCS', '2027-12-01'),
(453, 'PE1801230004', NULL, NULL, NULL, NULL, 'ALKES-30', '2022-12-31', 'pembelian ke supplier', 10, 0, 'PCS', '2027-12-01'),
(454, 'PE1801230004', NULL, NULL, NULL, NULL, 'ALKES-31', '2022-12-31', 'pembelian ke supplier', 10, 0, 'PCS', '2027-12-01'),
(455, 'PE1801230004', NULL, NULL, NULL, NULL, 'ALKES-32', '2022-12-31', 'pembelian ke supplier', 20, 0, 'PCS', '2027-12-01'),
(456, 'PE1801230004', NULL, NULL, NULL, NULL, 'ALKES-33', '2022-12-31', 'pembelian ke supplier', 5, 0, 'PCS', '2027-12-01'),
(457, 'PE1801230004', NULL, NULL, NULL, NULL, 'ALKES-34', '2022-12-31', 'pembelian ke supplier', 5, 0, 'PCS', '2027-12-01'),
(458, 'PE1801230004', NULL, NULL, NULL, NULL, 'ALKES-35', '2022-12-31', 'pembelian ke supplier', 100, 0, 'PCS', '2026-06-01'),
(459, 'PE1801230004', NULL, NULL, NULL, NULL, 'ALKES-36', '2022-12-31', 'pembelian ke supplier', 100, 0, 'PCS', '2026-12-01'),
(460, 'PE1801230004', NULL, NULL, NULL, NULL, 'ALKES-37', '2022-12-31', 'pembelian ke supplier', 100, 0, 'PCS', '2026-12-01'),
(461, 'PE1801230004', NULL, NULL, NULL, NULL, 'ALKES-38', '2022-12-31', 'pembelian ke supplier', 10, 0, 'PCS', '2027-12-01'),
(462, 'PE1801230004', NULL, NULL, NULL, NULL, 'ALKES-39', '2022-12-31', 'pembelian ke supplier', 1, 0, 'PCS', '2027-12-01'),
(463, 'PE1801230004', NULL, NULL, NULL, NULL, 'ALKES-40', '2022-12-31', 'pembelian ke supplier', 1, 0, 'PCS', '2027-12-01'),
(464, 'PE1801230004', NULL, NULL, NULL, NULL, 'ALKES-41', '2022-12-31', 'pembelian ke supplier', 37, 0, 'PCS', '2025-08-01'),
(465, 'PE1801230004', NULL, NULL, NULL, NULL, 'ALKES-42', '2022-12-31', 'pembelian ke supplier', 5, 0, 'PCS', '2025-08-01'),
(466, 'PE1801230004', NULL, NULL, NULL, NULL, 'ALKES-43', '2022-12-31', 'pembelian ke supplier', 2, 0, 'PCS', '2027-12-01'),
(467, 'PE1801230004', NULL, NULL, NULL, NULL, 'ALKES-44', '2022-12-31', 'pembelian ke supplier', 2, 0, 'PCS', '2027-12-01'),
(468, 'PE1801230004', NULL, NULL, NULL, NULL, 'ALKES-45', '2022-12-31', 'pembelian ke supplier', 2, 0, 'PCS', '2026-08-01'),
(469, 'PE1801230004', NULL, NULL, NULL, NULL, 'ALKES-46', '2022-12-31', 'pembelian ke supplier', 3, 0, 'Botol', '2025-06-01'),
(470, 'PE1801230004', NULL, NULL, NULL, NULL, 'ALKES-47', '2022-12-31', 'pembelian ke supplier', 3, 0, 'Botol', '2026-06-01'),
(471, 'PE1801230004', NULL, NULL, NULL, NULL, 'ALKES-48', '2022-12-31', 'pembelian ke supplier', 2, 0, 'PCS', '2026-10-01'),
(472, 'PE1801230004', NULL, NULL, NULL, NULL, 'ALKES-49', '2022-12-31', 'pembelian ke supplier', 51, 0, 'PCS', '2027-03-20'),
(473, 'PE1801230004', NULL, NULL, NULL, NULL, 'ALKES-50', '2022-12-31', 'pembelian ke supplier', 37, 0, 'PCS', '2027-03-20'),
(474, 'PE1801230004', NULL, NULL, NULL, NULL, 'ALKES-51', '2022-12-31', 'pembelian ke supplier', 35, 0, 'PCS', '2027-03-20'),
(475, 'PE1801230005', NULL, NULL, NULL, NULL, 'OBAT-106', '2022-12-31', 'pembelian ke supplier', 14, 0, 'PCS', '2024-06-30'),
(476, 'PE1801230005', NULL, NULL, NULL, NULL, 'OBAT-107', '2022-12-31', 'pembelian ke supplier', 1, 0, 'Botol', '2024-02-29'),
(477, 'PE1801230005', NULL, NULL, NULL, NULL, 'OBAT-108', '2022-12-31', 'pembelian ke supplier', 18, 0, 'PCS', '2024-12-31'),
(478, 'PE1801230005', NULL, NULL, NULL, NULL, 'OBAT-109', '2022-12-31', 'pembelian ke supplier', 1, 0, 'PCS', '2026-12-31'),
(479, 'PE1801230005', NULL, NULL, NULL, NULL, 'OBAT-110', '2022-12-31', 'pembelian ke supplier', 1, 0, 'PCS', '2025-12-31'),
(480, 'PE1801230005', NULL, NULL, NULL, NULL, 'OBAT-111', '2022-12-31', 'pembelian ke supplier', 1, 0, 'PCS', '2027-01-31'),
(481, 'PE1801230005', NULL, NULL, NULL, NULL, 'OBAT-112', '2022-12-31', 'pembelian ke supplier', 1, 0, 'PCS', '2026-12-31'),
(482, 'PE1801230005', NULL, NULL, NULL, NULL, 'OBAT-113', '2022-12-31', 'pembelian ke supplier', 1, 0, 'PCS', '2026-11-30'),
(483, 'PE1801230005', NULL, NULL, NULL, NULL, 'OBAT-114', '2022-12-31', 'pembelian ke supplier', 1, 0, 'Botol', '2024-02-29'),
(484, 'PE1801230005', NULL, NULL, NULL, NULL, 'OBAT-115', '2022-12-31', 'pembelian ke supplier', 2, 0, 'PCS', '2024-07-30'),
(485, 'PE1801230005', NULL, NULL, NULL, NULL, 'OBAT-116', '2022-12-31', 'pembelian ke supplier', 2, 0, 'Botol', '2024-08-31'),
(486, 'PE1801230005', NULL, NULL, NULL, NULL, 'OBAT-117', '2022-12-31', 'pembelian ke supplier', 1, 0, 'Botol', '2024-07-31');
INSERT INTO `kartu_stok` (`id`, `nomor_rec_penerimaan`, `id_stok_adjustment`, `id_stok_opname`, `id_stok_keluar`, `id_penjualan`, `kode_item`, `tanggal`, `jenis_transaksi`, `jumlah_masuk`, `jumlah_keluar`, `satuan_kecil`, `tgl_expired`) VALUES
(487, 'PE1801230005', NULL, NULL, NULL, NULL, 'OBAT-118', '2022-12-31', 'pembelian ke supplier', 2, 0, 'Botol', '2024-01-31'),
(488, 'PE1801230005', NULL, NULL, NULL, NULL, 'OBAT-119', '2022-12-31', 'pembelian ke supplier', 1, 0, 'Botol', '2024-12-31'),
(489, 'PE1801230005', NULL, NULL, NULL, NULL, 'OBAT-127', '2022-12-31', 'pembelian ke supplier', 10, 0, 'Tablet', '2024-08-31'),
(490, 'PE1801230005', NULL, NULL, NULL, NULL, 'OBAT-121', '2022-12-31', 'pembelian ke supplier', 9, 0, 'Tablet', '2024-06-30'),
(491, 'PE1801230005', NULL, NULL, NULL, NULL, 'OBAT-122', '2022-12-31', 'pembelian ke supplier', 4, 0, 'Tablet', '2027-02-28'),
(492, 'PE1801230005', NULL, NULL, NULL, NULL, 'OBAT-123', '2022-12-31', 'pembelian ke supplier', 10, 0, 'Tablet', '2025-04-30'),
(493, 'PE1801230005', NULL, NULL, NULL, NULL, 'OBAT-124', '2022-12-31', 'pembelian ke supplier', 10, 0, 'Tablet', '2026-03-31'),
(494, 'PE1801230005', NULL, NULL, NULL, NULL, 'OBAT-125', '2022-12-31', 'pembelian ke supplier', 9, 0, 'Tablet', '2026-07-31'),
(495, 'PE1801230005', NULL, NULL, NULL, NULL, 'OBAT-126', '2022-12-31', 'pembelian ke supplier', 6, 0, 'Tablet', '2024-07-31'),
(496, 'PE1801230005', NULL, NULL, NULL, NULL, 'OBAT-127', '2022-12-31', 'pembelian ke supplier', 10, 0, 'Tablet', '2024-09-30'),
(497, 'PE1801230005', NULL, NULL, NULL, NULL, 'OBAT-128', '2022-12-31', 'pembelian ke supplier', 6, 0, 'Tablet', '2024-09-30'),
(498, 'PE1801230005', NULL, NULL, NULL, NULL, 'OBAT-129', '2022-12-31', 'pembelian ke supplier', 10, 0, 'Tablet', '2025-05-31'),
(499, 'PE1801230005', NULL, NULL, NULL, NULL, 'OBAT-130', '2022-12-31', 'pembelian ke supplier', 10, 0, 'Kapsul', '2027-04-30'),
(500, 'PE1801230005', NULL, NULL, NULL, NULL, 'OBAT-131', '2022-12-31', 'pembelian ke supplier', 10, 0, 'Kapsul', '2027-06-30'),
(501, 'PE1801230005', NULL, NULL, NULL, NULL, 'OBAT-132', '2022-12-31', 'pembelian ke supplier', 8, 0, 'Tablet', '2024-08-31'),
(502, 'PE1801230005', NULL, NULL, NULL, NULL, 'OBAT-134', '2022-12-31', 'pembelian ke supplier', 10, 0, 'Tablet', '2024-04-30'),
(503, 'PE1801230005', NULL, NULL, NULL, NULL, 'OBAT-135', '2022-12-31', 'pembelian ke supplier', 18, 0, 'Tablet', '2024-07-31'),
(504, 'PE1801230005', NULL, NULL, NULL, NULL, 'OBAT-136', '2022-12-31', 'pembelian ke supplier', 4, 0, 'Tablet', '2024-12-31'),
(505, 'PE1801230005', NULL, NULL, NULL, NULL, 'OBAT-137', '2022-12-31', 'pembelian ke supplier', 10, 0, 'Tablet', '2027-01-31'),
(506, 'PE1801230005', NULL, NULL, NULL, NULL, 'OBAT-138', '2022-12-31', 'pembelian ke supplier', 4, 0, 'Tablet', '2026-08-31'),
(507, 'PE1801230005', NULL, NULL, NULL, NULL, 'OBAT-139', '2022-12-31', 'pembelian ke supplier', 1, 0, 'Tablet', '2025-03-31'),
(508, 'PE1801230005', NULL, NULL, NULL, NULL, 'OBAT-140', '2022-12-31', 'pembelian ke supplier', 3, 0, 'Botol', '2024-07-31'),
(509, 'PE1801230005', NULL, NULL, NULL, NULL, 'OBAT-141', '2022-12-31', 'pembelian ke supplier', 9, 0, 'Tablet', '2027-07-31'),
(510, 'PE1801230005', NULL, NULL, NULL, NULL, 'OBAT-142', '2022-12-31', 'pembelian ke supplier', 3, 0, 'Tube', '2024-06-30'),
(511, 'PE1801230005', NULL, NULL, NULL, NULL, 'OBAT-143', '2022-12-31', 'pembelian ke supplier', 2, 0, 'Tube', '2025-04-30'),
(512, 'PE1801230005', NULL, NULL, NULL, NULL, 'OBAT-144', '2022-12-31', 'pembelian ke supplier', 1, 0, 'Botol', '2024-02-29'),
(513, 'PE1801230005', NULL, NULL, NULL, NULL, 'OBAT-145', '2022-12-31', 'pembelian ke supplier', 2, 0, 'Botol', '2024-01-31'),
(514, 'PE1801230005', NULL, NULL, NULL, NULL, 'OBAT-146', '2022-12-31', 'pembelian ke supplier', 2, 0, 'Tube', '2026-08-31'),
(515, 'PE1801230005', NULL, NULL, NULL, NULL, 'OBAT-147', '2022-12-31', 'pembelian ke supplier', 1, 0, 'Botol', '2025-07-31'),
(516, 'PE1801230005', NULL, NULL, NULL, NULL, 'OBAT-148', '2022-12-31', 'pembelian ke supplier', 1, 0, 'Botol', '2024-11-30'),
(517, 'PE1801230005', NULL, NULL, NULL, NULL, 'OBAT-149', '2022-12-31', 'pembelian ke supplier', 2, 0, 'Botol', '2025-04-30'),
(518, 'PE1901230006', NULL, NULL, NULL, NULL, 'OBAT-150', '2022-12-31', 'pembelian ke supplier', 1, 0, 'Box', '2023-10-31'),
(519, 'PE1901230006', NULL, NULL, NULL, NULL, 'OBAT-151', '2022-12-31', 'pembelian ke supplier', 1, 0, 'Tube', '2025-07-31'),
(520, 'PE1901230006', NULL, NULL, NULL, NULL, 'OBAT-152', '2022-12-31', 'pembelian ke supplier', 8, 0, 'Tube', '2024-09-30'),
(521, 'PE1901230006', NULL, NULL, NULL, NULL, 'OBAT-153', '2022-12-31', 'pembelian ke supplier', 1, 0, 'Tube', '2025-06-30'),
(522, 'PE1901230006', NULL, NULL, NULL, NULL, 'OBAT-154', '2022-12-31', 'pembelian ke supplier', 23, 0, 'Tablet', '2027-07-31'),
(523, 'PE1901230006', NULL, NULL, NULL, NULL, 'OBAT-155', '2022-12-31', 'pembelian ke supplier', 9, 0, 'Tablet', '2025-05-31'),
(524, 'PE1901230006', NULL, NULL, NULL, NULL, 'OBAT-156', '2022-12-31', 'pembelian ke supplier', 10, 0, 'Tablet', '2024-04-30'),
(525, 'PE1901230006', NULL, NULL, NULL, NULL, 'OBAT-157', '2022-12-31', 'pembelian ke supplier', 10, 0, 'Tablet', '2025-05-31'),
(526, 'PE1901230006', NULL, NULL, NULL, NULL, 'OBAT-158', '2022-12-31', 'pembelian ke supplier', 10, 0, 'Tablet', '2024-11-30'),
(527, 'PE1901230006', NULL, NULL, NULL, NULL, 'OBAT-159', '2022-12-31', 'pembelian ke supplier', 5, 0, 'Tablet', '2025-05-31'),
(528, 'PE1901230006', NULL, NULL, NULL, NULL, 'OBAT-160', '2022-12-31', 'pembelian ke supplier', 10, 0, 'Tablet', '2024-05-31'),
(529, 'PE1901230006', NULL, NULL, NULL, NULL, 'OBAT-161', '2022-12-31', 'pembelian ke supplier', 2, 0, 'Botol', '2027-05-31'),
(530, 'PE1901230006', NULL, NULL, NULL, NULL, 'OBAT-162', '2022-12-31', 'pembelian ke supplier', 1, 0, 'Botol', '2027-08-31'),
(531, 'PE1901230006', NULL, NULL, NULL, NULL, 'OBAT-163', '2022-12-31', 'pembelian ke supplier', 3, 0, 'Botol', '2025-08-31'),
(532, 'PE1901230006', NULL, NULL, NULL, NULL, 'OBAT-164', '2022-12-31', 'pembelian ke supplier', 1, 0, 'Tube', '2025-05-31'),
(533, 'PE1901230006', NULL, NULL, NULL, NULL, 'OBAT-165', '2022-12-31', 'pembelian ke supplier', 1, 0, 'Tube', '2025-06-30'),
(534, 'PE1901230006', NULL, NULL, NULL, NULL, 'OBAT-166', '2022-12-31', 'pembelian ke supplier', 9, 0, 'Tablet', '2024-08-31'),
(535, 'PE1901230006', NULL, NULL, NULL, NULL, 'OBAT-167', '2022-12-31', 'pembelian ke supplier', 10, 0, 'Tablet', '2024-08-31'),
(536, 'PE1901230006', NULL, NULL, NULL, NULL, 'OBAT-168', '2022-12-31', 'pembelian ke supplier', 9, 0, 'Tablet', '2025-05-31'),
(537, 'PE1901230006', NULL, NULL, NULL, NULL, 'OBAT-169', '2022-12-31', 'pembelian ke supplier', 10, 0, 'Tablet', '2024-03-31'),
(538, 'PE1901230006', NULL, NULL, NULL, NULL, 'OBAT-170', '2022-12-31', 'pembelian ke supplier', 20, 0, 'Tablet', '2024-08-31'),
(539, 'PE1901230006', NULL, NULL, NULL, NULL, 'OBAT-171', '2022-12-31', 'pembelian ke supplier', 5, 0, 'Tablet', '2024-05-31'),
(540, 'PE1901230006', NULL, NULL, NULL, NULL, 'OBAT-172', '2022-12-31', 'pembelian ke supplier', 1, 0, 'Tube', '2026-04-30'),
(541, 'PE1901230006', NULL, NULL, NULL, NULL, 'OBAT-173', '2022-12-31', 'pembelian ke supplier', 1, 0, 'Tube', '2026-07-31'),
(542, 'PE1901230006', NULL, NULL, NULL, NULL, 'OBAT-174', '2022-12-31', 'pembelian ke supplier', 2, 0, 'Botol', '2023-08-31'),
(543, 'PE1901230006', NULL, NULL, NULL, NULL, 'OBAT-175', '2022-12-31', 'pembelian ke supplier', 1, 0, 'Tube', '2025-06-30'),
(544, 'PE1901230006', NULL, NULL, NULL, NULL, 'OBAT-176', '2022-12-31', 'pembelian ke supplier', 1, 0, 'Tube', '2026-04-30'),
(545, 'PE1901230006', NULL, NULL, NULL, NULL, 'OBAT-177', '2022-12-31', 'pembelian ke supplier', 2, 0, 'PCS', '2025-04-30'),
(546, 'PE1901230006', NULL, NULL, NULL, NULL, 'OBAT-178', '2022-12-31', 'pembelian ke supplier', 2, 0, 'PCS', '2025-04-30'),
(547, 'PE1901230006', NULL, NULL, NULL, NULL, 'OBAT-179', '2022-12-31', 'pembelian ke supplier', 2, 0, 'Tablet', '2025-02-28'),
(548, 'PE1901230006', NULL, NULL, NULL, NULL, 'OBAT-188', '2022-12-31', 'pembelian ke supplier', 11, 0, 'Tablet', '2025-01-31'),
(549, 'PE1901230006', NULL, NULL, NULL, NULL, 'OBAT-181', '2022-12-31', 'pembelian ke supplier', 10, 0, 'Tablet', '2026-09-30'),
(550, 'PE1901230006', NULL, NULL, NULL, NULL, 'OBAT-182', '2022-12-31', 'pembelian ke supplier', 12, 0, 'Botol', '2026-08-31'),
(551, 'PE1901230006', NULL, NULL, NULL, NULL, 'OBAT-183', '2022-12-31', 'pembelian ke supplier', 2, 0, 'Botol', '2024-06-30'),
(552, 'PE1901230006', NULL, NULL, NULL, NULL, 'OBAT-184', '2022-12-31', 'pembelian ke supplier', 1, 0, 'Tube', '2025-05-31'),
(553, 'PE1901230006', NULL, NULL, NULL, NULL, 'OBAT-185', '2022-12-31', 'pembelian ke supplier', 1, 0, 'Tube', '2025-07-31'),
(554, 'PE1901230006', NULL, NULL, NULL, NULL, 'OBAT-186', '2022-12-31', 'pembelian ke supplier', 1, 0, 'Tube', '2025-08-31'),
(555, 'PE1901230006', NULL, NULL, NULL, NULL, 'OBAT-187', '2022-12-31', 'pembelian ke supplier', 9, 0, 'Tablet', '2027-08-31'),
(556, 'PE1901230006', NULL, NULL, NULL, NULL, 'OBAT-188', '2022-12-31', 'pembelian ke supplier', 5, 0, 'Tablet', '2025-02-28'),
(557, 'PE1901230006', NULL, NULL, NULL, NULL, 'OBAT-189', '2022-12-31', 'pembelian ke supplier', 8, 0, 'Tablet', '2024-06-30'),
(558, 'PE1901230007', NULL, NULL, NULL, NULL, 'OBAT-190', '2022-12-31', 'pembelian ke supplier', 3, 0, 'Tube', '2025-05-31'),
(559, 'PE1901230007', NULL, NULL, NULL, NULL, 'OBAT-191', '2022-12-31', 'pembelian ke supplier', 3, 0, 'Tube', '2024-02-29'),
(560, 'PE1901230007', NULL, NULL, NULL, NULL, 'OBAT-192', '2022-12-31', 'pembelian ke supplier', 1, 0, 'Botol', '2024-02-29'),
(561, 'PE1901230007', NULL, NULL, NULL, NULL, 'OBAT-193', '2022-12-31', 'pembelian ke supplier', 1, 0, 'Botol', '2024-05-31'),
(562, 'PE1901230007', NULL, NULL, NULL, NULL, 'OBAT-194', '2022-12-31', 'pembelian ke supplier', 10, 0, 'Tablet', '2023-12-31'),
(563, 'PE1901230007', NULL, NULL, NULL, NULL, 'OBAT-195', '2022-12-31', 'pembelian ke supplier', 41, 0, 'Tablet', '2024-04-30'),
(564, 'PE1901230007', NULL, NULL, NULL, NULL, 'OBAT-197', '2022-12-31', 'pembelian ke supplier', 17, 0, 'Tablet', '2026-05-31'),
(565, 'PE1901230007', NULL, NULL, NULL, NULL, 'OBAT-198', '2022-12-31', 'pembelian ke supplier', 25, 0, 'Kapsul', '2024-04-30'),
(566, 'PE1901230007', NULL, NULL, NULL, NULL, 'ALKES-52', '2022-12-31', 'pembelian ke supplier', 2, 0, 'PCS', '2023-11-30'),
(567, 'PE1901230007', NULL, NULL, NULL, NULL, 'ALKES-53', '2022-12-31', 'pembelian ke supplier', 2, 0, 'PCS', '2023-11-30'),
(568, 'PE1901230007', NULL, NULL, NULL, NULL, 'ALKES-54', '2022-12-31', 'pembelian ke supplier', 2, 0, 'PCS', '2023-11-30'),
(569, 'PE1901230007', NULL, NULL, NULL, NULL, 'ALKES-55', '2022-12-31', 'pembelian ke supplier', 2, 0, 'PCS', '2024-07-31'),
(570, 'PE1901230007', NULL, NULL, NULL, NULL, 'OBAT-196', '2022-12-31', 'pembelian ke supplier', 20, 0, 'Tablet', '2024-08-31'),
(571, 'PE1901230007', NULL, NULL, NULL, NULL, 'OBAT-199', '2022-12-31', 'pembelian ke supplier', 10, 0, 'Tablet', '2024-06-30'),
(572, 'PE1901230007', NULL, NULL, NULL, NULL, 'OBAT-200', '2022-12-31', 'pembelian ke supplier', 20, 0, 'Tablet', '2026-04-30'),
(573, 'PE1901230007', NULL, NULL, NULL, NULL, 'OBAT-201', '2022-12-31', 'pembelian ke supplier', 20, 0, 'Tablet', '2026-03-31'),
(574, 'PE2401230008', NULL, NULL, NULL, NULL, 'OBAT-203', '2023-01-01', 'pembelian ke supplier', 2, 0, 'Botol', '2024-07-31'),
(575, 'PE2401230008', NULL, NULL, NULL, NULL, 'OBAT-204', '2023-01-01', 'pembelian ke supplier', 6, 0, 'Botol', '2024-04-30'),
(576, 'PE2401230008', NULL, NULL, NULL, NULL, 'ALKES-56', '2023-01-01', 'pembelian ke supplier', 2, 0, 'Botol', '2024-10-31'),
(577, 'PE2401230008', NULL, NULL, NULL, NULL, 'OBAT-205', '2023-01-01', 'pembelian ke supplier', 3, 0, 'Botol', '2024-05-31'),
(578, 'PE2401230008', NULL, NULL, NULL, NULL, 'OBAT-206', '2023-01-01', 'pembelian ke supplier', 2, 0, 'Botol', '2024-08-31'),
(579, 'PE2401230008', NULL, NULL, NULL, NULL, 'OBAT-207', '2023-01-01', 'pembelian ke supplier', 10, 0, 'Tablet', '2025-10-31'),
(580, NULL, NULL, 3, NULL, NULL, 'OBAT-81', '2022-12-31', 'stok opname', 3, 0, 'Botol', '2024-09-30'),
(581, NULL, NULL, 2, NULL, NULL, 'OBAT-82', '2022-12-31', 'stok opname', 4, 0, 'Botol', '2024-07-31'),
(582, NULL, NULL, 5, NULL, NULL, 'OBAT-82', '2022-12-31', 'stok opname', 3, 0, 'Botol', '2024-07-31'),
(583, NULL, NULL, 4, NULL, NULL, 'OBAT-81', '2022-12-31', 'stok opname', 3, 0, 'Botol', '2024-09-30'),
(584, NULL, NULL, 7, NULL, NULL, 'OBAT-106', '2023-01-01', 'stok opname', 84, 0, 'PCS', '2024-06-30'),
(585, NULL, NULL, 6, NULL, NULL, 'OBAT-02', '2023-01-01', 'stok opname', 12, 0, 'PCS', '2024-09-30'),
(586, NULL, NULL, 9, NULL, NULL, 'OBAT-75', '2023-01-01', 'stok opname', 12, 0, 'Tablet', '2024-07-31'),
(587, NULL, NULL, 8, NULL, NULL, 'OBAT-114', '2023-01-01', 'stok opname', 1, 0, 'Botol', '2024-02-29'),
(588, NULL, NULL, 10, NULL, NULL, 'KOS-227', '2023-01-01', 'stok opname', 1, 0, 'PCS', '2027-06-30'),
(589, 'PE2501230009', NULL, NULL, NULL, NULL, 'OBAT-208', '2023-01-01', 'pembelian ke supplier', 6, 0, 'PCS', '2024-06-30'),
(590, 'PE2501230009', NULL, NULL, NULL, NULL, 'OBAT-209', '2023-01-01', 'pembelian ke supplier', 24, 0, 'PCS', '2024-07-31'),
(591, 'PE2501230009', NULL, NULL, NULL, NULL, 'OBAT-210', '2023-01-01', 'pembelian ke supplier', 12, 0, 'PCS', '2024-06-30'),
(592, 'PE2501230009', NULL, NULL, NULL, NULL, 'OBAT-211', '2023-01-01', 'pembelian ke supplier', 24, 0, 'PCS', '2024-05-31'),
(593, 'PE2501230009', NULL, NULL, NULL, NULL, 'OBAT-212', '2023-01-01', 'pembelian ke supplier', 2, 0, 'Botol', '2024-04-30'),
(594, 'PE2501230009', NULL, NULL, NULL, NULL, 'OBAT-213', '2023-01-01', 'pembelian ke supplier', 2, 0, 'Botol', '2025-06-30'),
(595, 'PE2501230009', NULL, NULL, NULL, NULL, 'OBAT-214', '2023-01-01', 'pembelian ke supplier', 2, 0, 'Botol', '2025-07-31'),
(596, 'PE2501230009', NULL, NULL, NULL, NULL, 'OBAT-215', '2023-01-01', 'pembelian ke supplier', 2, 0, 'Botol', '2025-05-31'),
(597, 'PE2501230009', NULL, NULL, NULL, NULL, 'OBAT-216', '2023-01-01', 'pembelian ke supplier', 2, 0, 'Botol', '2026-08-15'),
(598, 'PE2501230009', NULL, NULL, NULL, NULL, 'OBAT-217', '2023-01-01', 'pembelian ke supplier', 2, 0, 'Botol', '2025-10-31'),
(599, 'PE2501230009', NULL, NULL, NULL, NULL, 'OBAT-218', '2023-01-01', 'pembelian ke supplier', 2, 0, 'Botol', '2025-09-30'),
(600, 'PE2501230009', NULL, NULL, NULL, NULL, 'OBAT-219', '2023-01-01', 'pembelian ke supplier', 2, 0, 'Botol', '2025-10-31'),
(601, 'PE2501230009', NULL, NULL, NULL, NULL, 'OBAT-220', '2023-01-01', 'pembelian ke supplier', 2, 0, 'Botol', '2025-09-30'),
(602, 'PE2501230009', NULL, NULL, NULL, NULL, 'KOS-235', '2023-01-01', 'pembelian ke supplier', 2, 0, 'PCS', '2027-07-31'),
(603, 'PE2501230009', NULL, NULL, NULL, NULL, 'ALKES-57', '2023-01-01', 'pembelian ke supplier', 100, 0, 'PCS', '2025-06-30'),
(604, 'PE2501230009', NULL, NULL, NULL, NULL, 'OBAT-221', '2023-01-01', 'pembelian ke supplier', 10, 0, 'Botol', '2025-09-30'),
(605, 'PE2501230009', NULL, NULL, NULL, NULL, 'OBAT-222', '2023-01-01', 'pembelian ke supplier', 5, 0, 'Tablet', '2025-09-30'),
(606, 'PE2501230009', NULL, NULL, NULL, NULL, 'OBAT-223', '2023-01-01', 'pembelian ke supplier', 6, 0, 'PCS', '2024-05-31'),
(607, 'PE2501230009', NULL, NULL, NULL, NULL, 'OBAT-224', '2023-01-01', 'pembelian ke supplier', 1, 0, 'Botol', '2024-11-30'),
(608, 'PE2501230009', NULL, NULL, NULL, NULL, 'OBAT-225', '2023-01-01', 'pembelian ke supplier', 1, 0, 'Botol', '2024-09-30'),
(609, 'PE2501230009', NULL, NULL, NULL, NULL, 'OBAT-226', '2023-01-01', 'pembelian ke supplier', 1, 0, 'Botol', '2024-09-30'),
(610, 'PE2501230009', NULL, NULL, NULL, NULL, 'OBAT-227', '2023-01-01', 'pembelian ke supplier', 1, 0, 'Botol', '2026-02-28'),
(611, 'PE2501230009', NULL, NULL, NULL, NULL, 'OBAT-228', '2023-01-01', 'pembelian ke supplier', 5, 0, 'Tablet', '2024-12-31'),
(612, 'PE2501230009', NULL, NULL, NULL, NULL, 'OBAT-229', '2023-01-01', 'pembelian ke supplier', 10, 0, 'Tablet', '2024-06-30'),
(613, 'PE2501230009', NULL, NULL, NULL, NULL, 'KOS-236', '2023-01-01', 'pembelian ke supplier', 12, 0, 'PCS', '2027-10-31'),
(614, 'PE2501230009', NULL, NULL, NULL, NULL, 'OBAT-230', '2023-01-01', 'pembelian ke supplier', 2, 0, 'Botol', '2027-05-31'),
(615, NULL, NULL, 13, NULL, NULL, 'OBAT-179', '2023-01-01', 'stok opname', 20, 0, 'Tablet', '2024-08-31'),
(616, NULL, NULL, 12, NULL, NULL, 'OBAT-122', '2023-01-01', 'stok opname', 20, 0, 'Tablet', '2026-06-30'),
(617, NULL, NULL, 11, NULL, NULL, 'OBAT-138', '2023-01-01', 'stok opname', 20, 0, 'Tablet', '2026-05-31'),
(618, 'PE2501230010', NULL, NULL, NULL, NULL, 'OBAT-231', '2023-01-01', 'pembelian ke supplier', 10, 0, 'Tablet', '2024-07-31'),
(619, 'PE2501230010', NULL, NULL, NULL, NULL, 'OBAT-232', '2023-01-01', 'pembelian ke supplier', 10, 0, 'Tablet', '2024-08-31'),
(620, 'PE2501230010', NULL, NULL, NULL, NULL, 'OBAT-234', '2023-01-01', 'pembelian ke supplier', 10, 0, 'Tablet', '2026-10-31'),
(621, 'PE2501230010', NULL, NULL, NULL, NULL, 'OBAT-235', '2023-01-01', 'pembelian ke supplier', 10, 0, 'Tablet', '2026-11-30'),
(622, 'PE2501230010', NULL, NULL, NULL, NULL, 'OBAT-236', '2023-01-01', 'pembelian ke supplier', 3, 0, 'Tube', '2026-09-30'),
(623, 'PE2501230010', NULL, NULL, NULL, NULL, 'OBAT-237', '2023-01-01', 'pembelian ke supplier', 3, 0, 'Tube', '2026-11-30'),
(624, 'PE2501230010', NULL, NULL, NULL, NULL, 'OBAT-238', '2023-01-01', 'pembelian ke supplier', 2, 0, 'Botol', '2025-11-30'),
(625, 'PE2501230010', NULL, NULL, NULL, NULL, 'OBAT-239', '2023-01-01', 'pembelian ke supplier', 10, 0, 'Tablet', '2024-06-30'),
(626, 'PE2501230010', NULL, NULL, NULL, NULL, 'OBAT-240', '2023-01-01', 'pembelian ke supplier', 25, 0, 'Tablet', '2025-06-30'),
(627, 'PE2501230010', NULL, NULL, NULL, NULL, 'OBAT-241', '2023-01-01', 'pembelian ke supplier', 15, 0, 'Tablet', '2025-10-31'),
(628, NULL, NULL, 15, NULL, NULL, 'OBAT-192', '2023-01-01', 'stok opname', 2, 0, 'Botol', '2024-02-29'),
(629, NULL, NULL, 14, NULL, NULL, 'OBAT-193', '2023-01-01', 'stok opname', 2, 0, 'Botol', '2024-05-31'),
(630, 'PE2501230011', NULL, NULL, NULL, NULL, 'OBAT-242', '2023-01-01', 'pembelian ke supplier', 3, 0, 'Tube', '2024-10-31'),
(631, 'PE2501230011', NULL, NULL, NULL, NULL, 'OBAT-243', '2023-01-01', 'pembelian ke supplier', 10, 0, 'Tablet', '2027-09-30'),
(632, 'PE2501230011', NULL, NULL, NULL, NULL, 'OBAT-245', '2023-01-01', 'pembelian ke supplier', 6, 0, 'Botol', '2026-06-30'),
(633, 'PE2501230011', NULL, NULL, NULL, NULL, 'OBAT-246', '2023-01-01', 'pembelian ke supplier', 4, 0, 'Tablet', '2024-04-30'),
(634, 'PE2501230011', NULL, NULL, NULL, NULL, 'OBAT-247', '2023-01-01', 'pembelian ke supplier', 10, 0, 'Tablet', '2025-06-30'),
(635, 'PE2501230011', NULL, NULL, NULL, NULL, 'OBAT-248', '2023-01-01', 'pembelian ke supplier', 10, 0, 'Tablet', '2024-07-31'),
(636, 'PE2501230011', NULL, NULL, NULL, NULL, 'OBAT-249', '2023-01-01', 'pembelian ke supplier', 1, 0, 'PCS', '2024-07-31'),
(637, 'PE2501230011', NULL, NULL, NULL, NULL, 'OBAT-250', '2023-01-01', 'pembelian ke supplier', 3, 0, 'Botol', '2027-04-30'),
(638, 'PE2501230011', NULL, NULL, NULL, NULL, 'OBAT-251', '2023-01-01', 'pembelian ke supplier', 5, 0, 'Botol', '2027-11-30'),
(639, 'PE2501230011', NULL, NULL, NULL, NULL, 'OBAT-252', '2023-01-01', 'pembelian ke supplier', 2, 0, 'Tube', '2024-09-30'),
(640, 'PE2501230011', NULL, NULL, NULL, NULL, 'OBAT-253', '2023-01-01', 'pembelian ke supplier', 1, 0, 'PCS', '2024-05-31'),
(641, 'PE2501230011', NULL, NULL, NULL, NULL, 'OBAT-254', '2023-01-01', 'pembelian ke supplier', 1, 0, 'PCS', '2024-09-30'),
(642, 'PE2501230011', NULL, NULL, NULL, NULL, 'OBAT-255', '2023-01-01', 'pembelian ke supplier', 1, 0, 'PCS', '2023-07-31'),
(643, 'PE2501230011', NULL, NULL, NULL, NULL, 'OBAT-256', '2023-01-01', 'pembelian ke supplier', 1, 0, 'PCS', '2023-12-04'),
(644, 'PE2501230011', NULL, NULL, NULL, NULL, 'OBAT-257', '2023-01-01', 'pembelian ke supplier', 2, 0, 'PCS', '2025-10-31'),
(645, 'PE2501230011', NULL, NULL, NULL, NULL, 'OBAT-258', '2023-01-01', 'pembelian ke supplier', 20, 0, 'Tablet', '2024-08-31'),
(646, 'PE2501230011', NULL, NULL, NULL, NULL, 'OBAT-259', '2023-01-01', 'pembelian ke supplier', 10, 0, 'Tablet', '2025-04-30'),
(647, 'PE2501230011', NULL, NULL, NULL, NULL, 'OBAT-260', '2023-01-01', 'pembelian ke supplier', 3, 0, 'Tablet', '2025-04-30'),
(648, 'PE2501230011', NULL, NULL, NULL, NULL, 'OBAT-261', '2023-01-01', 'pembelian ke supplier', 10, 0, 'Tablet', '2024-11-30'),
(649, 'PE2501230011', NULL, NULL, NULL, NULL, 'OBAT-262', '2023-01-01', 'pembelian ke supplier', 2, 0, 'Botol', '2024-10-31'),
(650, 'PE2501230011', NULL, NULL, NULL, NULL, 'OBAT-263', '2023-01-01', 'pembelian ke supplier', 2, 0, 'Botol', '2024-12-31'),
(651, 'PE2501230011', NULL, NULL, NULL, NULL, 'OBAT-264', '2023-01-01', 'pembelian ke supplier', 1, 0, 'Botol', '2024-10-31'),
(652, 'PE2501230011', NULL, NULL, NULL, NULL, 'OBAT-265', '2023-01-01', 'pembelian ke supplier', 3, 0, 'Tube', '2024-11-30'),
(653, 'PE2501230011', NULL, NULL, NULL, NULL, 'OBAT-266', '2023-01-01', 'pembelian ke supplier', 2, 0, 'Botol', '2026-10-31'),
(654, 'PE2501230011', NULL, NULL, NULL, NULL, 'OBAT-267', '2023-01-01', 'pembelian ke supplier', 10, 0, 'Tablet', '2024-10-31'),
(655, 'PE2501230011', NULL, NULL, NULL, NULL, 'OBAT-268', '2023-01-01', 'pembelian ke supplier', 1, 0, 'Botol', '2026-10-31'),
(656, 'PE2501230011', NULL, NULL, NULL, NULL, 'OBAT-269', '2023-01-01', 'pembelian ke supplier', 5, 0, 'Tablet', '2026-07-31'),
(657, 'PE2501230011', NULL, NULL, NULL, NULL, 'OBAT-270', '2023-01-01', 'pembelian ke supplier', 5, 0, 'Tablet', '2025-06-30'),
(658, 'PE2501230011', NULL, NULL, NULL, NULL, 'OBAT-271', '2023-01-01', 'pembelian ke supplier', 10, 0, 'PCS', '2025-10-31'),
(659, 'PE2601230012', NULL, NULL, NULL, NULL, 'OBAT-272', '2023-01-05', 'pembelian ke supplier', 1, 0, 'Botol', '2025-11-30'),
(660, 'PE2601230012', NULL, NULL, NULL, NULL, 'OBAT-273', '2023-01-05', 'pembelian ke supplier', 1, 0, 'Botol', '2023-09-30'),
(661, 'PE2601230012', NULL, NULL, NULL, NULL, 'OBAT-274', '2023-01-05', 'pembelian ke supplier', 1, 0, 'PCS', '2025-09-30'),
(662, 'PE2601230012', NULL, NULL, NULL, NULL, 'OBAT-275', '2023-01-05', 'pembelian ke supplier', 1, 0, 'Botol', '2024-08-31'),
(663, 'PE2601230012', NULL, NULL, NULL, NULL, 'OBAT-276', '2023-01-05', 'pembelian ke supplier', 1, 0, 'Tube', '2026-10-31'),
(664, 'PE2601230012', NULL, NULL, NULL, NULL, 'OBAT-277', '2023-01-05', 'pembelian ke supplier', 2, 0, 'Botol', '2025-07-31'),
(665, 'PE2601230012', NULL, NULL, NULL, NULL, 'OBAT-278', '2023-01-05', 'pembelian ke supplier', 2, 0, 'Botol', '2025-09-30'),
(666, 'PE2601230012', NULL, NULL, NULL, NULL, 'OBAT-279', '2023-01-05', 'pembelian ke supplier', 2, 0, 'Botol', '2025-10-31'),
(667, 'PE2601230012', NULL, NULL, NULL, NULL, 'OBAT-280', '2023-01-05', 'pembelian ke supplier', 2, 0, 'Botol', '2025-09-30'),
(668, 'PE2601230012', NULL, NULL, NULL, NULL, 'OBAT-281', '2023-01-05', 'pembelian ke supplier', 15, 0, 'PCS', '2024-10-31'),
(669, 'PE2601230012', NULL, NULL, NULL, NULL, 'OBAT-282', '2023-01-05', 'pembelian ke supplier', 1, 0, 'PCS', '2024-11-30'),
(670, 'PE2601230012', NULL, NULL, NULL, NULL, 'OBAT-283', '2023-01-05', 'pembelian ke supplier', 2, 0, 'PCS', '2024-09-30'),
(671, 'PE2601230012', NULL, NULL, NULL, NULL, 'OBAT-284', '2023-01-05', 'pembelian ke supplier', 12, 0, 'Tablet', '2027-07-31'),
(672, 'PE2601230012', NULL, NULL, NULL, NULL, 'OBAT-285', '2023-01-05', 'pembelian ke supplier', 2, 0, 'Botol', '2026-07-31'),
(673, 'PE2601230012', NULL, NULL, NULL, NULL, 'OBAT-286', '2023-01-05', 'pembelian ke supplier', 2, 0, 'Botol', '2027-01-31'),
(674, 'PE2601230012', NULL, NULL, NULL, NULL, 'OBAT-287', '2023-01-05', 'pembelian ke supplier', 2, 0, 'Botol', '2027-01-31'),
(675, 'PE2601230012', NULL, NULL, NULL, NULL, 'OBAT-288', '2023-01-05', 'pembelian ke supplier', 2, 0, 'Botol', '2027-01-31'),
(676, 'PE2601230012', NULL, NULL, NULL, NULL, 'OBAT-289', '2023-01-05', 'pembelian ke supplier', 2, 0, 'Botol', '2027-03-31'),
(677, 'PE2601230012', NULL, NULL, NULL, NULL, 'OBAT-290', '2023-01-05', 'pembelian ke supplier', 2, 0, 'Botol', '2027-05-31'),
(678, 'PE2601230012', NULL, NULL, NULL, NULL, 'OBAT-291', '2023-01-05', 'pembelian ke supplier', 1, 0, 'Botol', '2027-01-31'),
(679, 'PE2601230012', NULL, NULL, NULL, NULL, 'OBAT-292', '2023-01-05', 'pembelian ke supplier', 1, 0, 'Botol', '2027-06-30'),
(680, 'PE2601230012', NULL, NULL, NULL, NULL, 'OBAT-293', '2023-01-05', 'pembelian ke supplier', 1, 0, 'PCS', '2024-04-30'),
(681, 'PE2601230012', NULL, NULL, NULL, NULL, 'OBAT-294', '2023-01-05', 'pembelian ke supplier', 1, 0, 'PCS', '2024-04-30'),
(682, 'PE2601230012', NULL, NULL, NULL, NULL, 'OBAT-295', '2023-01-05', 'pembelian ke supplier', 1, 0, 'Botol', '2025-06-30'),
(683, 'PE2601230012', NULL, NULL, NULL, NULL, 'OBAT-296', '2023-01-05', 'pembelian ke supplier', 3, 0, 'Botol', '2027-09-30'),
(684, 'PE2601230012', NULL, NULL, NULL, NULL, 'OBAT-297', '2023-01-05', 'pembelian ke supplier', 2, 0, 'PCS', '2024-05-31'),
(685, 'PE2601230012', NULL, NULL, NULL, NULL, 'OBAT-298', '2023-01-05', 'pembelian ke supplier', 2, 0, 'PCS', '2024-05-31'),
(686, 'PE2601230012', NULL, NULL, NULL, NULL, 'OBAT-299', '2023-01-05', 'pembelian ke supplier', 2, 0, 'PCS', '2025-08-31'),
(687, 'PE2601230012', NULL, NULL, NULL, NULL, 'OBAT-300', '2023-01-05', 'pembelian ke supplier', 2, 0, 'PCS', '2025-10-31'),
(688, 'PE2601230012', NULL, NULL, NULL, NULL, 'OBAT-301', '2023-01-05', 'pembelian ke supplier', 10, 0, 'PCS', '2025-08-31'),
(689, 'PE2601230012', NULL, NULL, NULL, NULL, 'OBAT-302', '2023-01-05', 'pembelian ke supplier', 10, 0, 'PCS', '2025-08-31'),
(690, 'PE2601230012', NULL, NULL, NULL, NULL, 'OBAT-303', '2023-01-05', 'pembelian ke supplier', 2, 0, 'PCS', '2025-04-30'),
(691, 'PE2601230012', NULL, NULL, NULL, NULL, 'OBAT-304', '2023-01-05', 'pembelian ke supplier', 2, 0, 'PCS', '2024-12-31'),
(692, NULL, NULL, 20, NULL, NULL, 'OBAT-162', '2023-01-05', 'stok opname', 3, 0, 'Botol', '2027-11-30'),
(693, NULL, NULL, 19, NULL, NULL, 'OBAT-64', '2023-01-05', 'stok opname', 1, 0, 'Botol', '2027-10-31'),
(694, NULL, NULL, 18, NULL, NULL, 'OBAT-42', '2023-01-05', 'stok opname', 1, 0, 'Tube', '2025-09-30'),
(695, NULL, NULL, 17, NULL, NULL, 'KOS-19', '2023-01-05', 'stok opname', 10, 0, 'PCS', '2027-08-31'),
(696, NULL, NULL, 16, NULL, NULL, 'OBAT-213', '2023-01-05', 'stok opname', 3, 0, 'Botol', '2024-10-31'),
(697, 'PE2701230013', NULL, NULL, NULL, NULL, 'OBAT-305', '2023-01-10', 'pembelian ke supplier', 1, 0, 'Tube', '2024-11-30'),
(698, 'PE2701230013', NULL, NULL, NULL, NULL, 'OBAT-306', '2023-01-10', 'pembelian ke supplier', 1, 0, 'Botol', '2026-04-30'),
(699, 'PE2701230013', NULL, NULL, NULL, NULL, 'OBAT-307', '2023-01-10', 'pembelian ke supplier', 1, 0, 'Botol', '2026-03-31'),
(700, 'PE2701230013', NULL, NULL, NULL, NULL, 'OBAT-308', '2023-01-10', 'pembelian ke supplier', 1, 0, 'Botol', '2025-10-31'),
(701, 'PE2701230013', NULL, NULL, NULL, NULL, 'OBAT-309', '2023-01-10', 'pembelian ke supplier', 1, 0, 'Botol', '2025-11-30'),
(702, 'PE2701230013', NULL, NULL, NULL, NULL, 'OBAT-310', '2023-01-10', 'pembelian ke supplier', 1, 0, 'Botol', '2025-12-31'),
(703, 'PE2701230013', NULL, NULL, NULL, NULL, 'OBAT-311', '2023-01-10', 'pembelian ke supplier', 1, 0, 'Botol', '2026-04-30'),
(704, 'PE2701230013', NULL, NULL, NULL, NULL, 'OBAT-312', '2023-01-10', 'pembelian ke supplier', 1, 0, 'Botol', '2026-01-31'),
(705, 'PE2701230013', NULL, NULL, NULL, NULL, 'OBAT-313', '2023-01-10', 'pembelian ke supplier', 1, 0, 'Botol', '2025-10-31'),
(706, 'PE2701230013', NULL, NULL, NULL, NULL, 'OBAT-314', '2023-01-10', 'pembelian ke supplier', 1, 0, 'Botol', '2025-05-31'),
(707, 'PE2701230013', NULL, NULL, NULL, NULL, 'OBAT-315', '2023-01-10', 'pembelian ke supplier', 2, 0, 'PCS', '2024-09-30'),
(708, 'PE2701230013', NULL, NULL, NULL, NULL, 'OBAT-316', '2023-01-10', 'pembelian ke supplier', 1, 0, 'Botol', '2024-09-30'),
(709, 'PE2701230013', NULL, NULL, NULL, NULL, 'OBAT-317', '2023-01-10', 'pembelian ke supplier', 1, 0, 'Botol', '2024-09-30'),
(710, 'PE2701230013', NULL, NULL, NULL, NULL, 'OBAT-318', '2023-01-10', 'pembelian ke supplier', 1, 0, 'Botol', '2024-08-31'),
(711, 'PE2701230013', NULL, NULL, NULL, NULL, 'OBAT-319', '2023-01-10', 'pembelian ke supplier', 2, 0, 'Botol', '2024-03-31'),
(712, 'PE2701230013', NULL, NULL, NULL, NULL, 'OBAT-320', '2023-01-10', 'pembelian ke supplier', 1, 0, 'Botol', '2025-09-30'),
(713, 'PE2701230013', NULL, NULL, NULL, NULL, 'OBAT-321', '2023-01-10', 'pembelian ke supplier', 3, 0, 'PCS', '2025-09-30'),
(714, 'PE2701230013', NULL, NULL, NULL, NULL, 'OBAT-322', '2023-01-10', 'pembelian ke supplier', 1, 0, 'Botol', '2026-10-31'),
(715, 'PE2701230013', NULL, NULL, NULL, NULL, 'OBAT-323', '2023-01-10', 'pembelian ke supplier', 2, 0, 'PCS', '2024-10-31'),
(716, 'PE2701230013', NULL, NULL, NULL, NULL, 'OBAT-324', '2023-01-10', 'pembelian ke supplier', 2, 0, 'PCS', '2024-08-31'),
(717, 'PE2701230013', NULL, NULL, NULL, NULL, 'OBAT-325', '2023-01-10', 'pembelian ke supplier', 2, 0, 'PCS', '2024-09-30'),
(718, 'PE2701230013', NULL, NULL, NULL, NULL, 'OBAT-326', '2023-01-10', 'pembelian ke supplier', 2, 0, 'PCS', '2024-11-30'),
(719, 'PE2701230013', NULL, NULL, NULL, NULL, 'OBAT-327', '2023-01-10', 'pembelian ke supplier', 1, 0, 'Botol', '2024-06-30'),
(720, 'PE2701230013', NULL, NULL, NULL, NULL, 'OBAT-328', '2023-01-10', 'pembelian ke supplier', 2, 0, 'Botol', '2024-12-31'),
(721, 'PE2701230013', NULL, NULL, NULL, NULL, 'OBAT-329', '2023-01-10', 'pembelian ke supplier', 2, 0, 'Botol', '2024-11-30'),
(722, 'PE2701230013', NULL, NULL, NULL, NULL, 'OBAT-330', '2023-01-10', 'pembelian ke supplier', 2, 0, 'Botol', '2024-12-31'),
(723, 'PE2701230013', NULL, NULL, NULL, NULL, 'OBAT-331', '2023-01-10', 'pembelian ke supplier', 2, 0, 'Botol', '2024-08-31'),
(724, 'PE2701230013', NULL, NULL, NULL, NULL, 'OBAT-332', '2023-01-10', 'pembelian ke supplier', 2, 0, 'Botol', '2024-06-30'),
(725, 'PE2701230013', NULL, NULL, NULL, NULL, 'OBAT-333', '2023-01-10', 'pembelian ke supplier', 2, 0, 'Botol', '2024-07-31'),
(726, 'PE2701230013', NULL, NULL, NULL, NULL, 'OBAT-334', '2023-01-10', 'pembelian ke supplier', 2, 0, 'Botol', '2024-06-30'),
(727, 'PE2701230013', NULL, NULL, NULL, NULL, 'OBAT-335', '2023-01-10', 'pembelian ke supplier', 2, 0, 'Botol', '2024-06-30'),
(728, 'PE2701230013', NULL, NULL, NULL, NULL, 'OBAT-336', '2023-01-10', 'pembelian ke supplier', 2, 0, 'Botol', '2024-07-31'),
(729, 'PE2701230013', NULL, NULL, NULL, NULL, 'OBAT-337', '2023-01-10', 'pembelian ke supplier', 2, 0, 'Botol', '2024-06-30'),
(730, 'PE2701230013', NULL, NULL, NULL, NULL, 'OBAT-338', '2023-01-10', 'pembelian ke supplier', 6, 0, 'PCS', '2024-01-31'),
(731, 'PE2701230013', NULL, NULL, NULL, NULL, 'OBAT-339', '2023-01-10', 'pembelian ke supplier', 6, 0, 'PCS', '2024-02-29'),
(732, 'PE2701230013', NULL, NULL, NULL, NULL, 'OBAT-340', '2023-01-10', 'pembelian ke supplier', 4, 0, 'PCS', '2024-01-31'),
(733, 'PE2701230013', NULL, NULL, NULL, NULL, 'OBAT-341', '2023-01-10', 'pembelian ke supplier', 3, 0, 'PCS', '2024-03-31'),
(734, 'PE2701230013', NULL, NULL, NULL, NULL, 'OBAT-342', '2023-01-10', 'pembelian ke supplier', 2, 0, 'PCS', '2026-07-01'),
(735, 'PE2701230013', NULL, NULL, NULL, NULL, 'OBAT-343', '2023-01-10', 'pembelian ke supplier', 2, 0, 'PCS', '2025-04-01'),
(736, 'PE2701230013', NULL, NULL, NULL, NULL, 'OBAT-345', '2023-01-10', 'pembelian ke supplier', 1, 0, 'Tube', '2025-06-30'),
(737, 'PE2701230013', NULL, NULL, NULL, NULL, 'OBAT-346', '2023-01-10', 'pembelian ke supplier', 1, 0, 'Tube', '2025-08-31'),
(738, NULL, NULL, 25, NULL, NULL, 'OBAT-282', '2023-01-10', 'stok opname', 3, 0, 'PCS', '2024-08-31'),
(739, NULL, NULL, 24, NULL, NULL, 'OBAT-92', '2023-01-10', 'stok opname', 1, 0, 'Botol', '2024-07-31'),
(740, NULL, NULL, 23, NULL, NULL, 'OBAT-90', '2023-01-10', 'stok opname', 1, 0, 'Botol', '2024-10-31'),
(741, NULL, NULL, 22, NULL, NULL, 'OBAT-68', '2023-01-10', 'stok opname', 2, 0, 'Botol', '2024-08-31'),
(742, NULL, NULL, 21, NULL, NULL, 'OBAT-19', '2023-01-10', 'stok opname', 1, 0, 'Botol', '2024-09-30'),
(743, 'PE3001230014', NULL, NULL, NULL, NULL, 'OBAT-347', '2023-01-09', 'pembelian ke supplier', 10, 0, 'Tablet', '2026-09-30'),
(744, 'PE3001230014', NULL, NULL, NULL, NULL, 'OBAT-348', '2023-01-09', 'pembelian ke supplier', 10, 0, 'Tablet', '2024-09-30'),
(745, 'PE3001230014', NULL, NULL, NULL, NULL, 'OBAT-349', '2023-01-09', 'pembelian ke supplier', 10, 0, 'Tablet', '2024-11-30'),
(746, 'PE3001230014', NULL, NULL, NULL, NULL, 'OBAT-350', '2023-01-09', 'pembelian ke supplier', 10, 0, 'Kapsul', '2026-10-31'),
(747, 'PE3001230014', NULL, NULL, NULL, NULL, 'OBAT-351', '2023-01-09', 'pembelian ke supplier', 2, 0, 'Botol', '2025-07-31'),
(748, 'PE3001230014', NULL, NULL, NULL, NULL, 'OBAT-352', '2023-01-09', 'pembelian ke supplier', 5, 0, 'PCS', '2024-07-31'),
(749, 'PE3001230014', NULL, NULL, NULL, NULL, 'OBAT-353', '2023-01-09', 'pembelian ke supplier', 2, 0, 'Botol', '2024-08-31'),
(750, 'PE3001230014', NULL, NULL, NULL, NULL, 'OBAT-356', '2023-01-09', 'pembelian ke supplier', 20, 0, 'Tablet', '2024-10-31'),
(751, 'PE3001230015', NULL, NULL, NULL, NULL, 'OBAT-355', '2023-01-13', 'pembelian ke supplier', 25, 0, 'Tablet', '2025-09-30'),
(752, 'PE3001230015', NULL, NULL, NULL, NULL, 'KOS-237', '2023-01-13', 'pembelian ke supplier', 1, 0, 'Botol', '2027-06-30'),
(753, 'PE3001230015', NULL, NULL, NULL, NULL, 'KOS-238', '2023-01-13', 'pembelian ke supplier', 1, 0, 'Botol', '2027-05-31'),
(754, 'PE3001230015', NULL, NULL, NULL, NULL, 'OBAT-356', '2023-01-13', 'pembelian ke supplier', 10, 0, 'Tablet', '2025-04-30'),
(755, 'PE3001230015', NULL, NULL, NULL, NULL, 'OBAT-357', '2023-01-13', 'pembelian ke supplier', 10, 0, 'Tablet', '2027-03-31'),
(756, 'PE3001230015', NULL, NULL, NULL, NULL, 'OBAT-358', '2023-01-13', 'pembelian ke supplier', 10, 0, 'Kapsul', '2024-06-30'),
(757, 'PE3001230015', NULL, NULL, NULL, NULL, 'KOS-239', '2023-01-13', 'pembelian ke supplier', 1, 0, 'Botol', '2025-05-31'),
(758, 'PE3001230015', NULL, NULL, NULL, NULL, 'KOS-240', '2023-01-13', 'pembelian ke supplier', 1, 0, 'Botol', '2024-01-31'),
(759, 'PE3001230015', NULL, NULL, NULL, NULL, 'OBAT-359', '2023-01-13', 'pembelian ke supplier', 2, 0, 'Botol', '2024-08-31'),
(760, 'PE3001230015', NULL, NULL, NULL, NULL, 'KOS-241', '2023-01-13', 'pembelian ke supplier', 1, 0, 'Tube', '2024-01-31'),
(761, 'PE3001230015', NULL, NULL, NULL, NULL, 'KOS-242', '2023-01-13', 'pembelian ke supplier', 1, 0, 'Tube', '2025-02-28'),
(762, 'PE3001230015', NULL, NULL, NULL, NULL, 'KOS-243', '2023-01-13', 'pembelian ke supplier', 1, 0, 'Tube', '2024-10-31'),
(763, 'PE3001230015', NULL, NULL, NULL, NULL, 'OBAT-360', '2023-01-13', 'pembelian ke supplier', 10, 0, 'Kapsul', '2026-03-31'),
(764, 'PE3001230015', NULL, NULL, NULL, NULL, 'OBAT-361', '2023-01-13', 'pembelian ke supplier', 10, 0, 'Tablet', '2024-05-31'),
(765, 'PE3001230016', NULL, NULL, NULL, NULL, 'OBAT-362', '2023-01-13', 'pembelian ke supplier', 1, 0, 'Botol', '2025-08-31'),
(766, 'PE3001230016', NULL, NULL, NULL, NULL, 'OBAT-363', '2023-01-13', 'pembelian ke supplier', 1, 0, 'Botol', '2025-10-31'),
(767, 'PE3001230016', NULL, NULL, NULL, NULL, 'OBAT-364', '2023-01-13', 'pembelian ke supplier', 2, 0, 'Tablet', '2024-10-31'),
(768, 'PE3001230016', NULL, NULL, NULL, NULL, 'OBAT-365', '2023-01-13', 'pembelian ke supplier', 5, 0, 'Tablet', '2025-11-30'),
(769, 'PE3001230016', NULL, NULL, NULL, NULL, 'OBAT-366', '2023-01-13', 'pembelian ke supplier', 10, 0, 'Tablet', '2026-10-31'),
(770, 'PE3001230016', NULL, NULL, NULL, NULL, 'OBAT-367', '2023-01-13', 'pembelian ke supplier', 10, 0, 'Tablet', '2026-09-30'),
(771, 'PE3001230016', NULL, NULL, NULL, NULL, 'OBAT-368', '2023-01-13', 'pembelian ke supplier', 3, 0, 'Kapsul', '2024-06-30'),
(772, 'PE3001230016', NULL, NULL, NULL, NULL, 'OBAT-369', '2023-01-13', 'pembelian ke supplier', 10, 0, 'Tablet', '2025-06-30'),
(773, 'PE3001230016', NULL, NULL, NULL, NULL, 'OBAT-370', '2023-01-13', 'pembelian ke supplier', 10, 0, 'Tablet', '2025-05-31'),
(774, 'PE3001230016', NULL, NULL, NULL, NULL, 'OBAT-371', '2023-01-13', 'pembelian ke supplier', 10, 0, 'Tablet', '2025-04-30'),
(775, 'PE3101230017', NULL, NULL, NULL, NULL, 'ALKES-58', '2023-01-01', 'pembelian ke supplier', 4, 0, 'PCS', '2030-12-31'),
(776, 'PE3101230017', NULL, NULL, NULL, NULL, 'ALKES-59', '2023-01-01', 'pembelian ke supplier', 5, 0, 'PCS', '2030-12-31'),
(777, 'PE3101230017', NULL, NULL, NULL, NULL, 'ALKES-60', '2023-01-01', 'pembelian ke supplier', 2, 0, 'PCS', '2030-12-31'),
(778, NULL, NULL, NULL, NULL, '310123000002', 'OBAT-297', '2023-01-31', 'penjualan', 0, 1, 'PCS', '2024-05-31'),
(779, NULL, NULL, NULL, NULL, '310123000003', 'OBAT-195', '2023-01-31', 'penjualan', 0, 1, 'Tablet', '2024-04-30'),
(780, 'PE0202230017', NULL, NULL, NULL, NULL, 'ALKES-58', '2023-01-01', 'pembelian ke supplier', 4, 0, 'PCS', '2030-12-31'),
(781, 'PE0202230017', NULL, NULL, NULL, NULL, 'ALKES-59', '2023-01-01', 'pembelian ke supplier', 5, 0, 'PCS', '2030-12-31'),
(782, 'PE0202230017', NULL, NULL, NULL, NULL, 'ALKES-60', '2023-01-01', 'pembelian ke supplier', 33, 0, 'PCS', '2030-12-31'),
(783, 'PE0202230018', NULL, NULL, NULL, NULL, 'ALKES-58', '2023-01-13', 'pembelian ke supplier', 4, 0, 'PCS', '2030-12-31'),
(784, 'PE0202230018', NULL, NULL, NULL, NULL, 'ALKES-59', '2023-01-13', 'pembelian ke supplier', 5, 0, 'PCS', '2030-12-31'),
(785, 'PE0202230018', NULL, NULL, NULL, NULL, 'ALKES-60', '2023-01-13', 'pembelian ke supplier', 33, 0, 'PCS', '2030-12-31'),
(786, 'PE0202230018', NULL, NULL, NULL, NULL, 'OBAT-372', '2023-01-13', 'pembelian ke supplier', 2, 0, 'Botol', '2025-07-31'),
(787, 'PE0202230018', NULL, NULL, NULL, NULL, 'OBAT-373', '2023-01-13', 'pembelian ke supplier', 1, 0, 'Botol', '2027-04-30'),
(788, 'PE0202230018', NULL, NULL, NULL, NULL, 'OBAT-374', '2023-01-13', 'pembelian ke supplier', 1, 0, 'Botol', '2027-07-31'),
(789, 'PE0202230018', NULL, NULL, NULL, NULL, 'OBAT-375', '2023-01-13', 'pembelian ke supplier', 1, 0, 'Botol', '2027-07-31'),
(790, 'PE0202230018', NULL, NULL, NULL, NULL, 'OBAT-376', '2023-01-13', 'pembelian ke supplier', 1, 0, 'Botol', '2027-11-30'),
(791, 'PE0202230018', NULL, NULL, NULL, NULL, 'OBAT-377', '2023-01-13', 'pembelian ke supplier', 1, 0, 'Botol', '2027-12-31'),
(792, 'PE0202230018', NULL, NULL, NULL, NULL, 'OBAT-378', '2023-01-13', 'pembelian ke supplier', 2, 0, 'Botol', '2024-11-30'),
(793, 'PE0202230018', NULL, NULL, NULL, NULL, 'OBAT-379', '2023-01-13', 'pembelian ke supplier', 2, 0, 'Botol', '2024-11-30'),
(794, 'PE0202230018', NULL, NULL, NULL, NULL, 'OBAT-380', '2023-01-13', 'pembelian ke supplier', 1, 0, 'PCS', '2025-03-31'),
(795, 'PE0202230018', NULL, NULL, NULL, NULL, 'OBAT-381', '2023-01-13', 'pembelian ke supplier', 1, 0, 'PCS', '2025-04-30'),
(796, 'PE0202230018', NULL, NULL, NULL, NULL, 'OBAT-382', '2023-01-13', 'pembelian ke supplier', 1, 0, 'Botol', '2024-09-30'),
(797, 'PE0202230018', NULL, NULL, NULL, NULL, 'OBAT-383', '2023-01-13', 'pembelian ke supplier', 2, 0, 'Botol', '2024-06-30'),
(798, 'PE0202230018', NULL, NULL, NULL, NULL, 'OBAT-384', '2023-01-13', 'pembelian ke supplier', 2, 0, 'Botol', '2024-06-30'),
(799, 'PE0202230018', NULL, NULL, NULL, NULL, 'OBAT-385', '2023-01-13', 'pembelian ke supplier', 1, 0, 'Botol', '2024-07-31'),
(800, 'PE0202230018', NULL, NULL, NULL, NULL, 'OBAT-386', '2023-01-13', 'pembelian ke supplier', 1, 0, 'Botol', '2024-09-30'),
(801, 'PE0202230018', NULL, NULL, NULL, NULL, 'OBAT-387', '2023-01-13', 'pembelian ke supplier', 2, 0, 'Botol', '2024-10-31'),
(802, 'PE0202230018', NULL, NULL, NULL, NULL, 'OBAT-388', '2023-01-13', 'pembelian ke supplier', 1, 0, 'Botol', '2024-08-31'),
(803, 'PE0202230018', NULL, NULL, NULL, NULL, 'OBAT-389', '2023-01-13', 'pembelian ke supplier', 5, 0, 'Strip', '2027-05-31'),
(804, 'PE0202230018', NULL, NULL, NULL, NULL, 'OBAT-390', '2023-01-13', 'pembelian ke supplier', 2, 0, 'Tube', '2024-11-30'),
(805, 'PE0202230018', NULL, NULL, NULL, NULL, 'OBAT-391', '2023-01-13', 'pembelian ke supplier', 1, 0, 'PCS', '2025-07-31'),
(806, 'PE0202230018', NULL, NULL, NULL, NULL, 'OBAT-392', '2023-01-13', 'pembelian ke supplier', 1, 0, 'Botol', '2024-11-30'),
(807, 'PE0202230018', NULL, NULL, NULL, NULL, 'OBAT-393', '2023-01-13', 'pembelian ke supplier', 2, 0, 'Botol', '2024-05-31'),
(808, 'PE0202230018', NULL, NULL, NULL, NULL, 'OBAT-394', '2023-01-13', 'pembelian ke supplier', 1, 0, 'Botol', '2024-04-30'),
(809, 'PE0202230018', NULL, NULL, NULL, NULL, 'OBAT-395', '2023-01-13', 'pembelian ke supplier', 2, 0, 'Botol', '2024-05-31'),
(810, 'PE0202230018', NULL, NULL, NULL, NULL, 'OBAT-396', '2023-01-13', 'pembelian ke supplier', 1, 0, 'Botol', '2025-07-31'),
(811, 'PE0202230018', NULL, NULL, NULL, NULL, 'OBAT-397', '2023-01-13', 'pembelian ke supplier', 10, 0, 'Strip', '2025-10-31'),
(812, 'PE0202230018', NULL, NULL, NULL, NULL, 'OBAT-398', '2023-01-13', 'pembelian ke supplier', 1, 0, 'Tube', '2024-06-30'),
(813, 'PE0202230018', NULL, NULL, NULL, NULL, 'OBAT-399', '2023-01-13', 'pembelian ke supplier', 2, 0, 'Tube', '2024-07-31'),
(814, 'PE0202230018', NULL, NULL, NULL, NULL, 'OBAT-400', '2023-01-13', 'pembelian ke supplier', 1, 0, 'Tube', '2024-10-31'),
(815, 'PE0202230018', NULL, NULL, NULL, NULL, 'OBAT-401', '2023-01-13', 'pembelian ke supplier', 1, 0, 'Tube', '2026-11-30'),
(816, 'PE0202230018', NULL, NULL, NULL, NULL, 'OBAT-402', '2023-01-13', 'pembelian ke supplier', 1, 0, 'Botol', '2024-09-30'),
(817, 'PE0202230018', NULL, NULL, NULL, NULL, 'OBAT-403', '2023-01-13', 'pembelian ke supplier', 1, 0, 'PCS', '2025-09-30'),
(818, 'PE0202230018', NULL, NULL, NULL, NULL, 'OBAT-404', '2023-01-13', 'pembelian ke supplier', 1, 0, 'PCS', '2025-09-30'),
(819, 'PE0202230018', NULL, NULL, NULL, NULL, 'OBAT-405', '2023-01-13', 'pembelian ke supplier', 1, 0, 'Tube', '2023-10-31'),
(820, 'PE0202230018', NULL, NULL, NULL, NULL, 'OBAT-406', '2023-01-13', 'pembelian ke supplier', 2, 0, 'Tube', '2025-08-31'),
(821, 'PE0202230018', NULL, NULL, NULL, NULL, 'OBAT-407', '2023-01-13', 'pembelian ke supplier', 2, 0, 'Tube', '2024-06-30'),
(822, 'PE0202230018', NULL, NULL, NULL, NULL, 'OBAT-408', '2023-01-13', 'pembelian ke supplier', 1, 0, 'Tube', '2025-03-31'),
(823, 'PE0202230018', NULL, NULL, NULL, NULL, 'OBAT-409', '2023-01-13', 'pembelian ke supplier', 1, 0, 'Tube', '2025-11-30'),
(824, 'PE0202230018', NULL, NULL, NULL, NULL, 'OBAT-410', '2023-01-13', 'pembelian ke supplier', 3, 0, 'Strip', '2025-05-31'),
(825, 'PE0202230018', NULL, NULL, NULL, NULL, 'OBAT-411', '2023-01-13', 'pembelian ke supplier', 1, 0, 'Botol', '2026-08-31'),
(826, 'PE0202230018', NULL, NULL, NULL, NULL, 'OBAT-412', '2023-01-13', 'pembelian ke supplier', 10, 0, 'Strip', '2026-10-31'),
(827, 'PE0202230018', NULL, NULL, NULL, NULL, 'OBAT-413', '2023-01-13', 'pembelian ke supplier', 10, 0, 'Strip', '2024-08-31'),
(828, 'PE0202230018', NULL, NULL, NULL, NULL, 'OBAT-414', '2023-01-13', 'pembelian ke supplier', 10, 0, 'Strip', '2026-03-31'),
(829, 'PE0202230017', NULL, NULL, NULL, NULL, 'ALKES-58', '2023-01-01', 'pembelian ke supplier', 4, 0, 'PCS', '2030-12-31'),
(830, 'PE0202230017', NULL, NULL, NULL, NULL, 'ALKES-59', '2023-01-01', 'pembelian ke supplier', 5, 0, 'PCS', '2030-12-31'),
(831, 'PE0202230017', NULL, NULL, NULL, NULL, 'ALKES-60', '2023-01-01', 'pembelian ke supplier', 33, 0, 'PCS', '2030-12-31'),
(832, 'PE0202230018', NULL, NULL, NULL, NULL, 'OBAT-372', '2023-01-13', 'pembelian ke supplier', 2, 0, 'Botol', '2025-07-31'),
(833, 'PE0202230018', NULL, NULL, NULL, NULL, 'OBAT-373', '2023-01-13', 'pembelian ke supplier', 1, 0, 'Botol', '2027-04-30'),
(834, 'PE0202230018', NULL, NULL, NULL, NULL, 'OBAT-374', '2023-01-13', 'pembelian ke supplier', 1, 0, 'Botol', '2027-07-31'),
(835, 'PE0202230018', NULL, NULL, NULL, NULL, 'OBAT-375', '2023-01-13', 'pembelian ke supplier', 1, 0, 'Botol', '2027-07-31'),
(836, 'PE0202230018', NULL, NULL, NULL, NULL, 'OBAT-376', '2023-01-13', 'pembelian ke supplier', 1, 0, 'Botol', '2027-11-30'),
(837, 'PE0202230018', NULL, NULL, NULL, NULL, 'OBAT-377', '2023-01-13', 'pembelian ke supplier', 1, 0, 'Botol', '2027-12-31'),
(838, 'PE0202230018', NULL, NULL, NULL, NULL, 'OBAT-378', '2023-01-13', 'pembelian ke supplier', 2, 0, 'Botol', '2024-11-30'),
(839, 'PE0202230018', NULL, NULL, NULL, NULL, 'OBAT-379', '2023-01-13', 'pembelian ke supplier', 2, 0, 'Botol', '2024-11-30'),
(840, 'PE0202230018', NULL, NULL, NULL, NULL, 'OBAT-380', '2023-01-13', 'pembelian ke supplier', 1, 0, 'PCS', '2025-03-31'),
(841, 'PE0202230018', NULL, NULL, NULL, NULL, 'OBAT-381', '2023-01-13', 'pembelian ke supplier', 1, 0, 'PCS', '2025-04-30'),
(842, 'PE0202230018', NULL, NULL, NULL, NULL, 'OBAT-382', '2023-01-13', 'pembelian ke supplier', 1, 0, 'Botol', '2024-09-30'),
(843, 'PE0202230018', NULL, NULL, NULL, NULL, 'OBAT-383', '2023-01-13', 'pembelian ke supplier', 2, 0, 'Botol', '2024-06-30'),
(844, 'PE0202230018', NULL, NULL, NULL, NULL, 'OBAT-384', '2023-01-13', 'pembelian ke supplier', 2, 0, 'Botol', '2024-06-30'),
(845, 'PE0202230018', NULL, NULL, NULL, NULL, 'OBAT-385', '2023-01-13', 'pembelian ke supplier', 1, 0, 'Botol', '2024-07-31'),
(846, 'PE0202230018', NULL, NULL, NULL, NULL, 'OBAT-386', '2023-01-13', 'pembelian ke supplier', 1, 0, 'Botol', '2024-09-30'),
(847, 'PE0202230018', NULL, NULL, NULL, NULL, 'OBAT-387', '2023-01-13', 'pembelian ke supplier', 2, 0, 'Botol', '2024-10-31'),
(848, 'PE0202230018', NULL, NULL, NULL, NULL, 'OBAT-388', '2023-01-13', 'pembelian ke supplier', 1, 0, 'Botol', '2024-08-31'),
(849, 'PE0202230018', NULL, NULL, NULL, NULL, 'OBAT-389', '2023-01-13', 'pembelian ke supplier', 5, 0, 'Strip', '2027-05-31'),
(850, 'PE0202230018', NULL, NULL, NULL, NULL, 'OBAT-390', '2023-01-13', 'pembelian ke supplier', 2, 0, 'Tube', '2024-11-30'),
(851, 'PE0202230018', NULL, NULL, NULL, NULL, 'OBAT-391', '2023-01-13', 'pembelian ke supplier', 1, 0, 'PCS', '2025-07-31'),
(852, 'PE0202230018', NULL, NULL, NULL, NULL, 'OBAT-392', '2023-01-13', 'pembelian ke supplier', 1, 0, 'Botol', '2024-11-30'),
(853, 'PE0202230018', NULL, NULL, NULL, NULL, 'OBAT-393', '2023-01-13', 'pembelian ke supplier', 2, 0, 'Botol', '2024-05-31'),
(854, 'PE0202230018', NULL, NULL, NULL, NULL, 'OBAT-394', '2023-01-13', 'pembelian ke supplier', 1, 0, 'Botol', '2024-04-30'),
(855, 'PE0202230018', NULL, NULL, NULL, NULL, 'OBAT-395', '2023-01-13', 'pembelian ke supplier', 2, 0, 'Botol', '2024-05-31'),
(856, 'PE0202230018', NULL, NULL, NULL, NULL, 'OBAT-396', '2023-01-13', 'pembelian ke supplier', 1, 0, 'Botol', '2025-07-31'),
(857, 'PE0202230018', NULL, NULL, NULL, NULL, 'OBAT-397', '2023-01-13', 'pembelian ke supplier', 10, 0, 'Strip', '2025-10-31'),
(858, 'PE0202230018', NULL, NULL, NULL, NULL, 'OBAT-398', '2023-01-13', 'pembelian ke supplier', 1, 0, 'Tube', '2024-06-30'),
(859, 'PE0202230018', NULL, NULL, NULL, NULL, 'OBAT-399', '2023-01-13', 'pembelian ke supplier', 2, 0, 'Tube', '2024-07-31'),
(860, 'PE0202230018', NULL, NULL, NULL, NULL, 'OBAT-400', '2023-01-13', 'pembelian ke supplier', 1, 0, 'Tube', '2024-10-31'),
(861, 'PE0202230018', NULL, NULL, NULL, NULL, 'OBAT-401', '2023-01-13', 'pembelian ke supplier', 1, 0, 'Tube', '2026-11-30'),
(862, 'PE0202230018', NULL, NULL, NULL, NULL, 'OBAT-402', '2023-01-13', 'pembelian ke supplier', 1, 0, 'Botol', '2024-09-30'),
(863, 'PE0202230018', NULL, NULL, NULL, NULL, 'OBAT-403', '2023-01-13', 'pembelian ke supplier', 1, 0, 'PCS', '2025-09-30'),
(864, 'PE0202230018', NULL, NULL, NULL, NULL, 'OBAT-404', '2023-01-13', 'pembelian ke supplier', 1, 0, 'PCS', '2025-09-30'),
(865, 'PE0202230018', NULL, NULL, NULL, NULL, 'OBAT-405', '2023-01-13', 'pembelian ke supplier', 1, 0, 'Tube', '2023-10-31'),
(866, 'PE0202230018', NULL, NULL, NULL, NULL, 'OBAT-406', '2023-01-13', 'pembelian ke supplier', 2, 0, 'Tube', '2025-08-31'),
(867, 'PE0202230018', NULL, NULL, NULL, NULL, 'OBAT-407', '2023-01-13', 'pembelian ke supplier', 2, 0, 'Tube', '2024-06-30'),
(868, 'PE0202230018', NULL, NULL, NULL, NULL, 'OBAT-408', '2023-01-13', 'pembelian ke supplier', 1, 0, 'Tube', '2025-03-31'),
(869, 'PE0202230018', NULL, NULL, NULL, NULL, 'OBAT-409', '2023-01-13', 'pembelian ke supplier', 1, 0, 'Tube', '2025-11-30'),
(870, 'PE0202230018', NULL, NULL, NULL, NULL, 'OBAT-410', '2023-01-13', 'pembelian ke supplier', 3, 0, 'Strip', '2025-05-31'),
(871, 'PE0202230018', NULL, NULL, NULL, NULL, 'OBAT-411', '2023-01-13', 'pembelian ke supplier', 1, 0, 'Botol', '2026-08-31'),
(872, 'PE0202230018', NULL, NULL, NULL, NULL, 'OBAT-412', '2023-01-13', 'pembelian ke supplier', 10, 0, 'Strip', '2026-10-31'),
(873, 'PE0202230018', NULL, NULL, NULL, NULL, 'OBAT-413', '2023-01-13', 'pembelian ke supplier', 10, 0, 'Strip', '2024-08-31'),
(874, 'PE0202230018', NULL, NULL, NULL, NULL, 'OBAT-414', '2023-01-13', 'pembelian ke supplier', 10, 0, 'Strip', '2026-03-31'),
(875, 'PE0202230019', NULL, NULL, NULL, NULL, 'OBAT-424', '2023-01-20', 'pembelian ke supplier', 1, 0, 'Strip', '2024-09-30'),
(876, 'PE0202230019', NULL, NULL, NULL, NULL, 'OBAT-425', '2023-01-20', 'pembelian ke supplier', 1, 0, 'Box', '2025-06-30'),
(877, 'PE0202230019', NULL, NULL, NULL, NULL, 'OBAT-426', '2023-01-20', 'pembelian ke supplier', 1, 0, 'Box', '2025-07-31'),
(878, 'PE0202230019', NULL, NULL, NULL, NULL, 'OBAT-427', '2023-01-20', 'pembelian ke supplier', 2, 0, 'Botol', '2024-05-31'),
(879, 'PE0202230019', NULL, NULL, NULL, NULL, 'OBAT-428', '2023-01-20', 'pembelian ke supplier', 1, 0, 'Botol', '2024-03-31'),
(880, 'PE0202230019', NULL, NULL, NULL, NULL, 'OBAT-429', '2023-01-20', 'pembelian ke supplier', 1, 0, 'Botol', '2024-04-30'),
(881, 'PE0202230019', NULL, NULL, NULL, NULL, 'OBAT-430', '2023-01-20', 'pembelian ke supplier', 1, 0, 'Botol', '2025-03-31'),
(882, 'PE0202230019', NULL, NULL, NULL, NULL, 'OBAT-431', '2023-01-20', 'pembelian ke supplier', 1, 0, 'Botol', '2024-03-31'),
(883, 'PE0202230019', NULL, NULL, NULL, NULL, 'OBAT-432', '2023-01-20', 'pembelian ke supplier', 2, 0, 'Botol', '2025-05-31'),
(884, NULL, NULL, 26, NULL, NULL, 'OBAT-26', '2023-01-20', 'stok opname', 2, 0, 'Strip', '2024-02-29'),
(885, NULL, NULL, 34, NULL, NULL, 'ALKES-56', '2023-01-13', 'stok opname', 2, 0, 'Botol', '2024-10-31'),
(886, NULL, NULL, 33, NULL, NULL, 'OBAT-103', '2023-01-13', 'stok opname', 2, 0, 'Botol', '2024-07-31'),
(887, NULL, NULL, 32, NULL, NULL, 'OBAT-210', '2023-01-13', 'stok opname', 12, 0, 'PCS', '2024-08-31'),
(888, NULL, NULL, 31, NULL, NULL, 'OBAT-161', '2023-01-13', 'stok opname', 3, 0, 'Botol', '2027-12-31'),
(889, NULL, NULL, 30, NULL, NULL, 'OBAT-162', '2023-01-13', 'stok opname', 2, 0, 'Botol', '2027-11-30'),
(890, NULL, NULL, 29, NULL, NULL, 'OBAT-64', '2023-01-13', 'stok opname', 1, 0, 'Botol', '2027-10-31');
INSERT INTO `kartu_stok` (`id`, `nomor_rec_penerimaan`, `id_stok_adjustment`, `id_stok_opname`, `id_stok_keluar`, `id_penjualan`, `kode_item`, `tanggal`, `jenis_transaksi`, `jumlah_masuk`, `jumlah_keluar`, `satuan_kecil`, `tgl_expired`) VALUES
(891, NULL, NULL, 28, NULL, NULL, 'OBAT-66', '2023-01-13', 'stok opname', 2, 0, 'Strip', '2024-09-30'),
(892, NULL, NULL, 27, NULL, NULL, 'OBAT-65', '2023-01-13', 'stok opname', 1, 0, 'Botol', '2024-06-30'),
(893, 'PE0202230020', NULL, NULL, NULL, NULL, 'OBAT-421', '2023-01-18', 'pembelian ke supplier', 3, 0, 'Strip', '2026-07-31'),
(894, 'PE0202230020', NULL, NULL, NULL, NULL, 'OBAT-422', '2023-01-18', 'pembelian ke supplier', 10, 0, 'Botol', '2026-11-30'),
(895, 'PE0202230020', NULL, NULL, NULL, NULL, 'OBAT-423', '2023-01-18', 'pembelian ke supplier', 12, 0, 'Strip', '2024-12-31'),
(896, NULL, 1, NULL, NULL, NULL, 'OBAT-104', '2023-01-01', 'stok adjustment', 0, 5, 'PCS', '2023-11-01'),
(897, NULL, 2, NULL, NULL, NULL, 'OBAT-81', '2023-01-01', 'stok adjustment', 0, 1, 'Botol', '2023-12-01'),
(898, NULL, 3, NULL, NULL, NULL, 'OBAT-152', '2023-01-01', 'stok adjustment', 0, 1, 'Tube', '2024-09-30'),
(899, NULL, 4, NULL, NULL, NULL, 'OBAT-190', '2023-01-01', 'stok adjustment', 0, 1, 'Tube', '2025-05-31'),
(900, NULL, 5, NULL, NULL, NULL, 'OBAT-121', '2023-01-01', 'stok adjustment', 0, 2, 'Strip', '2024-06-30'),
(901, NULL, 6, NULL, NULL, NULL, 'OBAT-67', '2023-01-01', 'stok adjustment', 0, 1, 'Botol', '2024-02-01'),
(902, NULL, 7, NULL, NULL, NULL, 'OBAT-59', '2023-01-03', 'stok adjustment', 0, 1, 'Botol', '2024-08-01'),
(903, NULL, 8, NULL, NULL, NULL, 'OBAT-52', '2023-01-03', 'stok adjustment', 0, 2, 'PCS', '2025-01-01'),
(904, NULL, 9, NULL, NULL, NULL, 'OBAT-189', '2023-01-03', 'stok adjustment', 0, 1, 'Strip', '2024-06-30'),
(905, NULL, 10, NULL, NULL, NULL, 'OBAT-240', '2023-01-03', 'stok adjustment', 0, 1, 'Strip', '2025-06-30'),
(906, NULL, 11, NULL, NULL, NULL, 'OBAT-72', '2023-01-04', 'stok adjustment', 0, 2, 'Strip', '2024-01-01'),
(907, NULL, 12, NULL, NULL, NULL, 'OBAT-31', '2023-01-04', 'stok adjustment', 0, 1, 'Tube', '2023-04-01'),
(908, NULL, 13, NULL, NULL, NULL, 'OBAT-198', '2023-01-04', 'stok adjustment', 0, 1, 'Strip', '2024-04-30'),
(909, NULL, 14, NULL, NULL, NULL, 'OBAT-10', '2023-01-04', 'stok adjustment', 0, 2, 'Strip', '2026-11-01'),
(910, NULL, 15, NULL, NULL, NULL, 'OBAT-118', '2023-01-05', 'stok adjustment', 0, 1, 'Botol', '2024-01-31'),
(911, NULL, 16, NULL, NULL, NULL, 'OBAT-138', '2023-01-05', 'stok adjustment', 0, 1, 'Strip', '2026-08-31'),
(912, NULL, 17, NULL, NULL, NULL, 'OBAT-152', '2023-01-05', 'stok adjustment', 0, 1, 'Tube', '2024-09-30'),
(913, NULL, 18, NULL, NULL, NULL, 'KOS-79', '2023-01-05', 'stok adjustment', 0, 1, 'Botol', '2025-05-01'),
(914, NULL, 19, NULL, NULL, NULL, 'KOS-232', '2023-01-06', 'stok adjustment', 0, 1, 'PCS', '2027-08-01'),
(915, NULL, 20, NULL, NULL, NULL, 'OBAT-206', '2023-01-06', 'stok adjustment', 0, 1, 'Botol', '2024-08-31'),
(916, NULL, 21, NULL, NULL, NULL, 'KOS-54', '2023-01-06', 'stok adjustment', 0, 1, 'Botol', '2025-08-29'),
(917, NULL, 22, NULL, NULL, NULL, 'KOS-38', '2023-01-09', 'stok adjustment', 0, 1, 'Tube', '2025-03-01'),
(918, NULL, 23, NULL, NULL, NULL, 'OBAT-196', '2023-01-09', 'stok adjustment', 0, 1, 'Strip', '2024-08-31'),
(919, NULL, 24, NULL, NULL, NULL, 'OBAT-170', '2023-01-09', 'stok adjustment', 0, 1, 'Strip', '2024-08-31'),
(920, NULL, 25, NULL, NULL, NULL, 'OBAT-240', '2023-01-09', 'stok adjustment', 0, 1, 'Strip', '2025-06-30'),
(921, NULL, 26, NULL, NULL, NULL, 'OBAT-128', '2023-01-09', 'stok adjustment', 0, 1, 'Strip', '2024-09-30'),
(922, NULL, 27, NULL, NULL, NULL, 'OBAT-99', '2023-01-09', 'stok adjustment', 0, 1, 'Strip', '2024-11-01'),
(923, NULL, 28, NULL, NULL, NULL, 'OBAT-260', '2023-01-09', 'stok adjustment', 0, 2, 'Strip', '2025-04-30'),
(924, NULL, 29, NULL, NULL, NULL, 'OBAT-32', '2023-01-09', 'stok adjustment', 0, 1, 'Botol', '2027-02-01'),
(925, NULL, 30, NULL, NULL, NULL, 'OBAT-185', '2023-01-09', 'stok adjustment', 0, 1, 'Tube', '2025-07-31'),
(926, NULL, 31, NULL, NULL, NULL, 'OBAT-301', '2023-01-10', 'stok adjustment', 0, 2, 'PCS', '2025-08-31'),
(927, NULL, 32, NULL, NULL, NULL, 'OBAT-94', '2023-01-10', 'stok adjustment', 0, 1, 'PCS', '2023-11-01'),
(928, NULL, 33, NULL, NULL, NULL, 'OBAT-103', '2023-01-10', 'stok adjustment', 0, 1, 'Botol', '2023-12-01'),
(929, NULL, 34, NULL, NULL, NULL, 'OBAT-168', '2023-01-10', 'stok adjustment', 0, 3, 'Strip', '2025-05-31'),
(930, NULL, 35, NULL, NULL, NULL, 'OBAT-231', '2023-01-10', 'stok adjustment', 0, 2, 'Strip', '2024-07-31'),
(931, NULL, 36, NULL, NULL, NULL, 'OBAT-195', '2023-01-10', 'stok adjustment', 0, 2, 'Strip', '2024-04-30'),
(932, NULL, 37, NULL, NULL, NULL, 'OBAT-240', '2023-01-10', 'stok adjustment', 0, 4, 'Strip', '2025-06-30'),
(933, NULL, 38, NULL, NULL, NULL, 'OBAT-240', '2023-01-10', 'stok adjustment', 0, 3, 'Strip', '2025-06-30'),
(934, NULL, 39, NULL, NULL, NULL, 'OBAT-41', '2023-01-10', 'stok adjustment', 0, 1, 'Botol', '2025-12-01'),
(935, NULL, 40, NULL, NULL, NULL, 'OBAT-179', '2023-01-10', 'stok adjustment', 0, 1, 'Strip', '2025-02-28'),
(936, NULL, 41, NULL, NULL, NULL, 'KOS-16', '2023-01-10', 'stok adjustment', 0, 1, 'PCS', '2027-09-22'),
(937, NULL, 42, NULL, NULL, NULL, 'ALKES-49', '2023-01-11', 'stok adjustment', 0, 12, 'PCS', '2027-03-20'),
(938, NULL, 43, NULL, NULL, NULL, 'ALKES-51', '2023-01-11', 'stok adjustment', 0, 6, 'PCS', '2027-03-20'),
(939, NULL, 44, NULL, NULL, NULL, 'KOS-16', '2023-01-11', 'stok adjustment', 0, 1, 'PCS', '2027-09-22'),
(940, NULL, 45, NULL, NULL, NULL, 'OBAT-232', '2023-01-11', 'stok adjustment', 0, 1, 'Strip', '2024-08-31'),
(941, NULL, 46, NULL, NULL, NULL, 'OBAT-197', '2023-01-11', 'stok adjustment', 0, 2, 'Strip', '2026-05-31'),
(942, NULL, 47, NULL, NULL, NULL, 'OBAT-106', '2023-01-12', 'stok adjustment', 0, 27, 'PCS', '2024-06-30'),
(943, NULL, 48, NULL, NULL, NULL, 'OBAT-161', '2023-01-12', 'stok adjustment', 0, 1, 'Botol', '2027-05-31'),
(944, NULL, 49, NULL, NULL, NULL, 'OBAT-48', '2023-01-12', 'stok adjustment', 0, 3, 'PCS', '2023-11-01'),
(945, NULL, 50, NULL, NULL, NULL, 'OBAT-302', '2023-01-12', 'stok adjustment', 0, 4, 'PCS', '2025-08-31'),
(946, NULL, 51, NULL, NULL, NULL, 'OBAT-64', '2023-01-12', 'stok adjustment', 0, 1, 'Botol', '2026-11-01'),
(947, NULL, 52, NULL, NULL, NULL, 'OBAT-94', '2023-01-12', 'stok adjustment', 0, 1, 'PCS', '2023-11-01'),
(948, NULL, 53, NULL, NULL, NULL, 'OBAT-87', '2023-01-12', 'stok adjustment', 0, 1, 'Botol', '2026-10-01'),
(949, NULL, 54, NULL, NULL, NULL, 'OBAT-340', '2023-01-12', 'stok adjustment', 0, 2, 'PCS', '2024-01-31'),
(950, NULL, 55, NULL, NULL, NULL, 'OBAT-210', '2023-01-12', 'stok adjustment', 0, 3, 'PCS', '2024-06-30'),
(951, NULL, 56, NULL, NULL, NULL, 'OBAT-298', '2023-01-12', 'stok adjustment', 0, 1, 'PCS', '2024-05-31'),
(952, NULL, 57, NULL, NULL, NULL, 'OBAT-203', '2023-01-12', 'stok adjustment', 0, 1, 'Botol', '2024-07-31'),
(953, NULL, 58, NULL, NULL, NULL, 'OBAT-284', '2023-01-12', 'stok adjustment', 0, 3, 'PCS', '2027-07-31'),
(954, NULL, 59, NULL, NULL, NULL, 'ALKES-56', '2023-01-12', 'stok adjustment', 0, 1, 'Botol', '2024-10-31'),
(955, NULL, 60, NULL, NULL, NULL, 'OBAT-73', '2023-01-12', 'stok adjustment', 0, 1, 'Botol', '2025-02-01'),
(956, NULL, 61, NULL, NULL, NULL, 'OBAT-287', '2023-01-12', 'stok adjustment', 0, 1, 'Botol', '2027-01-31'),
(957, NULL, 62, NULL, NULL, NULL, 'OBAT-70', '2023-01-12', 'stok adjustment', 0, 3, 'PCS', '2025-03-01'),
(958, NULL, 63, NULL, NULL, NULL, 'OBAT-213', '2023-01-12', 'stok adjustment', 0, 1, 'Botol', '2025-06-30'),
(959, NULL, 64, NULL, NULL, NULL, 'OBAT-281', '2023-01-12', 'stok adjustment', 0, 3, 'PCS', '2024-10-31'),
(960, NULL, 65, NULL, NULL, NULL, 'OBAT-75', '2023-01-12', 'stok adjustment', 0, 3, 'Strip', '2024-07-31'),
(961, NULL, 66, NULL, NULL, NULL, 'OBAT-162', '2023-01-12', 'stok adjustment', 0, 1, 'Botol', '2027-08-31'),
(962, NULL, 67, NULL, NULL, NULL, 'OBAT-162', '2023-01-12', 'stok adjustment', 0, 1, 'Botol', '2027-11-30'),
(963, NULL, NULL, 35, NULL, NULL, 'OBAT-216', '2023-01-01', 'stok opname', 1, 0, 'Botol', '2026-01-31'),
(964, NULL, 68, NULL, NULL, NULL, 'OBAT-216', '2023-01-12', 'stok adjustment', 0, 1, 'Botol', '2026-01-31'),
(965, NULL, 69, NULL, NULL, NULL, 'KOS-221', '2023-01-12', 'stok adjustment', 0, 3, 'PCS', '2024-09-01'),
(966, NULL, 70, NULL, NULL, NULL, 'OBAT-06', '2023-01-12', 'stok adjustment', 0, 1, 'Botol', '2026-12-01'),
(967, NULL, 71, NULL, NULL, NULL, 'OBAT-248', '2023-01-12', 'stok adjustment', 0, 3, 'Strip', '2024-07-31'),
(968, NULL, 72, NULL, NULL, NULL, 'OBAT-194', '2023-01-12', 'stok adjustment', 0, 3, 'Strip', '2023-12-31'),
(969, NULL, 73, NULL, NULL, NULL, 'OBAT-348', '2023-01-12', 'stok adjustment', 0, 3, 'Strip', '2024-09-30'),
(970, NULL, 74, NULL, NULL, NULL, 'ALKES-57', '2023-01-12', 'stok adjustment', 0, 15, 'PCS', '2025-06-30'),
(971, NULL, 75, NULL, NULL, NULL, 'OBAT-279', '2023-01-13', 'stok adjustment', 0, 1, 'Botol', '2025-10-31'),
(972, NULL, 76, NULL, NULL, NULL, 'OBAT-39', '2023-01-12', 'stok adjustment', 0, 1, 'Botol', '2025-02-01'),
(973, NULL, 77, NULL, NULL, NULL, 'OBAT-52', '2023-01-13', 'stok adjustment', 0, 1, 'PCS', '2025-01-01'),
(974, NULL, 78, NULL, NULL, NULL, 'OBAT-240', '2023-01-13', 'stok adjustment', 0, 1, 'Strip', '2025-06-30'),
(975, NULL, 79, NULL, NULL, NULL, 'OBAT-195', '2023-01-13', 'stok adjustment', 0, 1, 'Strip', '2024-04-30'),
(976, NULL, 80, NULL, NULL, NULL, 'KOS-60', '2023-01-12', 'stok adjustment', 0, 1, 'PCS', '2025-08-30'),
(977, NULL, 81, NULL, NULL, NULL, 'OBAT-198', '2023-01-12', 'stok adjustment', 0, 1, 'Strip', '2024-04-30'),
(978, NULL, 82, NULL, NULL, NULL, 'OBAT-198', '2023-01-16', 'stok adjustment', 0, 1, 'Strip', '2024-04-30'),
(979, NULL, 83, NULL, NULL, NULL, 'OBAT-187', '2023-01-16', 'stok adjustment', 0, 2, 'Strip', '2027-08-31'),
(980, NULL, 84, NULL, NULL, NULL, 'OBAT-243', '2023-01-16', 'stok adjustment', 0, 2, 'Strip', '2027-09-30'),
(981, NULL, 85, NULL, NULL, NULL, 'OBAT-240', '2023-01-16', 'stok adjustment', 0, 2, 'Strip', '2025-06-30'),
(982, NULL, 86, NULL, NULL, NULL, 'OBAT-189', '2023-01-16', 'stok adjustment', 0, 5, 'Strip', '2024-06-30'),
(983, NULL, 87, NULL, NULL, NULL, 'OBAT-26', '2023-01-16', 'stok adjustment', 0, 1, 'Strip', '2023-11-01'),
(984, NULL, 88, NULL, NULL, NULL, 'OBAT-297', '2023-01-16', 'stok adjustment', 0, 1, 'PCS', '2024-05-31'),
(985, NULL, 89, NULL, NULL, NULL, 'OBAT-13', '2023-01-17', 'stok adjustment', 0, 1, 'PCS', '2023-11-01'),
(986, NULL, 90, NULL, NULL, NULL, 'OBAT-369', '2023-01-18', 'stok adjustment', 0, 3, 'Strip', '2025-06-30'),
(987, NULL, 91, NULL, NULL, NULL, 'OBAT-170', '2023-01-18', 'stok adjustment', 0, 3, 'Strip', '2024-08-31'),
(988, NULL, 92, NULL, NULL, NULL, 'OBAT-198', '2023-01-18', 'stok adjustment', 0, 1, 'Strip', '2024-04-30'),
(989, NULL, 93, NULL, NULL, NULL, 'ALKES-41', '2023-01-18', 'stok adjustment', 0, 3, 'PCS', '2025-08-01'),
(990, NULL, 94, NULL, NULL, NULL, 'OBAT-135', '2023-01-18', 'stok adjustment', 0, 2, 'Strip', '2024-07-31'),
(991, NULL, 95, NULL, NULL, NULL, 'OBAT-410', '2023-01-18', 'stok adjustment', 0, 1, 'Strip', '2025-05-31'),
(992, NULL, 96, NULL, NULL, NULL, 'OBAT-378', '2023-01-18', 'stok adjustment', 0, 1, 'Botol', '2024-11-30'),
(993, NULL, 97, NULL, NULL, NULL, 'OBAT-241', '2023-01-18', 'stok adjustment', 0, 1, 'Strip', '2025-10-31'),
(994, NULL, 98, NULL, NULL, NULL, 'OBAT-201', '2023-01-18', 'stok adjustment', 0, 1, 'Strip', '2026-03-31'),
(995, NULL, 99, NULL, NULL, NULL, 'OBAT-367', '2023-01-18', 'stok adjustment', 0, 1, 'Strip', '2026-09-30'),
(996, NULL, 100, NULL, NULL, NULL, 'OBAT-348', '2023-01-18', 'stok adjustment', 0, 1, 'Strip', '2024-09-30'),
(997, NULL, 101, NULL, NULL, NULL, 'OBAT-195', '2023-01-20', 'stok adjustment', 0, 4, 'Strip', '2024-04-30'),
(998, NULL, 102, NULL, NULL, NULL, 'OBAT-234', '2023-01-18', 'stok adjustment', 0, 1, 'Strip', '2026-10-31'),
(999, NULL, 103, NULL, NULL, NULL, 'OBAT-234', '2023-01-20', 'stok adjustment', 0, 1, 'Strip', '2026-10-31'),
(1000, NULL, 104, NULL, NULL, NULL, 'OBAT-198', '2023-01-19', 'stok adjustment', 0, 1, 'Strip', '2024-04-30'),
(1001, NULL, 105, NULL, NULL, NULL, 'ALKES-41', '2023-01-19', 'stok adjustment', 0, 3, 'PCS', '2025-08-01'),
(1002, NULL, 106, NULL, NULL, NULL, 'OBAT-135', '2023-01-19', 'stok adjustment', 0, 2, 'Strip', '2024-07-31'),
(1003, NULL, 107, NULL, NULL, NULL, 'OBAT-410', '2023-01-19', 'stok adjustment', 0, 1, 'Strip', '2025-05-31'),
(1004, NULL, 108, NULL, NULL, NULL, 'OBAT-378', '2023-01-19', 'stok adjustment', 0, 1, 'Botol', '2024-11-30'),
(1005, NULL, 109, NULL, NULL, NULL, 'OBAT-241', '2023-01-19', 'stok adjustment', 0, 1, 'Strip', '2025-10-31'),
(1006, NULL, 110, NULL, NULL, NULL, 'OBAT-201', '2023-01-19', 'stok adjustment', 0, 1, 'Strip', '2026-03-31'),
(1007, NULL, NULL, 43, NULL, NULL, 'OBAT-189', '2023-02-06', 'stok opname', 10, 0, 'Strip', '2024-09-30'),
(1008, NULL, NULL, 42, NULL, NULL, 'OBAT-225', '2023-02-06', 'stok opname', 1, 0, 'Botol', '2024-09-30'),
(1009, NULL, NULL, 41, NULL, NULL, 'OBAT-185', '2023-02-06', 'stok opname', 1, 0, 'Tube', '2025-09-30'),
(1010, NULL, NULL, 40, NULL, NULL, 'OBAT-214', '2023-02-06', 'stok opname', 2, 0, 'Botol', '2025-07-31'),
(1011, NULL, NULL, 39, NULL, NULL, 'OBAT-107', '2023-02-06', 'stok opname', 1, 0, 'Botol', '2024-03-31'),
(1012, NULL, NULL, 38, NULL, NULL, 'OBAT-161', '2023-02-06', 'stok opname', 2, 0, 'Botol', '2027-12-31'),
(1013, NULL, NULL, 37, NULL, NULL, 'OBAT-162', '2023-02-06', 'stok opname', 2, 0, 'Botol', '2027-11-30'),
(1014, NULL, NULL, 46, NULL, NULL, 'ALKES-50', '2023-02-06', 'stok opname', 50, 0, 'PCS', '2026-12-31'),
(1015, NULL, NULL, 45, NULL, NULL, 'ALKES-49', '2023-02-06', 'stok opname', 100, 0, 'PCS', '2026-10-31'),
(1016, NULL, NULL, 44, NULL, NULL, 'ALKES-51', '2023-02-06', 'stok opname', 100, 0, 'PCS', '2026-10-31'),
(1017, NULL, 111, NULL, NULL, NULL, 'OBAT-367', '2023-01-19', 'stok adjustment', 0, 1, 'Strip', '2026-09-30'),
(1018, NULL, 112, NULL, NULL, NULL, 'OBAT-348', '2023-01-19', 'stok adjustment', 0, 1, 'Strip', '2024-09-30'),
(1019, NULL, 113, NULL, NULL, NULL, 'OBAT-162', '2023-01-24', 'stok adjustment', 0, 1, 'Botol', '2027-11-30'),
(1020, NULL, 114, NULL, NULL, NULL, 'KOS-05', '2023-01-24', 'stok adjustment', 0, 1, 'Botol', '2025-07-11'),
(1021, NULL, 115, NULL, NULL, NULL, 'OBAT-196', '2023-01-24', 'stok adjustment', 0, 5, 'Strip', '2024-08-31'),
(1022, NULL, 116, NULL, NULL, NULL, 'OBAT-355', '2023-01-25', 'stok adjustment', 0, 1, 'Strip', '2025-09-30'),
(1023, NULL, 117, NULL, NULL, NULL, 'OBAT-75', '2023-01-25', 'stok adjustment', 0, 1, 'Strip', '2024-07-31'),
(1024, NULL, 118, NULL, NULL, NULL, 'OBAT-196', '2023-01-25', 'stok adjustment', 0, 1, 'Strip', '2024-08-31'),
(1025, NULL, 119, NULL, NULL, NULL, 'OBAT-136', '2023-01-25', 'stok adjustment', 0, 1, 'Strip', '2024-12-31'),
(1026, 'PE0902230021', NULL, NULL, NULL, NULL, 'OBAT-415', '2023-01-20', 'pembelian ke supplier', 2, 0, 'Botol', '2026-10-31'),
(1027, 'PE0902230021', NULL, NULL, NULL, NULL, 'OBAT-416', '2023-01-20', 'pembelian ke supplier', 2, 0, 'Botol', '2025-08-31'),
(1028, 'PE0902230021', NULL, NULL, NULL, NULL, 'OBAT-417', '2023-01-20', 'pembelian ke supplier', 2, 0, 'Botol', '2025-10-31'),
(1029, 'PE0902230021', NULL, NULL, NULL, NULL, 'OBAT-418', '2023-01-20', 'pembelian ke supplier', 2, 0, 'Botol', '2024-10-31'),
(1030, 'PE0902230021', NULL, NULL, NULL, NULL, 'OBAT-419', '2023-01-20', 'pembelian ke supplier', 2, 0, 'Botol', '2024-10-31'),
(1031, 'PE0902230021', NULL, NULL, NULL, NULL, 'OBAT-420', '2023-01-20', 'pembelian ke supplier', 1, 0, 'Botol', '2025-09-30'),
(1032, NULL, 120, NULL, NULL, NULL, 'OBAT-418', '2023-01-25', 'stok adjustment', 0, 1, 'Botol', '2024-10-31'),
(1033, NULL, 121, NULL, NULL, NULL, 'OBAT-106', '2023-01-25', 'stok adjustment', 0, 3, 'PCS', '2024-06-30'),
(1034, NULL, 122, NULL, NULL, NULL, 'OBAT-03', '2023-01-25', 'stok adjustment', 0, 1, 'PCS', '2023-09-01'),
(1035, NULL, 123, NULL, NULL, NULL, 'OBAT-65', '2023-01-25', 'stok adjustment', 0, 1, 'Botol', '2024-06-30'),
(1036, NULL, 124, NULL, NULL, NULL, 'OBAT-312', '2023-01-25', 'stok adjustment', 0, 1, 'Botol', '2026-01-31'),
(1037, NULL, 125, NULL, NULL, NULL, 'OBAT-211', '2023-01-25', 'stok adjustment', 0, 1, 'PCS', '2024-05-31'),
(1038, NULL, 126, NULL, NULL, NULL, 'OBAT-284', '2023-01-25', 'stok adjustment', 0, 1, 'PCS', '2027-07-31'),
(1039, NULL, 127, NULL, NULL, NULL, 'OBAT-196', '2023-01-26', 'stok adjustment', 0, 5, 'Strip', '2024-08-31'),
(1040, NULL, 128, NULL, NULL, NULL, 'OBAT-292', '2023-01-26', 'stok adjustment', 0, 1, 'Botol', '2027-06-30'),
(1041, NULL, 129, NULL, NULL, NULL, 'OBAT-107', '2023-01-26', 'stok adjustment', 0, 1, 'Botol', '2024-02-29'),
(1042, NULL, 130, NULL, NULL, NULL, 'OBAT-108', '2023-01-26', 'stok adjustment', 0, 1, 'PCS', '2024-12-31'),
(1043, NULL, 131, NULL, NULL, NULL, 'OBAT-121', '2023-01-26', 'stok adjustment', 0, 2, 'Strip', '2024-06-30'),
(1044, NULL, 132, NULL, NULL, NULL, 'OBAT-252', '2023-01-26', 'stok adjustment', 0, 1, 'Tube', '2024-09-30'),
(1045, NULL, 133, NULL, NULL, NULL, 'OBAT-305', '2023-01-27', 'stok adjustment', 0, 1, 'Tube', '2024-11-30'),
(1046, NULL, 134, NULL, NULL, NULL, 'OBAT-186', '2023-01-27', 'stok adjustment', 0, 1, 'Tube', '2025-08-31'),
(1047, NULL, 135, NULL, NULL, NULL, 'OBAT-149', '2023-01-27', 'stok adjustment', 0, 1, 'Botol', '2025-04-30'),
(1048, NULL, 136, NULL, NULL, NULL, 'OBAT-243', '2023-01-27', 'stok adjustment', 0, 1, 'Strip', '2027-09-30'),
(1049, NULL, 137, NULL, NULL, NULL, 'OBAT-136', '2023-01-27', 'stok adjustment', 0, 1, 'Strip', '2024-12-31'),
(1050, NULL, 138, NULL, NULL, NULL, 'OBAT-225', '2023-01-27', 'stok adjustment', 0, 1, 'Botol', '2024-09-30'),
(1051, NULL, 139, NULL, NULL, NULL, 'OBAT-405', '2023-01-27', 'stok adjustment', 0, 1, 'Tube', '2023-10-31'),
(1052, NULL, 140, NULL, NULL, NULL, 'KOS-236', '2023-01-27', 'stok adjustment', 0, 1, 'PCS', '2027-10-31'),
(1053, NULL, 141, NULL, NULL, NULL, 'KOS-232', '2023-01-27', 'stok adjustment', 0, 1, 'PCS', '2027-08-01'),
(1054, NULL, 142, NULL, NULL, NULL, 'ALKES-58', '2023-01-30', 'stok adjustment', 0, 1, 'PCS', '2030-12-31'),
(1055, NULL, 143, NULL, NULL, NULL, 'KOS-226', '2023-01-30', 'stok adjustment', 0, 1, 'Botol', '2025-01-01'),
(1056, NULL, 144, NULL, NULL, NULL, 'OBAT-245', '2023-01-30', 'stok adjustment', 0, 1, 'Botol', '2026-06-30'),
(1057, NULL, 145, NULL, NULL, NULL, 'OBAT-59', '2023-01-30', 'stok adjustment', 0, 1, 'Botol', '2024-08-01'),
(1058, NULL, 146, NULL, NULL, NULL, 'OBAT-162', '2023-01-30', 'stok adjustment', 0, 1, 'Botol', '2027-11-30'),
(1059, NULL, 147, NULL, NULL, NULL, 'OBAT-210', '2023-01-30', 'stok adjustment', 0, 2, 'PCS', '2024-06-30'),
(1060, NULL, 148, NULL, NULL, NULL, 'OBAT-209', '2023-01-30', 'stok adjustment', 0, 2, 'PCS', '2024-07-31'),
(1061, NULL, 149, NULL, NULL, NULL, 'OBAT-201', '2023-01-30', 'stok adjustment', 0, 2, 'Strip', '2026-03-31'),
(1062, NULL, 150, NULL, NULL, NULL, 'OBAT-235', '2023-01-30', 'stok adjustment', 0, 2, 'Strip', '2026-11-30'),
(1063, NULL, 151, NULL, NULL, NULL, 'OBAT-260', '2023-01-30', 'stok adjustment', 0, 1, 'Strip', '2025-04-30'),
(1064, NULL, 152, NULL, NULL, NULL, 'OBAT-41', '2023-01-31', 'stok adjustment', 0, 1, 'Botol', '2025-12-01'),
(1065, NULL, 153, NULL, NULL, NULL, 'OBAT-161', '2023-01-31', 'stok adjustment', 0, 2, 'Botol', '2027-12-31'),
(1066, NULL, 154, NULL, NULL, NULL, 'OBAT-428', '2023-01-31', 'stok adjustment', 0, 1, 'Botol', '2024-03-31'),
(1067, NULL, 155, NULL, NULL, NULL, 'OBAT-03', '2023-01-31', 'stok adjustment', 0, 8, 'PCS', '2023-09-01'),
(1068, NULL, 156, NULL, NULL, NULL, 'OBAT-76', '2023-01-31', 'stok adjustment', 0, 1, 'Strip', '2024-12-01'),
(1069, NULL, 157, NULL, NULL, NULL, 'OBAT-301', '2023-01-31', 'stok adjustment', 0, 1, 'PCS', '2025-08-31'),
(1070, NULL, 158, NULL, NULL, NULL, 'ALKES-60', '2023-01-31', 'stok adjustment', 0, 1, 'PCS', '2030-12-31'),
(1071, 'PE0902230022', NULL, NULL, NULL, NULL, 'OBAT-433', '2023-02-06', 'pembelian ke supplier', 1, 0, 'Botol', '2024-04-30'),
(1072, 'PE0902230022', NULL, NULL, NULL, NULL, 'OBAT-434', '2023-02-06', 'pembelian ke supplier', 10, 0, 'Strip', '2025-03-31'),
(1073, 'PE0902230023', NULL, NULL, NULL, NULL, 'ALKES-61', '2023-02-06', 'pembelian ke supplier', 300, 0, 'PCS', '2027-11-30'),
(1074, 'PE0902230023', NULL, NULL, NULL, NULL, 'ALKES-62', '2023-02-06', 'pembelian ke supplier', 25, 0, 'PCS', '2024-08-31'),
(1075, 'PE0902230023', NULL, NULL, NULL, NULL, 'ALKES-63', '2023-02-06', 'pembelian ke supplier', 25, 0, 'PCS', '2024-04-30'),
(1076, 'PE0902230023', NULL, NULL, NULL, NULL, 'ALKES-64', '2023-02-06', 'pembelian ke supplier', 10, 0, 'PCS', '2024-09-30'),
(1077, 'PE0902230023', NULL, NULL, NULL, NULL, 'ALKES-65', '2023-02-06', 'pembelian ke supplier', 1, 0, 'PCS', '2027-01-31'),
(1078, 'PE0902230023', NULL, NULL, NULL, NULL, 'ALKES-66', '2023-02-06', 'pembelian ke supplier', 2, 0, 'PCS', '2027-05-31'),
(1079, NULL, 159, NULL, NULL, NULL, 'OBAT-214', '2023-02-01', 'stok adjustment', 0, 1, 'Botol', '2025-07-31'),
(1080, NULL, 160, NULL, NULL, NULL, 'OBAT-106', '2023-02-01', 'stok adjustment', 0, 2, 'PCS', '2024-06-30'),
(1081, NULL, 161, NULL, NULL, NULL, 'ALKES-60', '2023-02-01', 'stok adjustment', 0, 1, 'PCS', '2030-12-31'),
(1082, NULL, 162, NULL, NULL, NULL, 'ALKES-57', '2023-02-01', 'stok adjustment', 0, 2, 'PCS', '2025-06-30'),
(1083, NULL, 163, NULL, NULL, NULL, 'OBAT-281', '2023-02-01', 'stok adjustment', 0, 1, 'PCS', '2024-10-31'),
(1084, NULL, 164, NULL, NULL, NULL, 'OBAT-152', '2023-02-01', 'stok adjustment', 0, 1, 'Tube', '2024-09-30'),
(1085, NULL, 165, NULL, NULL, NULL, 'ALKES-57', '2023-02-01', 'stok adjustment', 0, 4, 'PCS', '2025-06-30'),
(1086, NULL, 166, NULL, NULL, NULL, 'ALKES-57', '2023-02-02', 'stok adjustment', 0, 4, 'PCS', '2025-06-30'),
(1087, NULL, 167, NULL, NULL, NULL, 'OBAT-108', '2023-02-02', 'stok adjustment', 0, 6, 'PCS', '2024-12-31'),
(1088, NULL, 168, NULL, NULL, NULL, 'OBAT-96', '2023-02-02', 'stok adjustment', 0, 1, 'Botol', '2023-04-28'),
(1089, NULL, 169, NULL, NULL, NULL, 'KOS-121', '2023-02-02', 'stok adjustment', 0, 1, 'Botol', '2023-08-01'),
(1090, NULL, 170, NULL, NULL, NULL, 'OBAT-40', '2023-02-02', 'stok adjustment', 0, 1, 'Botol', '2025-01-01'),
(1091, NULL, NULL, 47, NULL, NULL, 'OBAT-180', '2022-12-31', 'stok opname', 11, 0, 'Tube', '2025-01-31'),
(1092, NULL, 171, NULL, NULL, NULL, 'OBAT-180', '2023-02-02', 'stok adjustment', 0, 1, 'Tube', '2025-01-31'),
(1093, NULL, 172, NULL, NULL, NULL, 'OBAT-242', '2023-02-02', 'stok adjustment', 0, 3, 'Tube', '2024-10-31'),
(1094, NULL, 173, NULL, NULL, NULL, 'OBAT-234', '2023-02-02', 'stok adjustment', 0, 1, 'Strip', '2026-10-31'),
(1095, NULL, 174, NULL, NULL, NULL, 'OBAT-412', '2023-02-02', 'stok adjustment', 0, 1, 'Strip', '2026-10-31'),
(1096, NULL, 175, NULL, NULL, NULL, 'OBAT-350', '2023-02-02', 'stok adjustment', 0, 1, 'Strip', '2026-10-31'),
(1097, NULL, 176, NULL, NULL, NULL, 'OBAT-07', '2023-02-02', 'stok adjustment', 0, 1, 'Strip', '2023-07-01'),
(1098, NULL, 177, NULL, NULL, NULL, 'OBAT-348', '2023-02-03', 'stok adjustment', 0, 1, 'Strip', '2024-09-30'),
(1099, NULL, 178, NULL, NULL, NULL, 'OBAT-10', '2023-02-04', 'stok adjustment', 0, 1, 'Strip', '2026-11-01'),
(1100, NULL, 179, NULL, NULL, NULL, 'OBAT-121', '2023-02-07', 'stok adjustment', 0, 2, 'Strip', '2024-06-30'),
(1101, NULL, 180, NULL, NULL, NULL, 'OBAT-39', '2023-02-07', 'stok adjustment', 0, 1, 'Botol', '2025-02-01'),
(1102, NULL, 181, NULL, NULL, NULL, 'KOS-226', '2023-02-07', 'stok adjustment', 0, 1, 'Botol', '2025-01-01'),
(1103, NULL, 182, NULL, NULL, NULL, 'OBAT-248', '2023-02-07', 'stok adjustment', 0, 1, 'Strip', '2024-07-31'),
(1104, NULL, 183, NULL, NULL, NULL, 'OBAT-112', '2023-02-07', 'stok adjustment', 0, 1, 'PCS', '2026-12-31'),
(1105, NULL, 184, NULL, NULL, NULL, 'OBAT-108', '2023-02-07', 'stok adjustment', 0, 1, 'PCS', '2024-12-31'),
(1106, NULL, 185, NULL, NULL, NULL, 'OBAT-166', '2023-02-07', 'stok adjustment', 0, 1, 'Strip', '2024-08-31'),
(1107, NULL, 186, NULL, NULL, NULL, 'OBAT-241', '2023-02-07', 'stok adjustment', 0, 1, 'Strip', '2025-10-31'),
(1108, NULL, 187, NULL, NULL, NULL, 'OBAT-103', '2023-02-07', 'stok adjustment', 0, 1, 'Botol', '2024-07-31'),
(1109, NULL, 188, NULL, NULL, NULL, 'OBAT-200', '2023-02-07', 'stok adjustment', 0, 1, 'Strip', '2026-04-30'),
(1110, NULL, 189, NULL, NULL, NULL, 'OBAT-234', '2023-02-07', 'stok adjustment', 0, 1, 'Strip', '2026-10-31'),
(1111, NULL, 190, NULL, NULL, NULL, 'OBAT-152', '2023-02-08', 'stok adjustment', 0, 1, 'Tube', '2024-09-30'),
(1112, NULL, 191, NULL, NULL, NULL, 'OBAT-152', '2023-02-08', 'stok adjustment', 0, 2, 'Tube', '2024-09-30'),
(1113, NULL, 192, NULL, NULL, NULL, 'OBAT-243', '2023-02-08', 'stok adjustment', 0, 2, 'Strip', '2027-09-30'),
(1114, NULL, 193, NULL, NULL, NULL, 'ALKES', '2023-02-08', 'stok adjustment', 0, 1, 'Botol', '2026-07-01'),
(1115, NULL, 194, NULL, NULL, NULL, 'OBAT-197', '2023-02-08', 'stok adjustment', 0, 5, 'Strip', '2026-05-31'),
(1116, NULL, 195, NULL, NULL, NULL, 'OBAT-72', '2023-02-09', 'stok adjustment', 0, 1, 'Strip', '2024-01-01'),
(1117, NULL, 196, NULL, NULL, NULL, 'OBAT-196', '2023-02-09', 'stok adjustment', 0, 1, 'Strip', '2024-08-31'),
(1118, NULL, 197, NULL, NULL, NULL, 'ALKES-58', '2023-02-09', 'stok adjustment', 0, 1, 'PCS', '2030-12-31'),
(1119, NULL, 198, NULL, NULL, NULL, 'OBAT-68', '2023-02-09', 'stok adjustment', 0, 1, 'Botol', '2024-08-31'),
(1120, NULL, 199, NULL, NULL, NULL, 'OBAT-103', '2023-02-09', 'stok adjustment', 0, 1, 'Botol', '2024-07-31'),
(1121, NULL, 200, NULL, NULL, NULL, 'OBAT-58', '2023-02-09', 'stok adjustment', 0, 3, 'PCS', '2025-01-01'),
(1122, NULL, 201, NULL, NULL, NULL, 'ALKES-36', '2023-02-09', 'stok adjustment', 0, 10, 'PCS', '2026-12-01'),
(1123, NULL, NULL, 48, NULL, NULL, 'KOS-226', '2023-02-10', 'stok opname', 20, 0, 'Botol', '2025-01-31'),
(1124, NULL, 202, NULL, NULL, NULL, 'OBAT-152', '2023-02-11', 'stok adjustment', 0, 2, 'Tube', '2024-09-30'),
(1125, NULL, 203, NULL, NULL, NULL, 'OBAT-170', '2023-02-11', 'stok adjustment', 0, 2, 'Strip', '2024-08-31'),
(1126, NULL, 204, NULL, NULL, NULL, 'OBAT-369', '2023-02-11', 'stok adjustment', 0, 2, 'Strip', '2025-06-30'),
(1127, 'PE1302230024', NULL, NULL, NULL, NULL, 'ALKES-67', '2023-02-06', 'pembelian ke supplier', 3, 0, 'PCS', '2030-12-31'),
(1128, 'PE1302230024', NULL, NULL, NULL, NULL, 'ALKES-68', '2023-02-06', 'pembelian ke supplier', 1, 0, 'Botol', '2030-12-31'),
(1129, 'PE1302230024', NULL, NULL, NULL, NULL, 'ALKES-69', '2023-02-06', 'pembelian ke supplier', 1, 0, 'Botol', '2030-12-31'),
(1130, 'PE1302230024', NULL, NULL, NULL, NULL, 'ALKES-70', '2023-02-06', 'pembelian ke supplier', 1, 0, 'Botol', '2030-12-31'),
(1131, 'PE1302230024', NULL, NULL, NULL, NULL, 'ALKES-71', '2023-02-06', 'pembelian ke supplier', 1, 0, 'PCS', '2030-12-31'),
(1132, NULL, NULL, NULL, NULL, '130223000004', 'OBAT-126', '2023-02-13', 'penjualan', 0, 1, 'Strip', '2024-07-31'),
(1133, NULL, NULL, NULL, NULL, '130223000004', 'OBAT-213', '2023-02-13', 'penjualan', 0, 1, 'Botol', '2024-10-31'),
(1134, NULL, NULL, NULL, NULL, '130223000004', 'KOS-210', '2023-02-13', 'penjualan', 0, 1, 'PCS', '2025-02-01'),
(1135, NULL, NULL, NULL, NULL, '130223000004', 'OBAT-65', '2023-02-13', 'penjualan', 0, 1, 'Botol', '2024-06-30'),
(1136, 'PE1302230025', NULL, NULL, NULL, NULL, 'ALKES-72', '2023-02-13', 'pembelian ke supplier', 2, 0, 'PCS', '2024-07-31'),
(1137, NULL, NULL, NULL, NULL, '130223000005', 'ALKES-72', '2023-02-13', 'penjualan', 0, 1, 'PCS', '2024-07-31'),
(1138, 'PE1402230026', NULL, NULL, NULL, NULL, 'OBAT-435', '2023-02-13', 'pembelian ke supplier', 1, 0, 'Tube', '2024-06-30'),
(1139, 'PE1402230026', NULL, NULL, NULL, NULL, 'OBAT-436', '2023-02-13', 'pembelian ke supplier', 1, 0, 'Tube', '2024-07-31'),
(1140, 'PE1402230026', NULL, NULL, NULL, NULL, 'OBAT-437', '2023-02-13', 'pembelian ke supplier', 2, 0, 'Strip', '2025-10-31'),
(1141, NULL, NULL, 53, NULL, NULL, 'OBAT-13', '2023-02-13', 'stok opname', 2, 0, 'PCS', '2024-09-30'),
(1142, NULL, NULL, 52, NULL, NULL, 'OBAT-121', '2023-02-13', 'stok opname', 6, 0, 'Strip', '2024-03-31'),
(1143, NULL, NULL, 51, NULL, NULL, 'OBAT-242', '2023-02-13', 'stok opname', 10, 0, 'Tube', '2024-09-30'),
(1144, NULL, NULL, 50, NULL, NULL, 'OBAT-243', '2023-02-13', 'stok opname', 10, 0, 'Strip', '2024-04-30'),
(1145, NULL, NULL, 49, NULL, NULL, 'OBAT-103', '2023-02-13', 'stok opname', 2, 0, 'Botol', '2024-07-31'),
(1146, NULL, NULL, NULL, NULL, '140223000006', 'ALKES-41', '2023-02-14', 'penjualan', 0, 4, 'PCS', '2025-08-01'),
(1147, NULL, NULL, NULL, NULL, '140223000009', 'OBAT-350', '2023-02-14', 'penjualan', 0, 1, 'Strip', '2026-10-31'),
(1148, NULL, NULL, NULL, NULL, '150223000010', 'OBAT-413', '2023-02-15', 'penjualan', 0, 1, 'Strip', '2024-08-31'),
(1149, NULL, NULL, NULL, NULL, '150223000011', 'OBAT-75', '2023-02-15', 'penjualan', 0, 1, 'Strip', '2024-07-31'),
(1150, NULL, NULL, NULL, NULL, '150223000011', 'OBAT-195', '2023-02-15', 'penjualan', 0, 2, 'Strip', '2024-04-30'),
(1151, NULL, NULL, NULL, NULL, '150223000011', 'OBAT-07', '2023-02-15', 'penjualan', 0, 1, 'Strip', '2023-07-01'),
(1152, NULL, NULL, NULL, NULL, '150223000011', 'OBAT-122', '2023-02-15', 'penjualan', 0, 10, 'Strip', '2026-06-30'),
(1153, NULL, NULL, NULL, NULL, '150223000012', 'OBAT-234', '2023-02-15', 'penjualan', 0, 1, 'Strip', '2026-10-31'),
(1154, 'PE1602230027', NULL, NULL, NULL, NULL, 'OBAT-438', '2023-02-06', 'pembelian ke supplier', 3, 0, 'Tube', '2025-02-23'),
(1155, NULL, NULL, NULL, NULL, '160223000013', 'OBAT-438', '2023-02-16', 'penjualan', 0, 1, 'Tube', '2025-02-23'),
(1156, NULL, NULL, NULL, NULL, '160223000013', 'OBAT-179', '2023-02-16', 'penjualan', 0, 1, 'Strip', '2024-08-31'),
(1157, NULL, NULL, NULL, NULL, '160223000014', 'ALKES-72', '2023-02-16', 'penjualan', 0, 1, 'PCS', '2024-07-31'),
(1158, NULL, NULL, NULL, NULL, '160223000014', 'KOS-226', '2023-02-16', 'penjualan', 0, 1, 'Botol', '2025-01-01'),
(1159, NULL, NULL, NULL, NULL, '170223000015', 'ALKES-57', '2023-02-17', 'penjualan', 0, 4, 'PCS', '2025-06-30'),
(1160, NULL, NULL, NULL, NULL, '170223000016', 'OBAT-170', '2023-02-17', 'penjualan', 0, 3, 'Strip', '2024-08-31'),
(1161, NULL, NULL, NULL, NULL, '170223000016', 'OBAT-166', '2023-02-17', 'penjualan', 0, 1, 'Strip', '2024-08-31'),
(1162, NULL, NULL, NULL, NULL, '170223000017', 'OBAT-152', '2023-02-17', 'penjualan', 0, 1, 'Tube', '2024-09-30'),
(1163, NULL, NULL, NULL, NULL, '170223000018', 'OBAT-384', '2023-02-17', 'penjualan', 0, 1, 'Botol', '2024-06-30'),
(1164, NULL, NULL, NULL, NULL, '170223000019', 'OBAT-411', '2023-02-17', 'penjualan', 0, 1, 'Botol', '2026-08-31'),
(1165, NULL, NULL, NULL, NULL, '170223000019', 'OBAT-122', '2023-02-17', 'penjualan', 0, 2, 'Strip', '2026-06-30'),
(1166, NULL, NULL, NULL, NULL, '170223000019', 'OBAT-434', '2023-02-17', 'penjualan', 0, 2, 'Strip', '2025-03-31'),
(1167, NULL, NULL, NULL, NULL, '170223000019', 'OBAT-78', '2023-02-17', 'penjualan', 0, 1, 'Botol', '2024-07-01'),
(1168, NULL, NULL, NULL, NULL, '170223000020', 'OBAT-195', '2023-02-17', 'penjualan', 0, 1, 'Strip', '2024-04-30'),
(1169, NULL, NULL, NULL, NULL, '170223000021', 'OBAT-422', '2023-02-17', 'penjualan', 0, 1, 'Strip', '2026-11-30'),
(1170, NULL, NULL, NULL, NULL, '170223000022', 'KOS-16', '2023-02-17', 'penjualan', 0, 1, 'PCS', '2027-09-22'),
(1171, NULL, NULL, NULL, NULL, '170223000022', 'OBAT-239', '2023-02-17', 'penjualan', 0, 1, 'Strip', '2024-06-30'),
(1172, NULL, NULL, NULL, NULL, '200223000023', 'ALKES-50', '2023-02-20', 'penjualan', 0, 1, 'PCS', '2026-12-31'),
(1173, NULL, NULL, NULL, NULL, '200223000023', 'ALKES-49', '2023-02-20', 'penjualan', 0, 2, 'PCS', '2026-10-31'),
(1174, NULL, NULL, NULL, NULL, '200223000024', 'ALKES-49', '2023-02-20', 'penjualan', 0, 5, 'PCS', '2026-10-31'),
(1175, NULL, NULL, NULL, NULL, '200223000025', 'OBAT-63', '2023-02-20', 'penjualan', 0, 1, 'Botol', '2027-02-01'),
(1176, NULL, NULL, NULL, NULL, '210223000026', 'KOS-225', '2023-02-21', 'penjualan', 0, 1, 'PCS', '2025-01-01'),
(1177, NULL, NULL, NULL, NULL, '210223000026', 'OBAT-161', '2023-02-21', 'penjualan', 0, 1, 'Botol', '2027-05-31'),
(1178, NULL, NULL, NULL, NULL, '210223000026', 'OBAT-245', '2023-02-21', 'penjualan', 0, 1, 'Botol', '2026-06-30'),
(1179, NULL, NULL, NULL, NULL, '210223000027', 'OBAT-125', '2023-02-21', 'penjualan', 0, 1, 'Strip', '2026-07-31'),
(1180, NULL, NULL, NULL, NULL, '210223000028', 'OBAT-302', '2023-02-21', 'penjualan', 0, 1, 'PCS', '2025-08-31'),
(1181, NULL, NULL, NULL, NULL, '210223000028', 'OBAT-301', '2023-02-21', 'penjualan', 0, 1, 'PCS', '2025-08-31'),
(1182, NULL, NULL, NULL, NULL, '210223000028', 'OBAT-216', '2023-02-21', 'penjualan', 0, 1, 'Botol', '2026-01-31'),
(1183, NULL, NULL, NULL, NULL, '210223000029', 'OBAT-412', '2023-02-21', 'penjualan', 0, 1, 'Strip', '2026-10-31'),
(1184, NULL, NULL, NULL, NULL, '210223000030', 'OBAT-179', '2023-02-21', 'penjualan', 0, 1, 'Strip', '2024-08-31'),
(1185, NULL, NULL, NULL, NULL, '210223000030', 'ALKES-51', '2023-02-21', 'penjualan', 0, 17, 'PCS', '2026-10-31'),
(1186, NULL, NULL, NULL, NULL, '210223000031', 'OBAT-332', '2023-02-21', 'penjualan', 0, 1, 'Botol', '2024-06-30'),
(1187, NULL, NULL, NULL, NULL, '210223000031', 'OBAT-240', '2023-02-21', 'penjualan', 0, 1, 'Strip', '2025-06-30'),
(1188, NULL, NULL, NULL, NULL, '220223000032', 'ALKES-49', '2023-02-22', 'penjualan', 0, 1, 'PCS', '2026-10-31'),
(1189, 'PE2202230028', NULL, NULL, NULL, NULL, 'ALKES-73', '2023-02-21', 'pembelian ke supplier', 3, 0, 'Botol', '2024-09-30'),
(1190, 'PE2202230028', NULL, NULL, NULL, NULL, 'ALKES-74', '2023-02-21', 'pembelian ke supplier', 3, 0, 'Botol', '2025-07-31'),
(1191, 'PE2202230028', NULL, NULL, NULL, NULL, 'OBAT-439', '2023-02-21', 'pembelian ke supplier', 10, 0, 'Strip', '2024-09-30'),
(1192, 'PE2202230028', NULL, NULL, NULL, NULL, 'OBAT-440', '2023-02-21', 'pembelian ke supplier', 3, 0, 'Botol', '2024-12-31'),
(1193, NULL, NULL, 58, NULL, NULL, 'OBAT-411', '2023-02-21', 'stok opname', 3, 0, 'Botol', '2026-11-30'),
(1194, NULL, NULL, 57, NULL, NULL, 'OBAT-41', '2023-02-21', 'stok opname', 3, 0, 'Botol', '2026-11-30'),
(1195, NULL, NULL, 56, NULL, NULL, 'OBAT-10', '2023-02-21', 'stok opname', 6, 0, 'Strip', '2027-12-31'),
(1196, NULL, NULL, 55, NULL, NULL, 'OBAT-126', '2023-02-21', 'stok opname', 10, 0, 'Strip', '2024-11-30'),
(1197, NULL, NULL, 54, NULL, NULL, 'OBAT-152', '2023-02-21', 'stok opname', 10, 0, 'Tube', '2024-11-30'),
(1198, NULL, NULL, NULL, NULL, '220223000033', 'ALKES-61', '2023-02-22', 'penjualan', 0, 1, 'PCS', '2027-11-30'),
(1199, NULL, NULL, NULL, NULL, '220223000033', 'OBAT-78', '2023-02-22', 'penjualan', 0, 1, 'Botol', '2024-07-01'),
(1200, NULL, NULL, NULL, NULL, '220223000034', 'OBAT-194', '2023-02-22', 'penjualan', 0, 1, 'Strip', '2023-12-31'),
(1201, NULL, NULL, NULL, NULL, '230223000035', 'OBAT-238', '2023-02-23', 'penjualan', 0, 1, 'Botol', '2025-11-30'),
(1202, NULL, NULL, NULL, NULL, '230223000035', 'OBAT-206', '2023-02-23', 'penjualan', 0, 1, 'Botol', '2024-08-31'),
(1203, NULL, NULL, NULL, NULL, '230223000036', 'OBAT-51', '2023-02-23', 'penjualan', 0, 1, 'Strip', '2024-12-01'),
(1204, NULL, NULL, NULL, NULL, '230223000036', 'OBAT-240', '2023-02-23', 'penjualan', 0, 2, 'Strip', '2025-06-30'),
(1205, NULL, NULL, NULL, NULL, '230223000037', 'OBAT-189', '2023-02-23', 'penjualan', 0, 1, 'Strip', '2024-06-30'),
(1206, 'PE2302230029', NULL, NULL, NULL, NULL, 'OBAT-441', '2023-02-06', 'pembelian ke supplier', 10, 0, 'Strip', '2024-09-30'),
(1207, NULL, NULL, NULL, NULL, '230223000038', 'OBAT-161', '2023-02-23', 'penjualan', 0, 1, 'Botol', '2027-05-31'),
(1208, NULL, NULL, NULL, NULL, '230223000038', 'OBAT-302', '2023-02-23', 'penjualan', 0, 1, 'PCS', '2025-08-31'),
(1209, NULL, NULL, NULL, NULL, '230223000038', 'OBAT-331', '2023-02-23', 'penjualan', 0, 1, 'Botol', '2024-08-31'),
(1210, NULL, NULL, NULL, NULL, '230223000039', 'OBAT-114', '2023-02-23', 'penjualan', 0, 1, 'Botol', '2024-02-29'),
(1211, NULL, NULL, NULL, NULL, '230223000040', 'OBAT-302', '2023-02-23', 'penjualan', 0, 1, 'PCS', '2025-08-31'),
(1212, 'PE2402230030', NULL, NULL, NULL, NULL, 'OBAT-442', '2023-02-23', 'pembelian ke supplier', 1, 0, 'Botol', '2025-01-31'),
(1213, 'PE2402230030', NULL, NULL, NULL, NULL, 'OBAT-443', '2023-02-23', 'pembelian ke supplier', 30, 0, 'PCS', '2024-10-31'),
(1214, 'PE2402230030', NULL, NULL, NULL, NULL, 'ALKES-75', '2023-02-23', 'pembelian ke supplier', 1, 0, 'Box', '2027-05-31'),
(1215, NULL, NULL, NULL, NULL, '240223000041', 'ALKES-49', '2023-02-24', 'penjualan', 0, 2, 'PCS', '2026-10-31'),
(1216, NULL, NULL, NULL, NULL, '240223000042', 'ALKES-49', '2023-02-24', 'penjualan', 0, 2, 'PCS', '2026-10-31'),
(1217, NULL, NULL, NULL, NULL, '270223000043', 'ALKES-51', '2023-02-27', 'penjualan', 0, 3, 'PCS', '2026-10-31'),
(1218, 'PE2702230031', NULL, NULL, NULL, NULL, 'OBAT-444', '2023-02-24', 'pembelian ke supplier', 1, 0, 'Botol', '2025-07-31'),
(1219, 'PE2702230031', NULL, NULL, NULL, NULL, 'OBAT-445', '2023-02-24', 'pembelian ke supplier', 1, 0, 'Botol', '2025-10-31'),
(1220, 'PE2702230031', NULL, NULL, NULL, NULL, 'OBAT-446', '2023-02-24', 'pembelian ke supplier', 1, 0, 'Botol', '2025-08-31'),
(1221, NULL, NULL, 59, NULL, NULL, 'OBAT-418', '2023-02-24', 'stok opname', 1, 0, 'Botol', '2024-11-30'),
(1222, NULL, NULL, NULL, NULL, '270223000044', 'OBAT-329', '2023-02-27', 'penjualan', 0, 1, 'Botol', '2024-11-30'),
(1223, NULL, NULL, NULL, NULL, '270223000045', 'OBAT-88', '2023-02-27', 'penjualan', 0, 1, 'Strip', '2025-02-01'),
(1224, NULL, NULL, NULL, NULL, '270223000045', 'OBAT-194', '2023-02-27', 'penjualan', 0, 1, 'Strip', '2023-12-31'),
(1225, NULL, NULL, NULL, NULL, '270223000046', 'OBAT-189', '2023-02-27', 'penjualan', 0, 1, 'Strip', '2024-06-30'),
(1226, NULL, NULL, NULL, NULL, '270223000047', 'OBAT-107', '2023-02-27', 'penjualan', 0, 1, 'Botol', '2024-02-29'),
(1227, NULL, NULL, NULL, NULL, '270223000047', 'OBAT-110', '2023-02-27', 'penjualan', 0, 1, 'PCS', '2025-12-31'),
(1228, NULL, NULL, NULL, NULL, '270223000047', 'OBAT-152', '2023-02-27', 'penjualan', 0, 2, 'Tube', '2024-09-30'),
(1229, NULL, NULL, NULL, NULL, '270223000047', 'OBAT-369', '2023-02-27', 'penjualan', 0, 3, 'Strip', '2025-06-30'),
(1230, NULL, NULL, NULL, NULL, '270223000048', 'OBAT-296', '2023-02-27', 'penjualan', 0, 1, 'Botol', '2027-09-30'),
(1231, NULL, NULL, NULL, NULL, '270223000049', 'OBAT-196', '2023-02-27', 'penjualan', 0, 1, 'Strip', '2024-08-31'),
(1232, NULL, NULL, NULL, NULL, '270223000050', 'OBAT-41', '2023-02-27', 'penjualan', 0, 1, 'Botol', '2025-12-01'),
(1233, NULL, NULL, NULL, NULL, '270223000050', 'OBAT-07', '2023-02-27', 'penjualan', 0, 1, 'Strip', '2023-07-01'),
(1234, NULL, NULL, NULL, NULL, '270223000050', 'OBAT-155', '2023-02-27', 'penjualan', 0, 1, 'Strip', '2025-05-31'),
(1235, NULL, NULL, NULL, NULL, '280223000051', 'ALKES-60', '2023-02-28', 'penjualan', 0, 2, 'PCS', '2030-12-31'),
(1236, NULL, NULL, NULL, NULL, '280223000052', 'KOS-14', '2023-02-28', 'penjualan', 0, 1, 'PCS', '2027-08-10'),
(1237, NULL, NULL, NULL, NULL, '280223000053', 'OBAT-33', '2023-02-28', 'penjualan', 0, 1, 'Strip', '2024-12-01'),
(1238, NULL, NULL, NULL, NULL, '280223000053', 'OBAT-423', '2023-02-28', 'penjualan', 0, 1, 'Strip', '2024-12-31'),
(1239, NULL, NULL, NULL, NULL, '280223000053', 'OBAT-223', '2023-02-28', 'penjualan', 0, 1, 'PCS', '2024-05-31'),
(1240, NULL, NULL, NULL, NULL, '010323000054', 'OBAT-194', '2023-03-01', 'penjualan', 0, 1, 'Strip', '2023-12-31'),
(1241, NULL, NULL, NULL, NULL, '010323000055', 'OBAT-129', '2023-03-01', 'penjualan', 0, 1, 'Strip', '2025-05-31'),
(1242, NULL, NULL, NULL, NULL, '010323000055', 'OBAT-16', '2023-03-01', 'penjualan', 0, 1, 'Strip', '2025-06-01'),
(1243, NULL, NULL, NULL, NULL, '010323000055', 'OBAT-224', '2023-03-01', 'penjualan', 0, 1, 'Botol', '2024-11-30'),
(1244, NULL, NULL, NULL, NULL, '010323000056', 'OBAT-75', '2023-03-01', 'penjualan', 0, 1, 'Strip', '2024-07-31'),
(1245, NULL, NULL, NULL, NULL, '010323000056', 'OBAT-204', '2023-03-01', 'penjualan', 0, 1, 'Botol', '2024-04-30'),
(1246, NULL, NULL, NULL, NULL, '010323000056', 'OBAT-441', '2023-03-01', 'penjualan', 0, 1, 'Strip', '2024-09-30'),
(1247, NULL, NULL, NULL, NULL, '010323000057', 'OBAT-194', '2023-03-01', 'penjualan', 0, 1, 'Strip', '2023-12-31'),
(1248, NULL, NULL, NULL, NULL, '010323000058', 'KOS-31', '2023-03-01', 'penjualan', 0, 1, 'Botol', '2025-03-01'),
(1249, NULL, NULL, NULL, NULL, '010323000058', 'OBAT-413', '2023-03-01', 'penjualan', 0, 1, 'Strip', '2024-08-31'),
(1250, NULL, NULL, NULL, NULL, '010323000058', 'OBAT-208', '2023-03-01', 'penjualan', 0, 1, 'PCS', '2024-06-30'),
(1251, 'PE0103230032', NULL, NULL, NULL, NULL, 'KOS-244', '2023-03-01', 'pembelian ke supplier', 2, 0, 'PCS', '2026-01-19'),
(1252, 'PE0103230032', NULL, NULL, NULL, NULL, 'KOS-245', '2023-03-01', 'pembelian ke supplier', 3, 0, 'PCS', '2028-12-31'),
(1253, 'PE0103230032', NULL, NULL, NULL, NULL, 'KOS-246', '2023-03-01', 'pembelian ke supplier', 2, 0, 'PCS', '2028-12-31'),
(1254, NULL, NULL, 60, NULL, NULL, 'OBAT-120', '2023-01-31', 'stok opname', 10, 0, 'Tablet', '2024-08-31'),
(1255, NULL, NULL, NULL, NULL, '010323000059', 'OBAT-200', '2023-03-01', 'penjualan', 0, 1, 'Strip', '2026-04-30'),
(1256, NULL, NULL, NULL, NULL, '010323000059', 'OBAT-120', '2023-03-01', 'penjualan', 0, 1, 'Tablet', '2024-08-31'),
(1257, NULL, NULL, NULL, NULL, '010323000060', 'OBAT-241', '2023-03-01', 'penjualan', 0, 1, 'Strip', '2025-10-31'),
(1258, NULL, NULL, NULL, NULL, '010323000060', 'OBAT-11', '2023-03-01', 'penjualan', 0, 1, 'Strip', '2024-12-01'),
(1259, NULL, NULL, NULL, NULL, '010323000060', 'OBAT-423', '2023-03-01', 'penjualan', 0, 1, 'Strip', '2024-12-31'),
(1260, NULL, NULL, NULL, NULL, '020323000061', 'ALKES-53', '2023-03-02', 'penjualan', 0, 1, 'PCS', '2023-11-30'),
(1261, NULL, NULL, NULL, NULL, '020323000061', 'KOS-157', '2023-03-02', 'penjualan', 0, 1, 'PCS', '2025-01-01'),
(1262, NULL, NULL, NULL, NULL, '020323000061', 'OBAT-64', '2023-03-02', 'penjualan', 0, 1, 'Botol', '2026-11-01'),
(1263, NULL, NULL, NULL, NULL, '020323000061', 'KOS-62', '2023-03-02', 'penjualan', 0, 1, 'Botol', '2025-02-01'),
(1264, NULL, NULL, NULL, NULL, '020323000062', 'OBAT-240', '2023-03-02', 'penjualan', 0, 1, 'Strip', '2025-06-30'),
(1265, NULL, NULL, NULL, NULL, '030323000063', 'KOS-244', '2023-03-03', 'penjualan', 0, 2, 'PCS', '2026-01-19'),
(1266, NULL, NULL, NULL, NULL, '030323000064', 'OBAT-201', '2023-03-03', 'penjualan', 0, 2, 'Strip', '2026-03-31'),
(1267, NULL, NULL, NULL, NULL, '030323000064', 'OBAT-234', '2023-03-03', 'penjualan', 0, 2, 'Strip', '2026-10-31'),
(1268, NULL, NULL, NULL, NULL, '030323000065', 'OBAT-106', '2023-03-03', 'penjualan', 0, 2, 'PCS', '2024-06-30'),
(1269, NULL, NULL, NULL, NULL, '030323000065', 'ALKES-49', '2023-03-03', 'penjualan', 0, 4, 'PCS', '2026-10-31'),
(1270, NULL, NULL, NULL, NULL, '030323000065', 'OBAT-194', '2023-03-03', 'penjualan', 0, 1, 'Strip', '2023-12-31'),
(1271, NULL, NULL, NULL, NULL, '030323000066', 'OBAT-194', '2023-03-03', 'penjualan', 0, 1, 'Strip', '2023-12-31'),
(1272, NULL, NULL, NULL, NULL, '030323000067', 'ALKES-64', '2023-03-03', 'penjualan', 0, 1, 'PCS', '2024-09-30'),
(1273, NULL, NULL, NULL, NULL, '030323000067', 'OBAT-391', '2023-03-03', 'penjualan', 0, 1, 'PCS', '2025-07-31'),
(1274, NULL, NULL, NULL, NULL, '030323000067', 'OBAT-296', '2023-03-03', 'penjualan', 0, 1, 'Botol', '2027-09-30'),
(1275, NULL, NULL, NULL, NULL, '060323000068', 'OBAT-379', '2023-03-06', 'penjualan', 0, 1, 'Botol', '2024-11-30'),
(1276, NULL, NULL, NULL, NULL, '060323000069', 'OBAT-135', '2023-03-06', 'penjualan', 0, 1, 'Strip', '2024-07-31'),
(1277, NULL, NULL, NULL, NULL, '060323000069', 'OBAT-183', '2023-03-06', 'penjualan', 0, 1, 'Botol', '2024-06-30'),
(1278, NULL, NULL, NULL, NULL, '060323000069', 'ALKES-66', '2023-03-06', 'penjualan', 0, 1, 'PCS', '2027-05-31'),
(1279, 'PE0603230033', NULL, NULL, NULL, NULL, 'OBAT-447', '2023-03-01', 'pembelian ke supplier', 10, 0, 'Strip', '2024-05-25'),
(1280, 'PE0603230033', NULL, NULL, NULL, NULL, 'OBAT-448', '2023-03-01', 'pembelian ke supplier', 1, 0, 'Botol', '2025-08-01'),
(1281, NULL, NULL, NULL, NULL, '060323000070', 'OBAT-48', '2023-03-06', 'penjualan', 0, 6, 'PCS', '2023-11-01'),
(1282, 'PE0603230034', NULL, NULL, NULL, NULL, 'OBAT-449', '2023-03-01', 'pembelian ke supplier', 1, 0, 'Botol', '2025-01-31'),
(1283, 'PE0603230034', NULL, NULL, NULL, NULL, 'OBAT-450', '2023-03-01', 'pembelian ke supplier', 1, 0, 'Botol', '2025-01-31'),
(1284, NULL, 205, NULL, NULL, NULL, 'OBAT-295', '2023-03-01', 'stok adjustment', 0, 1, 'Botol', '2025-06-30'),
(1285, NULL, NULL, 69, NULL, NULL, 'OBAT-369', '2023-03-01', 'stok opname', 10, 0, 'Strip', '2025-06-30'),
(1286, NULL, NULL, 68, NULL, NULL, 'OBAT-238', '2023-03-01', 'stok opname', 5, 0, 'Botol', '2025-12-31'),
(1287, NULL, NULL, 67, NULL, NULL, 'OBAT-206', '2023-03-01', 'stok opname', 1, 0, 'Botol', '2024-08-31'),
(1288, NULL, NULL, 66, NULL, NULL, 'OBAT-295', '2023-03-01', 'stok opname', 2, 0, 'Botol', '2025-06-30'),
(1289, NULL, NULL, 65, NULL, NULL, 'OBAT-114', '2023-03-01', 'stok opname', 1, 0, 'Botol', '2024-03-31'),
(1290, NULL, NULL, 64, NULL, NULL, 'OBAT-302', '2023-03-01', 'stok opname', 10, 0, 'PCS', '2025-09-30'),
(1291, NULL, NULL, 63, NULL, NULL, 'OBAT-107', '2023-03-01', 'stok opname', 1, 0, 'Botol', '2024-06-30'),
(1292, NULL, NULL, 62, NULL, NULL, 'OBAT-161', '2023-03-01', 'stok opname', 3, 0, 'Botol', '2027-12-31'),
(1293, NULL, NULL, 61, NULL, NULL, 'OBAT-63', '2023-02-01', 'stok opname', 2, 0, 'Botol', '2027-09-30'),
(1294, NULL, NULL, NULL, NULL, '060323000071', 'OBAT-179', '2023-03-06', 'penjualan', 0, 1, 'Strip', '2024-08-31'),
(1295, NULL, NULL, NULL, NULL, '060323000071', 'OBAT-53', '2023-03-06', 'penjualan', 0, 1, 'PCS', '2026-01-01'),
(1296, NULL, NULL, NULL, NULL, '060323000072', 'OBAT-32', '2023-03-06', 'penjualan', 0, 1, 'Botol', '2027-02-01'),
(1297, NULL, NULL, NULL, NULL, '060323000073', 'OBAT-416', '2023-03-06', 'penjualan', 0, 1, 'Botol', '2025-08-31'),
(1298, NULL, NULL, NULL, NULL, '060323000073', 'OBAT-302', '2023-03-06', 'penjualan', 0, 1, 'PCS', '2025-08-31'),
(1299, NULL, NULL, NULL, NULL, '060323000073', 'OBAT-240', '2023-03-06', 'penjualan', 0, 1, 'Strip', '2025-06-30'),
(1300, NULL, NULL, 70, NULL, NULL, 'KOS-16', '2023-03-01', 'stok opname', 1, 0, 'PCS', '2024-07-31'),
(1301, NULL, NULL, NULL, NULL, '060323000074', 'KOS-16', '2023-03-06', 'penjualan', 0, 1, 'PCS', '2024-07-31'),
(1302, NULL, NULL, NULL, NULL, '060323000074', 'OBAT-402', '2023-03-06', 'penjualan', 0, 1, 'Botol', '2024-09-30'),
(1303, NULL, NULL, NULL, NULL, '060323000075', 'OBAT-240', '2023-03-06', 'penjualan', 0, 3, 'Strip', '2025-06-30'),
(1304, NULL, NULL, NULL, NULL, '060323000076', 'OBAT-41', '2023-03-06', 'penjualan', 0, 1, 'Botol', '2025-12-01'),
(1305, NULL, NULL, NULL, NULL, '060323000077', 'OBAT-243', '2023-03-06', 'penjualan', 0, 1, 'Strip', '2024-04-30'),
(1306, NULL, NULL, NULL, NULL, '070323000078', 'OBAT-82', '2023-03-07', 'penjualan', 0, 1, 'Botol', '2023-11-01'),
(1307, NULL, NULL, NULL, NULL, '080323000079', 'OBAT-238', '2023-03-08', 'penjualan', 0, 1, 'Botol', '2025-11-30'),
(1308, NULL, NULL, NULL, NULL, '080323000080', 'OBAT-257', '2023-03-08', 'penjualan', 0, 1, 'PCS', '2025-10-31'),
(1309, NULL, NULL, NULL, NULL, '080323000080', 'OBAT-122', '2023-03-08', 'penjualan', 0, 3, 'Strip', '2026-06-30'),
(1310, NULL, NULL, NULL, NULL, '080323000080', 'OBAT-198', '2023-03-08', 'penjualan', 0, 1, 'Strip', '2024-04-30'),
(1311, NULL, NULL, NULL, NULL, '090323000081', 'OBAT-30', '2023-03-09', 'penjualan', 0, 1, 'Botol', '2027-01-01'),
(1312, NULL, NULL, NULL, NULL, '090323000082', 'OBAT-98', '2023-03-09', 'penjualan', 0, 1, 'Botol', '2024-10-01'),
(1313, NULL, NULL, NULL, NULL, '090323000083', 'OBAT-350', '2023-03-09', 'penjualan', 0, 1, 'Strip', '2026-10-31'),
(1314, NULL, NULL, NULL, NULL, '090323000083', 'OBAT-238', '2023-03-09', 'penjualan', 0, 1, 'Botol', '2025-11-30'),
(1315, NULL, NULL, NULL, NULL, '090323000084', 'OBAT-138', '2023-03-09', 'penjualan', 0, 2, 'Strip', '2026-05-31'),
(1316, NULL, NULL, NULL, NULL, '100323000085', 'OBAT-241', '2023-03-10', 'penjualan', 0, 1, 'Strip', '2025-10-31'),
(1317, NULL, NULL, NULL, NULL, '130323000086', 'OBAT-211', '2023-03-13', 'penjualan', 0, 1, 'PCS', '2024-05-31'),
(1318, NULL, NULL, NULL, NULL, '130323000086', 'KOS-19', '2023-03-13', 'penjualan', 0, 1, 'PCS', '2027-08-05'),
(1319, NULL, NULL, NULL, NULL, '130323000086', 'KOS-225', '2023-03-13', 'penjualan', 0, 1, 'PCS', '2025-01-01'),
(1320, NULL, NULL, NULL, NULL, '130323000086', 'OBAT-379', '2023-03-13', 'penjualan', 0, 1, 'Botol', '2024-11-30'),
(1321, NULL, NULL, NULL, NULL, '130323000087', 'OBAT-72', '2023-03-13', 'penjualan', 0, 1, 'Strip', '2024-01-01'),
(1322, NULL, NULL, NULL, NULL, '130323000088', 'OBAT-235', '2023-03-13', 'penjualan', 0, 2, 'Strip', '2026-11-30'),
(1323, NULL, NULL, NULL, NULL, '130323000088', 'OBAT-397', '2023-03-13', 'penjualan', 0, 1, 'Strip', '2025-10-31'),
(1324, NULL, NULL, NULL, NULL, '130323000089', 'OBAT-121', '2023-03-13', 'penjualan', 0, 2, 'Strip', '2024-03-31'),
(1325, NULL, NULL, NULL, NULL, '130323000090', 'OBAT-370', '2023-03-13', 'penjualan', 0, 1, 'Strip', '2025-05-31'),
(1326, NULL, NULL, NULL, NULL, '130323000090', 'OBAT-296', '2023-03-13', 'penjualan', 0, 1, 'Botol', '2027-09-30'),
(1327, NULL, NULL, NULL, NULL, '130323000091', 'OBAT-121', '2023-03-13', 'penjualan', 0, 2, 'Strip', '2024-03-31'),
(1328, NULL, NULL, NULL, NULL, '130323000092', 'OBAT-241', '2023-03-13', 'penjualan', 0, 1, 'Strip', '2025-10-31'),
(1329, NULL, NULL, NULL, NULL, '130323000093', 'ALKES-55', '2023-03-13', 'penjualan', 0, 1, 'PCS', '2024-07-31'),
(1330, NULL, NULL, NULL, NULL, '130323000093', 'OBAT-239', '2023-03-13', 'penjualan', 0, 2, 'Strip', '2024-06-30'),
(1331, NULL, NULL, NULL, NULL, '130323000093', 'OBAT-24', '2023-03-13', 'penjualan', 0, 1, 'PCS', '2025-10-01'),
(1332, NULL, NULL, NULL, NULL, '130323000093', 'ALKES-75', '2023-03-13', 'penjualan', 0, 1, 'Box', '2027-05-31'),
(1333, NULL, NULL, NULL, NULL, '140323000094', 'OBAT-41', '2023-03-14', 'penjualan', 0, 1, 'Botol', '2025-12-01'),
(1334, NULL, NULL, NULL, NULL, '140323000095', 'OBAT-240', '2023-03-14', 'penjualan', 0, 2, 'Strip', '2025-06-30'),
(1335, NULL, NULL, NULL, NULL, '140323000096', 'OBAT-234', '2023-03-14', 'penjualan', 0, 1, 'Strip', '2026-10-31'),
(1336, NULL, NULL, NULL, NULL, '140323000097', 'OBAT-138', '2023-03-14', 'penjualan', 0, 1, 'Strip', '2026-05-31'),
(1337, NULL, NULL, NULL, NULL, '140323000098', 'OBAT-384', '2023-03-14', 'penjualan', 0, 1, 'Botol', '2024-06-30'),
(1338, NULL, NULL, NULL, NULL, '140323000098', 'OBAT-331', '2023-03-14', 'penjualan', 0, 1, 'Botol', '2024-08-31');
INSERT INTO `kartu_stok` (`id`, `nomor_rec_penerimaan`, `id_stok_adjustment`, `id_stok_opname`, `id_stok_keluar`, `id_penjualan`, `kode_item`, `tanggal`, `jenis_transaksi`, `jumlah_masuk`, `jumlah_keluar`, `satuan_kecil`, `tgl_expired`) VALUES
(1339, NULL, NULL, NULL, NULL, '150323000099', 'OBAT-195', '2023-03-15', 'penjualan', 0, 1, 'Strip', '2024-04-30'),
(1340, NULL, NULL, NULL, NULL, '150323000100', 'OBAT-161', '2023-03-15', 'penjualan', 0, 1, 'Botol', '2027-05-31'),
(1341, NULL, NULL, NULL, NULL, '150323000100', 'OBAT-261', '2023-03-15', 'penjualan', 0, 1, 'Strip', '2024-11-30'),
(1342, NULL, NULL, NULL, NULL, '150323000100', 'OBAT-206', '2023-03-15', 'penjualan', 0, 1, 'Botol', '2024-08-31'),
(1343, NULL, NULL, NULL, NULL, '150323000101', 'ALKES-73', '2023-03-15', 'penjualan', 0, 1, 'Botol', '2024-09-30'),
(1344, NULL, NULL, 77, NULL, NULL, 'ALKES-55', '2023-03-15', 'stok opname', 1, 0, 'PCS', '2025-02-28'),
(1345, NULL, NULL, 76, NULL, NULL, 'ALKES-75', '2023-03-15', 'stok opname', 3, 0, 'Box', '2027-06-30'),
(1346, NULL, NULL, 75, NULL, NULL, 'OBAT-257', '2023-03-15', 'stok opname', 1, 0, 'PCS', '2025-11-30'),
(1347, NULL, NULL, 74, NULL, NULL, 'OBAT-391', '2023-03-15', 'stok opname', 1, 0, 'PCS', '2025-09-30'),
(1348, NULL, NULL, 73, NULL, NULL, 'OBAT-378', '2023-03-15', 'stok opname', 1, 0, 'Botol', '2025-01-31'),
(1349, NULL, NULL, 72, NULL, NULL, 'OBAT-379', '2023-03-15', 'stok opname', 3, 0, 'Botol', '2024-11-30'),
(1350, NULL, NULL, 71, NULL, NULL, 'OBAT-384', '2023-03-15', 'stok opname', 2, 0, 'Botol', '2024-06-30'),
(1351, NULL, NULL, NULL, NULL, '150323000102', 'OBAT-135', '2023-03-15', 'penjualan', 0, 1, 'Strip', '2024-07-31'),
(1352, NULL, NULL, NULL, NULL, '150323000102', 'OBAT-334', '2023-03-15', 'penjualan', 0, 1, 'Botol', '2024-06-30'),
(1353, NULL, NULL, NULL, NULL, '150323000103', 'OBAT-135', '2023-03-15', 'penjualan', 0, 1, 'Strip', '2024-07-31'),
(1354, NULL, NULL, NULL, NULL, '150323000103', 'OBAT-434', '2023-03-15', 'penjualan', 0, 1, 'Strip', '2025-03-31'),
(1355, NULL, NULL, NULL, NULL, '150323000103', 'OBAT-364', '2023-03-15', 'penjualan', 0, 2, 'Strip', '2024-10-31'),
(1356, NULL, NULL, NULL, NULL, '150323000104', 'ALKES-64', '2023-03-15', 'penjualan', 0, 1, 'PCS', '2024-09-30'),
(1357, NULL, NULL, NULL, NULL, '150323000104', 'ALKES-62', '2023-03-15', 'penjualan', 0, 1, 'PCS', '2024-08-31'),
(1358, NULL, NULL, NULL, NULL, '150323000104', 'ALKES-63', '2023-03-15', 'penjualan', 0, 1, 'PCS', '2024-04-30'),
(1359, 'PE1603230035', NULL, NULL, NULL, NULL, 'OBAT-451', '2023-03-17', 'pembelian ke supplier', 10, 0, 'Strip', '2024-11-30'),
(1360, NULL, NULL, 86, NULL, NULL, 'OBAT-122', '2023-03-16', 'stok opname', 10, 0, 'Strip', '2024-12-31'),
(1361, NULL, NULL, 85, NULL, NULL, 'OBAT-196', '2023-03-16', 'stok opname', 10, 0, 'Strip', '2024-08-31'),
(1362, NULL, NULL, 84, NULL, NULL, 'OBAT-296', '2023-03-16', 'stok opname', 3, 0, 'Botol', '2028-01-31'),
(1363, NULL, NULL, 83, NULL, NULL, 'OBAT-78', '2023-03-16', 'stok opname', 2, 0, 'Botol', '2025-08-31'),
(1364, NULL, NULL, 82, NULL, NULL, 'OBAT-41', '2023-03-16', 'stok opname', 3, 0, 'Botol', '2026-08-31'),
(1365, NULL, NULL, 81, NULL, NULL, 'OBAT-240', '2023-03-16', 'stok opname', 25, 0, 'Strip', '2025-12-31'),
(1366, NULL, NULL, 80, NULL, NULL, 'OBAT-40', '2023-03-16', 'stok opname', 1, 0, 'Botol', '2025-07-31'),
(1367, NULL, NULL, 79, NULL, NULL, 'OBAT-39', '2023-03-16', 'stok opname', 2, 0, 'Botol', '2025-09-30'),
(1368, NULL, NULL, 78, NULL, NULL, 'OBAT-416', '2023-03-16', 'stok opname', 1, 0, 'Botol', '2025-08-31'),
(1369, NULL, NULL, NULL, NULL, '160323000105', 'OBAT-59', '2023-03-16', 'penjualan', 0, 1, 'Botol', '2024-08-01'),
(1370, NULL, NULL, NULL, NULL, '170323000106', 'ALKES-57', '2023-03-17', 'penjualan', 0, 20, 'PCS', '2025-06-30'),
(1371, NULL, NULL, NULL, NULL, '170323000106', 'KOS-226', '2023-03-17', 'penjualan', 0, 2, 'Botol', '2025-01-01'),
(1372, NULL, NULL, NULL, NULL, '170323000106', 'OBAT-09', '2023-03-17', 'penjualan', 0, 1, 'Tube', '2024-02-01'),
(1373, NULL, NULL, NULL, NULL, '170323000106', 'OBAT-245', '2023-03-17', 'penjualan', 0, 1, 'Botol', '2026-06-30'),
(1374, NULL, NULL, NULL, NULL, '170323000106', 'OBAT-299', '2023-03-17', 'penjualan', 0, 2, 'PCS', '2025-08-31'),
(1375, NULL, NULL, NULL, NULL, '170323000106', 'OBAT-161', '2023-03-17', 'penjualan', 0, 4, 'Botol', '2027-05-31'),
(1376, NULL, NULL, NULL, NULL, '170323000106', 'OBAT-239', '2023-03-17', 'penjualan', 0, 4, 'Strip', '2024-06-30'),
(1377, NULL, NULL, NULL, NULL, '170323000106', 'OBAT-75', '2023-03-17', 'penjualan', 0, 4, 'Strip', '2024-07-31'),
(1378, NULL, NULL, NULL, NULL, '170323000106', 'OBAT-196', '2023-03-17', 'penjualan', 0, 4, 'Strip', '2024-08-31'),
(1379, NULL, NULL, NULL, NULL, '170323000106', 'OBAT-397', '2023-03-17', 'penjualan', 0, 4, 'Strip', '2025-10-31'),
(1380, NULL, NULL, NULL, NULL, '170323000107', 'ALKES-58', '2023-03-17', 'penjualan', 0, 1, 'PCS', '2030-12-31'),
(1381, NULL, NULL, NULL, NULL, '170323000108', 'OBAT-240', '2023-03-17', 'penjualan', 0, 3, 'Strip', '2025-06-30'),
(1382, NULL, NULL, NULL, NULL, '200323000109', 'OBAT-150', '2023-03-20', 'penjualan', 0, 1, 'Box', '2023-10-31'),
(1383, NULL, NULL, NULL, NULL, '200323000109', 'OBAT-170', '2023-03-20', 'penjualan', 0, 5, 'Strip', '2024-08-31'),
(1384, NULL, NULL, NULL, NULL, '200323000110', 'OBAT-239', '2023-03-20', 'penjualan', 0, 1, 'Strip', '2024-06-30'),
(1385, NULL, NULL, NULL, NULL, '200323000111', 'OBAT-279', '2023-03-20', 'penjualan', 0, 1, 'Botol', '2025-10-31'),
(1386, NULL, NULL, NULL, NULL, '210323000112', 'ALKES-36', '2023-03-21', 'penjualan', 0, 2, 'PCS', '2026-12-01'),
(1387, NULL, NULL, NULL, NULL, '210323000112', 'OBAT-301', '2023-03-21', 'penjualan', 0, 1, 'PCS', '2025-08-31'),
(1388, NULL, NULL, NULL, NULL, '210323000113', 'OBAT-397', '2023-03-21', 'penjualan', 0, 1, 'Strip', '2025-10-31'),
(1389, NULL, NULL, NULL, NULL, '270323000114', 'OBAT-137', '2023-03-27', 'penjualan', 0, 1, 'Strip', '2027-01-31'),
(1390, NULL, NULL, NULL, NULL, '270323000114', 'OBAT-160', '2023-03-27', 'penjualan', 0, 1, 'Strip', '2024-05-31'),
(1391, NULL, NULL, NULL, NULL, '270323000114', 'OBAT-441', '2023-03-27', 'penjualan', 0, 1, 'Strip', '2024-09-30'),
(1392, NULL, NULL, NULL, NULL, '270323000114', 'OBAT-96', '2023-03-27', 'penjualan', 0, 1, 'Botol', '2023-04-28'),
(1393, NULL, NULL, NULL, NULL, '270323000114', 'OBAT-106', '2023-03-27', 'penjualan', 0, 3, 'PCS', '2024-06-30'),
(1394, NULL, NULL, NULL, NULL, '270323000115', 'ALKES-57', '2023-03-27', 'penjualan', 0, 4, 'PCS', '2025-06-30'),
(1395, NULL, NULL, NULL, NULL, '270323000116', 'OBAT-197', '2023-03-27', 'penjualan', 0, 5, 'Strip', '2026-05-31'),
(1396, 'PE2703230036', NULL, NULL, NULL, NULL, 'OBAT-452', '2023-03-20', 'pembelian ke supplier', 3, 0, 'Strip', '2025-09-30'),
(1397, 'PE2703230036', NULL, NULL, NULL, NULL, 'OBAT-453', '2023-03-20', 'pembelian ke supplier', 2, 0, 'Strip', '2025-10-31'),
(1398, 'PE2703230036', NULL, NULL, NULL, NULL, 'OBAT-454', '2023-03-20', 'pembelian ke supplier', 3, 0, 'Strip', '2027-08-31'),
(1399, 'PE2703230036', NULL, NULL, NULL, NULL, 'OBAT-455', '2023-03-20', 'pembelian ke supplier', 3, 0, 'Strip', '2027-08-25'),
(1400, NULL, NULL, 87, NULL, NULL, 'OBAT-16', '2023-03-20', 'stok opname', 3, 0, 'Strip', '2026-04-30'),
(1401, NULL, NULL, NULL, NULL, '270323000117', 'OBAT-127', '2023-03-27', 'penjualan', 0, 4, 'Strip', '2024-08-31'),
(1402, NULL, NULL, NULL, NULL, '270323000118', 'OBAT-390', '2023-03-27', 'penjualan', 0, 1, 'Tube', '2024-11-30'),
(1403, NULL, NULL, NULL, NULL, '270323000119', 'OBAT-369', '2023-03-27', 'penjualan', 0, 3, 'Strip', '2025-06-30'),
(1404, NULL, NULL, NULL, NULL, '270323000119', 'OBAT-170', '2023-03-27', 'penjualan', 0, 3, 'Strip', '2024-08-31'),
(1405, NULL, NULL, NULL, NULL, '270323000119', 'OBAT-449', '2023-03-27', 'penjualan', 0, 1, 'Botol', '2025-01-31'),
(1406, NULL, NULL, NULL, NULL, '270323000120', 'OBAT-135', '2023-03-27', 'penjualan', 0, 1, 'Strip', '2024-07-31'),
(1407, NULL, NULL, NULL, NULL, '270323000121', 'KOS-246', '2023-03-27', 'penjualan', 0, 1, 'PCS', '2028-12-31'),
(1408, NULL, NULL, NULL, NULL, '280323000122', 'OBAT-13', '2023-03-28', 'penjualan', 0, 1, 'PCS', '2023-11-01'),
(1409, NULL, NULL, NULL, NULL, '280323000123', 'OBAT-179', '2023-03-28', 'penjualan', 0, 1, 'Strip', '2024-08-31'),
(1410, NULL, NULL, NULL, NULL, '280323000123', 'OBAT-131', '2023-03-28', 'penjualan', 0, 1, 'Strip', '2027-06-30'),
(1411, NULL, NULL, NULL, NULL, '280323000124', 'OBAT-221', '2023-03-28', 'penjualan', 0, 1, 'Botol', '2025-09-30'),
(1412, NULL, NULL, NULL, NULL, '280323000124', 'OBAT-278', '2023-03-28', 'penjualan', 0, 1, 'Botol', '2025-09-30'),
(1413, NULL, NULL, NULL, NULL, '280323000124', 'OBAT-442', '2023-03-28', 'penjualan', 0, 1, 'Botol', '2025-01-31'),
(1414, NULL, NULL, NULL, NULL, '280323000124', 'ALKES-73', '2023-03-28', 'penjualan', 0, 1, 'Botol', '2024-09-30'),
(1415, NULL, NULL, NULL, NULL, '280323000124', 'KOS-236', '2023-03-28', 'penjualan', 0, 1, 'PCS', '2027-10-31'),
(1416, NULL, NULL, NULL, NULL, '280323000124', 'OBAT-436', '2023-03-28', 'penjualan', 0, 1, 'Tube', '2024-07-31'),
(1417, NULL, NULL, NULL, NULL, '290323000125', 'KOS-232', '2023-03-29', 'penjualan', 0, 1, 'PCS', '2027-08-01'),
(1418, NULL, NULL, NULL, NULL, '290323000126', 'OBAT-235', '2023-03-29', 'penjualan', 0, 2, 'Strip', '2026-11-30'),
(1419, NULL, NULL, NULL, NULL, '290323000126', 'OBAT-201', '2023-03-29', 'penjualan', 0, 3, 'Strip', '2026-03-31'),
(1420, NULL, NULL, NULL, NULL, '290323000126', 'OBAT-135', '2023-03-29', 'penjualan', 0, 2, 'Strip', '2024-07-31'),
(1421, NULL, NULL, NULL, NULL, '290323000126', 'OBAT-397', '2023-03-29', 'penjualan', 0, 2, 'Strip', '2025-10-31'),
(1422, NULL, NULL, NULL, NULL, '290323000126', 'OBAT-120', '2023-03-29', 'penjualan', 0, 1, 'Tablet', '2024-08-31'),
(1423, NULL, NULL, NULL, NULL, '290323000126', 'OBAT-200', '2023-03-29', 'penjualan', 0, 2, 'Strip', '2026-04-30'),
(1424, NULL, NULL, NULL, NULL, '290323000126', 'OBAT-196', '2023-03-29', 'penjualan', 0, 1, 'Strip', '2024-08-31'),
(1425, NULL, NULL, NULL, NULL, '290323000127', 'OBAT-200', '2023-03-29', 'penjualan', 0, 1, 'Strip', '2026-04-30'),
(1426, NULL, NULL, NULL, NULL, '290323000127', 'OBAT-412', '2023-03-29', 'penjualan', 0, 1, 'Strip', '2026-10-31'),
(1427, NULL, NULL, NULL, NULL, '290323000128', 'OBAT-149', '2023-03-29', 'penjualan', 0, 1, 'Botol', '2025-04-30'),
(1428, NULL, NULL, NULL, NULL, '290323000129', 'OBAT-216', '2023-03-29', 'penjualan', 0, 1, 'Botol', '2026-01-31'),
(1429, NULL, NULL, NULL, NULL, '290323000129', 'OBAT-135', '2023-03-29', 'penjualan', 0, 1, 'Strip', '2024-07-31'),
(1430, NULL, NULL, NULL, NULL, '290323000129', 'OBAT-261', '2023-03-29', 'penjualan', 0, 5, 'Strip', '2024-11-30'),
(1431, NULL, NULL, NULL, NULL, '290323000129', 'OBAT-200', '2023-03-29', 'penjualan', 0, 1, 'Strip', '2026-04-30'),
(1432, NULL, NULL, NULL, NULL, '310323000130', 'KOS-245', '2023-03-31', 'penjualan', 0, 1, 'PCS', '2028-12-31'),
(1433, NULL, NULL, NULL, NULL, '030423000131', 'KOS-19', '2023-04-03', 'penjualan', 0, 1, 'PCS', '2027-08-05'),
(1434, NULL, NULL, NULL, NULL, '030423000131', 'OBAT-211', '2023-04-03', 'penjualan', 0, 2, 'PCS', '2024-05-31'),
(1435, NULL, NULL, NULL, NULL, '030423000131', 'OBAT-106', '2023-04-03', 'penjualan', 0, 1, 'PCS', '2024-06-30'),
(1436, NULL, NULL, NULL, NULL, '030423000131', 'OBAT-240', '2023-04-03', 'penjualan', 0, 2, 'Strip', '2025-06-30'),
(1437, NULL, NULL, NULL, NULL, '030423000132', 'OBAT-09', '2023-04-03', 'penjualan', 0, 1, 'Tube', '2024-02-01'),
(1438, NULL, NULL, NULL, NULL, '030423000132', 'KOS-226', '2023-04-03', 'penjualan', 0, 1, 'Botol', '2025-01-01'),
(1439, NULL, NULL, NULL, NULL, '030423000132', 'OBAT-155', '2023-04-03', 'penjualan', 0, 1, 'Strip', '2025-05-31'),
(1440, NULL, NULL, NULL, NULL, '030423000133', 'OBAT-09', '2023-04-03', 'penjualan', 0, 1, 'Tube', '2024-02-01'),
(1441, NULL, NULL, NULL, NULL, '030423000133', 'KOS-226', '2023-04-03', 'penjualan', 0, 1, 'Botol', '2025-01-01'),
(1442, NULL, NULL, NULL, NULL, '030423000133', 'OBAT-155', '2023-04-03', 'penjualan', 0, 1, 'Strip', '2025-05-31'),
(1443, NULL, NULL, NULL, NULL, '030423000134', 'OBAT-09', '2023-04-03', 'penjualan', 0, 1, 'Tube', '2024-02-01'),
(1444, NULL, NULL, NULL, NULL, '030423000134', 'KOS-226', '2023-04-03', 'penjualan', 0, 1, 'Botol', '2025-01-01'),
(1445, NULL, NULL, NULL, NULL, '030423000134', 'OBAT-155', '2023-04-03', 'penjualan', 0, 1, 'Strip', '2025-05-31'),
(1446, NULL, NULL, 90, NULL, NULL, 'OBAT-155', '2023-04-04', 'stok opname', 2, 0, 'Strip', '2027-08-31'),
(1447, NULL, NULL, 89, NULL, NULL, 'OBAT-09', '2023-04-04', 'stok opname', 1, 0, 'Tube', '2027-08-31'),
(1448, NULL, NULL, 88, NULL, NULL, 'KOS-226', '2023-04-04', 'stok opname', 2, 0, 'Botol', '2027-08-31'),
(1449, NULL, NULL, NULL, NULL, '030423000135', 'OBAT-138', '2023-04-03', 'penjualan', 0, 2, 'Strip', '2026-05-31'),
(1450, NULL, NULL, NULL, NULL, '030423000135', 'OBAT-196', '2023-04-03', 'penjualan', 0, 1, 'Strip', '2024-08-31'),
(1451, NULL, NULL, 91, NULL, NULL, 'OBAT-299', '2023-04-04', 'stok opname', 2, 0, 'PCS', '2025-12-31'),
(1452, NULL, NULL, NULL, NULL, '030423000136', 'OBAT-299', '2023-04-03', 'penjualan', 0, 1, 'PCS', '2025-08-31'),
(1453, NULL, NULL, NULL, NULL, '040423000137', 'OBAT-200', '2023-04-04', 'penjualan', 0, 2, 'Strip', '2026-04-30'),
(1454, NULL, NULL, NULL, NULL, '040423000137', 'OBAT-135', '2023-04-04', 'penjualan', 0, 3, 'Strip', '2024-07-31'),
(1455, 'PE0404230037', NULL, NULL, NULL, NULL, 'OBAT-456', '2023-04-04', 'pembelian ke supplier', 1, 0, 'Tube', '2025-03-31'),
(1456, 'PE0404230037', NULL, NULL, NULL, NULL, 'OBAT-457', '2023-04-04', 'pembelian ke supplier', 1, 0, 'Tube', '2025-10-31'),
(1457, 'PE0404230037', NULL, NULL, NULL, NULL, 'OBAT-458', '2023-04-04', 'pembelian ke supplier', 1, 0, 'Botol', '2024-06-30'),
(1458, 'PE0404230038', NULL, NULL, NULL, NULL, 'OBAT-459', '2023-04-04', 'pembelian ke supplier', 2, 0, 'Botol', '2025-11-30'),
(1459, 'PE0404230038', NULL, NULL, NULL, NULL, 'OBAT-460', '2023-04-04', 'pembelian ke supplier', 2, 0, 'Botol', '2025-11-30'),
(1460, 'PE0404230038', NULL, NULL, NULL, NULL, 'OBAT-461', '2023-04-04', 'pembelian ke supplier', 1, 0, 'Botol', '2025-09-30'),
(1461, 'PE0404230038', NULL, NULL, NULL, NULL, 'KOS-247', '2023-04-04', 'pembelian ke supplier', 1, 0, 'PCS', '2025-01-31'),
(1462, 'PE0404230038', NULL, NULL, NULL, NULL, 'KOS-248', '2023-04-04', 'pembelian ke supplier', 1, 0, 'PCS', '2025-01-31'),
(1463, 'PE0404230038', NULL, NULL, NULL, NULL, 'OBAT-462', '2023-04-04', 'pembelian ke supplier', 2, 0, 'Botol', '2026-01-31'),
(1464, NULL, NULL, 100, NULL, NULL, 'OBAT-206', '2023-04-04', 'stok opname', 1, 0, 'Botol', '2025-01-31'),
(1465, NULL, NULL, 99, NULL, NULL, 'OBAT-297', '2023-04-04', 'stok opname', 2, 0, 'PCS', '2025-12-31'),
(1466, NULL, NULL, 98, NULL, NULL, 'OBAT-161', '2023-04-04', 'stok opname', 6, 0, 'Botol', '2027-12-31'),
(1467, NULL, NULL, 97, NULL, NULL, 'OBAT-197', '2023-04-04', 'stok opname', 20, 0, 'Strip', '2026-08-31'),
(1468, NULL, NULL, 96, NULL, NULL, 'OBAT-369', '2023-04-04', 'stok opname', 20, 0, 'Strip', '2025-06-30'),
(1469, NULL, NULL, 94, NULL, NULL, 'OBAT-442', '2023-04-04', 'stok opname', 2, 0, 'Botol', '2025-06-30'),
(1470, NULL, NULL, 93, NULL, NULL, 'OBAT-449', '2023-04-04', 'stok opname', 2, 0, 'Botol', '2025-03-31'),
(1471, NULL, NULL, 92, NULL, NULL, 'OBAT-436', '2023-04-04', 'stok opname', 1, 0, 'Tube', '2024-07-31'),
(1472, NULL, NULL, NULL, NULL, '040423000138', 'OBAT-197', '2023-04-04', 'penjualan', 0, 1, 'Strip', '2026-05-31'),
(1473, 'PE0404230039', NULL, NULL, NULL, NULL, 'OBAT-463', '2023-04-04', 'pembelian ke supplier', 5, 0, 'Strip', '2026-01-31'),
(1474, 'PE0404230039', NULL, NULL, NULL, NULL, 'OBAT-464', '2023-04-04', 'pembelian ke supplier', 1, 0, 'Botol', '2024-08-31'),
(1475, NULL, NULL, 101, NULL, NULL, 'OBAT-292', '2023-04-04', 'stok opname', 1, 0, 'Botol', '2027-10-31'),
(1476, NULL, NULL, NULL, NULL, '040423000139', 'OBAT-21', '2023-04-04', 'penjualan', 0, 1, 'Strip', '2024-11-01'),
(1477, NULL, NULL, NULL, NULL, '040423000139', 'OBAT-256', '2023-04-04', 'penjualan', 0, 1, 'PCS', '2023-12-04'),
(1478, NULL, NULL, NULL, NULL, '040423000139', 'OBAT-412', '2023-04-04', 'penjualan', 0, 2, 'Strip', '2026-10-31'),
(1479, NULL, NULL, NULL, NULL, '040423000139', 'OBAT-232', '2023-04-04', 'penjualan', 0, 1, 'Strip', '2024-08-31'),
(1480, NULL, NULL, NULL, NULL, '040423000140', 'OBAT-250', '2023-04-04', 'penjualan', 0, 1, 'Botol', '2027-04-30'),
(1481, NULL, NULL, NULL, NULL, '040423000141', 'OBAT-443', '2023-04-04', 'penjualan', 0, 1, 'PCS', '2024-10-31'),
(1482, NULL, NULL, NULL, NULL, '050423000142', 'OBAT-122', '2023-04-05', 'penjualan', 0, 1, 'Strip', '2024-12-31'),
(1483, NULL, NULL, NULL, NULL, '050423000142', 'OBAT-261', '2023-04-05', 'penjualan', 0, 1, 'Strip', '2024-11-30'),
(1484, NULL, NULL, NULL, NULL, '050423000143', 'OBAT-52', '2023-04-05', 'penjualan', 0, 1, 'PCS', '2025-01-01'),
(1485, NULL, NULL, NULL, NULL, '050423000143', 'OBAT-214', '2023-04-05', 'penjualan', 0, 1, 'Botol', '2025-07-31'),
(1486, NULL, NULL, NULL, NULL, '050423000144', 'OBAT-412', '2023-04-05', 'penjualan', 0, 1, 'Strip', '2026-10-31'),
(1487, NULL, NULL, NULL, NULL, '050423000144', 'OBAT-106', '2023-04-05', 'penjualan', 0, 3, 'PCS', '2024-06-30'),
(1488, NULL, NULL, NULL, NULL, '050423000144', 'OBAT-211', '2023-04-05', 'penjualan', 0, 5, 'PCS', '2024-05-31'),
(1489, NULL, NULL, NULL, NULL, '050423000144', 'OBAT-155', '2023-04-05', 'penjualan', 0, 1, 'Strip', '2025-05-31'),
(1490, NULL, NULL, NULL, NULL, '050423000144', 'OBAT-52', '2023-04-05', 'penjualan', 0, 1, 'PCS', '2025-01-01'),
(1491, NULL, NULL, NULL, NULL, '060423000145', 'OBAT-122', '2023-04-06', 'penjualan', 0, 3, 'Strip', '2024-12-31'),
(1492, NULL, NULL, NULL, NULL, '060423000145', 'OBAT-07', '2023-04-06', 'penjualan', 0, 1, 'Strip', '2023-07-01'),
(1493, NULL, NULL, NULL, NULL, '060423000145', 'OBAT-443', '2023-04-06', 'penjualan', 0, 1, 'PCS', '2024-10-31'),
(1494, NULL, NULL, NULL, NULL, '100423000146', 'OBAT-98', '2023-04-10', 'penjualan', 0, 1, 'Botol', '2024-10-01'),
(1495, NULL, NULL, NULL, NULL, '100423000146', 'OBAT-152', '2023-04-10', 'penjualan', 0, 2, 'Tube', '2024-09-30'),
(1496, NULL, NULL, NULL, NULL, '100423000147', 'OBAT-103', '2023-04-10', 'penjualan', 0, 1, 'Botol', '2023-12-01'),
(1497, NULL, NULL, NULL, NULL, '100423000147', 'OBAT-240', '2023-04-10', 'penjualan', 0, 2, 'Strip', '2025-06-30'),
(1498, NULL, NULL, NULL, NULL, '100423000147', 'OBAT-128', '2023-04-10', 'penjualan', 0, 2, 'Strip', '2024-09-30'),
(1499, 'PE1004230040', NULL, NULL, NULL, NULL, 'OBAT-465', '2023-04-07', 'pembelian ke supplier', 1, 0, 'Botol', '2027-09-01'),
(1500, 'PE1004230040', NULL, NULL, NULL, NULL, 'OBAT-466', '2023-04-07', 'pembelian ke supplier', 1, 0, 'Botol', '2028-01-01'),
(1501, 'PE1004230040', NULL, NULL, NULL, NULL, 'OBAT-467', '2023-04-07', 'pembelian ke supplier', 10, 0, 'PCS', '2024-11-30'),
(1502, 'PE1004230040', NULL, NULL, NULL, NULL, 'OBAT-468', '2023-04-07', 'pembelian ke supplier', 10, 0, 'PCS', '2024-11-30'),
(1503, NULL, NULL, 106, NULL, NULL, 'OBAT-186', '2023-04-07', 'stok opname', 1, 0, 'Tube', '2025-09-06'),
(1504, NULL, NULL, 105, NULL, NULL, 'OBAT-397', '2023-04-07', 'stok opname', 20, 0, 'Strip', '2025-12-01'),
(1505, NULL, NULL, 104, NULL, NULL, 'OBAT-261', '2023-04-07', 'stok opname', 10, 0, 'Strip', '2027-12-01'),
(1506, NULL, NULL, 102, NULL, NULL, 'OBAT-170', '2023-04-07', 'stok opname', 20, 0, 'Strip', '2024-11-01'),
(1507, NULL, NULL, NULL, NULL, '100423000148', 'OBAT-75', '2023-04-10', 'penjualan', 0, 1, 'Strip', '2024-07-31'),
(1508, NULL, NULL, NULL, NULL, '100423000148', 'OBAT-204', '2023-04-10', 'penjualan', 0, 1, 'Botol', '2024-04-30'),
(1509, NULL, NULL, NULL, NULL, '100423000148', 'OBAT-106', '2023-04-10', 'penjualan', 0, 12, 'PCS', '2024-06-30'),
(1510, NULL, NULL, NULL, NULL, '100423000149', 'OBAT-135', '2023-04-10', 'penjualan', 0, 1, 'Strip', '2024-07-31'),
(1511, NULL, NULL, NULL, NULL, '100423000149', 'OBAT-83', '2023-04-10', 'penjualan', 0, 1, 'Botol', '2023-12-01'),
(1512, NULL, NULL, NULL, NULL, '110423000150', 'OBAT-214', '2023-04-11', 'penjualan', 0, 1, 'Botol', '2025-07-31'),
(1513, NULL, NULL, NULL, NULL, '110423000151', 'OBAT-152', '2023-04-11', 'penjualan', 0, 1, 'Tube', '2024-09-30'),
(1514, NULL, NULL, NULL, NULL, '110423000152', 'OBAT-134', '2023-04-11', 'penjualan', 0, 1, 'Strip', '2024-04-30'),
(1515, 'PE1104230041', NULL, NULL, NULL, NULL, 'OBAT-469', '2023-04-11', 'pembelian ke supplier', 10, 0, 'Strip', '2026-12-31'),
(1516, NULL, NULL, NULL, NULL, '110423000153', 'OBAT-469', '2023-04-11', 'penjualan', 0, 1, 'Strip', '2026-12-31'),
(1517, NULL, NULL, NULL, NULL, '110423000153', 'OBAT-155', '2023-04-11', 'penjualan', 0, 1, 'Strip', '2025-05-31'),
(1518, NULL, NULL, NULL, NULL, '120423000154', 'OBAT-162', '2023-04-12', 'penjualan', 0, 1, 'Botol', '2027-08-31'),
(1519, NULL, NULL, NULL, NULL, '120423000154', 'OBAT-121', '2023-04-12', 'penjualan', 0, 2, 'Strip', '2024-03-31'),
(1520, 'PE1204230042', NULL, NULL, NULL, NULL, 'OBAT-470', '2023-04-12', 'pembelian ke supplier', 1, 0, 'Botol', '2024-07-31'),
(1521, 'PE1204230042', NULL, NULL, NULL, NULL, 'OBAT-471', '2023-04-12', 'pembelian ke supplier', 1, 0, 'Botol', '2024-08-31'),
(1522, 'PE1204230042', NULL, NULL, NULL, NULL, 'OBAT-472', '2023-04-12', 'pembelian ke supplier', 25, 0, 'Strip', '2025-01-31'),
(1523, 'PE1204230042', NULL, NULL, NULL, NULL, 'OBAT-473', '2023-04-12', 'pembelian ke supplier', 25, 0, 'Strip', '2024-12-31'),
(1524, NULL, NULL, 109, NULL, NULL, 'OBAT-75', '2023-04-12', 'stok opname', 18, 0, 'Strip', '2025-02-28'),
(1525, NULL, NULL, 108, NULL, NULL, 'OBAT-398', '2023-04-12', 'stok opname', 3, 0, 'Tube', '2024-11-30'),
(1526, NULL, NULL, 107, NULL, NULL, 'OBAT-305', '2023-04-12', 'stok opname', 2, 0, 'Tube', '2024-06-30'),
(1527, NULL, NULL, NULL, NULL, '120423000155', 'ALKES-74', '2023-04-12', 'penjualan', 0, 1, 'Botol', '2025-07-31'),
(1528, NULL, NULL, NULL, NULL, '120423000156', 'OBAT-235', '2023-04-12', 'penjualan', 0, 2, 'Strip', '2026-11-30'),
(1529, NULL, NULL, NULL, NULL, '120423000156', 'OBAT-135', '2023-04-12', 'penjualan', 0, 3, 'Strip', '2024-07-31'),
(1530, NULL, NULL, NULL, NULL, '120423000156', 'OBAT-120', '2023-04-12', 'penjualan', 0, 1, 'Tablet', '2024-08-31'),
(1531, NULL, NULL, NULL, NULL, '120423000156', 'OBAT-201', '2023-04-12', 'penjualan', 0, 3, 'Strip', '2026-03-31'),
(1532, NULL, NULL, NULL, NULL, '120423000156', 'OBAT-200', '2023-04-12', 'penjualan', 0, 1, 'Strip', '2026-04-30'),
(1533, NULL, NULL, NULL, NULL, '120423000157', 'OBAT-370', '2023-04-12', 'penjualan', 0, 5, 'Strip', '2025-05-31'),
(1534, NULL, NULL, NULL, NULL, '130423000158', 'OBAT-109', '2023-04-13', 'penjualan', 0, 1, 'PCS', '2026-12-31'),
(1535, NULL, NULL, NULL, NULL, '130423000158', 'KOS-215', '2023-04-13', 'penjualan', 0, 1, 'Botol', '2027-01-08'),
(1536, NULL, NULL, NULL, NULL, '130423000159', 'OBAT-397', '2023-04-13', 'penjualan', 0, 1, 'Strip', '2025-10-31'),
(1537, NULL, NULL, NULL, NULL, '130423000159', 'OBAT-196', '2023-04-13', 'penjualan', 0, 1, 'Strip', '2024-08-31'),
(1538, NULL, NULL, NULL, NULL, '130423000159', 'OBAT-154', '2023-04-13', 'penjualan', 0, 1, 'Strip', '2027-07-31'),
(1539, NULL, NULL, NULL, NULL, '140423000160', 'ALKES-57', '2023-04-14', 'penjualan', 0, 4, 'PCS', '2025-06-30'),
(1540, NULL, NULL, NULL, NULL, '140423000161', 'OBAT-467', '2023-04-14', 'penjualan', 0, 1, 'PCS', '2024-11-30'),
(1541, NULL, NULL, NULL, NULL, '140423000161', 'KOS-55', '2023-04-14', 'penjualan', 0, 1, 'PCS', '2025-08-01'),
(1542, NULL, NULL, NULL, NULL, '140423000161', 'OBAT-64', '2023-04-14', 'penjualan', 0, 1, 'Botol', '2026-11-01'),
(1543, NULL, NULL, NULL, NULL, '170423000162', 'ALKES-58', '2023-04-17', 'penjualan', 0, 1, 'PCS', '2030-12-31'),
(1544, NULL, NULL, NULL, NULL, '170423000163', 'OBAT-412', '2023-04-17', 'penjualan', 0, 1, 'Strip', '2026-10-31'),
(1545, NULL, NULL, NULL, NULL, '180423000164', 'ALKES-49', '2023-04-18', 'penjualan', 0, 1, 'PCS', '2026-10-31'),
(1546, NULL, NULL, NULL, NULL, '180423000164', 'OBAT-170', '2023-04-18', 'penjualan', 0, 3, 'Strip', '2024-08-31'),
(1547, NULL, NULL, NULL, NULL, '180423000164', 'OBAT-144', '2023-04-18', 'penjualan', 0, 1, 'Botol', '2024-02-29'),
(1548, NULL, NULL, 112, NULL, NULL, 'OBAT-364', '2023-04-17', 'stok opname', 2, 0, 'Strip', '2024-11-30'),
(1549, NULL, NULL, 111, NULL, NULL, 'OBAT-235', '2023-04-17', 'stok opname', 10, 0, 'Strip', '2026-12-31'),
(1550, NULL, NULL, 110, NULL, NULL, 'OBAT-135', '2023-04-17', 'stok opname', 20, 0, 'Strip', '2025-01-31'),
(1551, NULL, NULL, NULL, NULL, '180423000165', 'OBAT-125', '2023-04-18', 'penjualan', 0, 1, 'Strip', '2026-07-31'),
(1552, NULL, NULL, NULL, NULL, '180423000165', 'OBAT-347', '2023-04-18', 'penjualan', 0, 1, 'Strip', '2026-09-30'),
(1553, NULL, NULL, NULL, NULL, '180423000165', 'OBAT-469', '2023-04-18', 'penjualan', 0, 1, 'Strip', '2026-12-31'),
(1554, NULL, NULL, NULL, NULL, '180423000165', 'OBAT-397', '2023-04-18', 'penjualan', 0, 1, 'Strip', '2025-10-31'),
(1555, NULL, NULL, NULL, NULL, '180423000165', 'OBAT-296', '2023-04-18', 'penjualan', 0, 1, 'Botol', '2027-09-30'),
(1556, NULL, NULL, NULL, NULL, '180423000165', 'OBAT-286', '2023-04-18', 'penjualan', 0, 1, 'Botol', '2027-01-31'),
(1557, NULL, NULL, NULL, NULL, '180423000165', 'OBAT-106', '2023-04-18', 'penjualan', 0, 6, 'PCS', '2024-06-30'),
(1558, NULL, NULL, NULL, NULL, '180423000166', 'OBAT-190', '2023-04-18', 'penjualan', 0, 1, 'Tube', '2025-05-31'),
(1559, NULL, NULL, NULL, NULL, '180423000167', 'KOS-213', '2023-04-18', 'penjualan', 0, 1, 'Botol', '2025-08-01'),
(1560, NULL, NULL, NULL, NULL, '180423000167', 'OBAT-196', '2023-04-18', 'penjualan', 0, 1, 'Strip', '2024-08-31'),
(1561, NULL, NULL, NULL, NULL, '180423000167', 'OBAT-155', '2023-04-18', 'penjualan', 0, 1, 'Strip', '2025-05-31'),
(1562, NULL, NULL, NULL, NULL, '270423000168', 'OBAT-106', '2023-04-27', 'penjualan', 0, 3, 'PCS', '2024-06-30'),
(1563, NULL, NULL, NULL, NULL, '270423000169', 'OBAT-201', '2023-04-27', 'penjualan', 0, 3, 'Strip', '2026-03-31'),
(1564, NULL, NULL, NULL, NULL, '270423000169', 'OBAT-235', '2023-04-27', 'penjualan', 0, 3, 'Strip', '2026-11-30'),
(1565, NULL, NULL, NULL, NULL, '270423000170', 'OBAT-121', '2023-04-27', 'penjualan', 0, 1, 'Strip', '2024-03-31'),
(1566, NULL, NULL, NULL, NULL, '270423000170', 'OBAT-170', '2023-04-27', 'penjualan', 0, 1, 'Strip', '2024-08-31'),
(1567, NULL, NULL, NULL, NULL, '270423000171', 'OBAT-103', '2023-04-27', 'penjualan', 0, 1, 'Botol', '2023-12-01'),
(1568, NULL, NULL, NULL, NULL, '270423000171', 'OBAT-240', '2023-04-27', 'penjualan', 0, 1, 'Strip', '2025-06-30'),
(1569, NULL, NULL, NULL, NULL, '270423000172', 'OBAT-126', '2023-04-27', 'penjualan', 0, 4, 'Strip', '2024-07-31'),
(1570, NULL, NULL, NULL, NULL, '270423000173', 'OBAT-214', '2023-04-27', 'penjualan', 0, 1, 'Botol', '2025-07-31'),
(1571, NULL, NULL, NULL, NULL, '270423000174', 'OBAT-122', '2023-04-27', 'penjualan', 0, 3, 'Strip', '2024-12-31'),
(1572, NULL, NULL, NULL, NULL, '270423000174', 'OBAT-77', '2023-04-27', 'penjualan', 0, 1, 'Botol', '2024-04-01'),
(1573, NULL, NULL, NULL, NULL, '270423000174', 'OBAT-105', '2023-04-27', 'penjualan', 0, 1, 'Tube', '2023-11-01'),
(1574, NULL, NULL, NULL, NULL, '270423000174', 'OBAT-434', '2023-04-27', 'penjualan', 0, 2, 'Strip', '2025-03-31'),
(1575, NULL, NULL, NULL, NULL, '270423000175', 'OBAT-179', '2023-04-27', 'penjualan', 0, 1, 'Strip', '2024-08-31'),
(1576, NULL, NULL, NULL, NULL, '280423000176', 'OBAT-411', '2023-04-28', 'penjualan', 0, 1, 'Botol', '2026-08-31'),
(1577, NULL, NULL, NULL, NULL, '280423000177', 'OBAT-161', '2023-04-28', 'penjualan', 0, 1, 'Botol', '2027-05-31'),
(1578, NULL, NULL, NULL, NULL, '280423000177', 'OBAT-20', '2023-04-28', 'penjualan', 0, 1, 'Tube', '2024-07-01'),
(1579, NULL, NULL, NULL, NULL, '020523000178', 'OBAT-351', '2023-05-02', 'penjualan', 0, 1, 'Botol', '2025-07-31'),
(1580, NULL, NULL, NULL, NULL, '020523000178', 'OBAT-68', '2023-05-02', 'penjualan', 0, 1, 'Botol', '2023-12-01'),
(1581, NULL, NULL, NULL, NULL, '020523000179', 'OBAT-125', '2023-05-02', 'penjualan', 0, 1, 'Strip', '2026-07-31'),
(1582, NULL, NULL, NULL, NULL, '020523000179', 'OBAT-181', '2023-05-02', 'penjualan', 0, 1, 'Strip', '2026-09-30'),
(1583, NULL, 206, NULL, NULL, NULL, 'OBAT-152', '2023-04-28', 'stok adjustment', 0, 1, 'Tube', '2024-11-30'),
(1584, NULL, 207, NULL, NULL, NULL, 'OBAT-240', '2023-04-28', 'stok adjustment', 0, 2, 'Strip', '2025-12-31'),
(1585, NULL, 208, NULL, NULL, NULL, 'OBAT-106', '2023-04-28', 'stok adjustment', 0, 2, 'PCS', '2024-06-30'),
(1586, NULL, NULL, NULL, NULL, '020523000180', 'OBAT-234', '2023-05-02', 'penjualan', 0, 1, 'Strip', '2026-10-31'),
(1587, NULL, NULL, NULL, NULL, '020523000180', 'OBAT-235', '2023-05-02', 'penjualan', 0, 2, 'Strip', '2026-11-30'),
(1588, NULL, NULL, NULL, NULL, '020523000180', 'OBAT-397', '2023-05-02', 'penjualan', 0, 1, 'Strip', '2025-10-31'),
(1589, NULL, NULL, NULL, NULL, '020523000180', 'OBAT-200', '2023-05-02', 'penjualan', 0, 1, 'Strip', '2026-04-30'),
(1590, NULL, NULL, NULL, NULL, '020523000180', 'OBAT-201', '2023-05-02', 'penjualan', 0, 2, 'Strip', '2026-03-31'),
(1591, NULL, NULL, NULL, NULL, '020523000181', 'OBAT-121', '2023-05-02', 'penjualan', 0, 2, 'Strip', '2024-03-31'),
(1592, NULL, NULL, NULL, NULL, '020523000182', 'OBAT-107', '2023-05-02', 'penjualan', 0, 1, 'Botol', '2024-02-29'),
(1593, NULL, NULL, NULL, NULL, '030523000183', 'KOS-166', '2023-05-03', 'penjualan', 0, 1, 'PCS', '2025-03-01'),
(1594, NULL, NULL, NULL, NULL, '030523000183', 'KOS-149', '2023-05-03', 'penjualan', 0, 1, 'PCS', '2025-06-01'),
(1595, NULL, NULL, NULL, NULL, '030523000184', 'KOS-121', '2023-05-03', 'penjualan', 0, 1, 'Botol', '2023-08-01'),
(1596, NULL, NULL, NULL, NULL, '030523000184', 'KOS-194', '2023-05-03', 'penjualan', 0, 1, 'PCS', '2023-09-07'),
(1597, NULL, NULL, NULL, NULL, '030523000184', 'OBAT-308', '2023-05-03', 'penjualan', 0, 1, 'Botol', '2025-10-31'),
(1598, NULL, NULL, NULL, NULL, '030523000184', 'KOS-213', '2023-05-03', 'penjualan', 0, 1, 'Botol', '2025-08-01'),
(1599, NULL, NULL, NULL, NULL, '030523000184', 'OBAT-14', '2023-05-03', 'penjualan', 0, 1, 'PCS', '2023-11-01'),
(1600, NULL, NULL, NULL, NULL, '040523000185', 'KOS-231', '2023-05-04', 'penjualan', 0, 1, 'Tube', '2024-04-01'),
(1601, NULL, 209, NULL, NULL, NULL, 'KOS-224', '2023-05-03', 'stok adjustment', 0, 1, 'PCS', '2023-05-01'),
(1602, NULL, 210, NULL, NULL, NULL, 'OBAT-95', '2023-05-03', 'stok adjustment', 0, 3, 'Botol', '2023-05-30'),
(1603, NULL, 211, NULL, NULL, NULL, 'OBAT-96', '2023-05-03', 'stok adjustment', 0, 1, 'Botol', '2023-04-28'),
(1604, NULL, 212, NULL, NULL, NULL, 'OBAT-97', '2023-05-03', 'stok adjustment', 0, 2, 'PCS', '2023-04-30'),
(1605, NULL, 213, NULL, NULL, NULL, 'KOS-155', '2023-05-03', 'stok adjustment', 0, 1, 'PCS', '2023-02-04'),
(1606, NULL, 214, NULL, NULL, NULL, 'OBAT-136', '2023-05-02', 'stok adjustment', 0, 1, 'Strip', '2024-12-31'),
(1607, NULL, 215, NULL, NULL, NULL, 'OBAT-200', '2023-05-02', 'stok adjustment', 0, 1, 'Strip', '2026-04-30'),
(1608, NULL, NULL, NULL, NULL, '040523000186', 'OBAT-152', '2023-05-04', 'penjualan', 0, 1, 'Tube', '2024-09-30'),
(1609, NULL, NULL, NULL, NULL, '040523000186', 'OBAT-138', '2023-05-04', 'penjualan', 0, 1, 'Strip', '2026-05-31'),
(1610, NULL, NULL, NULL, NULL, '040523000187', 'OBAT-129', '2023-05-04', 'penjualan', 0, 1, 'Strip', '2025-05-31'),
(1611, NULL, NULL, NULL, NULL, '040523000187', 'OBAT-100', '2023-05-04', 'penjualan', 0, 1, 'Botol', '2023-12-01'),
(1612, NULL, NULL, NULL, NULL, '040523000188', 'ALKES-55', '2023-05-04', 'penjualan', 0, 1, 'PCS', '2024-07-31'),
(1613, NULL, NULL, NULL, NULL, '040523000188', 'OBAT-207', '2023-05-04', 'penjualan', 0, 1, 'Strip', '2025-10-31'),
(1614, NULL, NULL, NULL, NULL, '040523000189', 'OBAT-126', '2023-05-04', 'penjualan', 0, 1, 'Strip', '2024-07-31'),
(1615, NULL, NULL, NULL, NULL, '040523000189', 'OBAT-138', '2023-05-04', 'penjualan', 0, 1, 'Strip', '2026-05-31'),
(1616, NULL, NULL, NULL, NULL, '040523000189', 'OBAT-411', '2023-05-04', 'penjualan', 0, 1, 'Botol', '2026-08-31'),
(1617, NULL, NULL, NULL, NULL, '040523000189', 'KOS-45', '2023-05-04', 'penjualan', 0, 1, 'Botol', '2024-04-01'),
(1618, NULL, NULL, NULL, NULL, '040523000190', 'OBAT-379', '2023-05-04', 'penjualan', 0, 1, 'Botol', '2024-11-30'),
(1619, NULL, NULL, NULL, NULL, '040523000191', 'ALKES-66', '2023-05-04', 'penjualan', 0, 1, 'PCS', '2027-05-31'),
(1620, NULL, NULL, NULL, NULL, '050523000192', 'OBAT-195', '2023-05-05', 'penjualan', 0, 1, 'Strip', '2024-04-30'),
(1621, NULL, NULL, NULL, NULL, '050523000193', 'OBAT-11', '2023-05-05', 'penjualan', 0, 2, 'Strip', '2024-12-01'),
(1622, NULL, NULL, NULL, NULL, '050523000194', 'OBAT-243', '2023-05-05', 'penjualan', 0, 1, 'Strip', '2024-04-30'),
(1623, NULL, NULL, NULL, NULL, '050523000194', 'OBAT-246', '2023-05-05', 'penjualan', 0, 4, 'Strip', '2024-04-30'),
(1624, NULL, 216, NULL, NULL, NULL, 'OBAT-369', '2023-05-05', 'stok adjustment', 0, 3, 'Strip', '2025-06-30'),
(1625, NULL, 217, NULL, NULL, NULL, 'OBAT-170', '2023-05-05', 'stok adjustment', 0, 3, 'Strip', '2024-11-01'),
(1626, NULL, 218, NULL, NULL, NULL, 'ALKES-41', '2023-05-05', 'stok adjustment', 0, 2, 'PCS', '2025-08-01'),
(1627, NULL, 219, NULL, NULL, NULL, 'OBAT-473', '2023-05-06', 'stok adjustment', 0, 1, 'Strip', '2024-12-31'),
(1628, NULL, 220, NULL, NULL, NULL, 'OBAT-441', '2023-05-06', 'stok adjustment', 0, 1, 'Strip', '2024-09-30'),
(1629, NULL, NULL, NULL, NULL, '080523000195', 'OBAT-78', '2023-05-08', 'penjualan', 0, 1, 'Botol', '2024-07-01'),
(1630, NULL, NULL, NULL, NULL, '080523000196', 'OBAT-195', '2023-05-08', 'penjualan', 0, 1, 'Strip', '2024-04-30'),
(1631, NULL, NULL, NULL, NULL, '080523000196', 'ALKES-55', '2023-05-08', 'penjualan', 0, 1, 'PCS', '2024-07-31'),
(1632, NULL, NULL, NULL, NULL, '080523000197', 'ALKES-50', '2023-05-08', 'penjualan', 0, 4, 'PCS', '2026-12-31'),
(1633, NULL, NULL, NULL, NULL, '080523000198', 'OBAT-352', '2023-05-08', 'penjualan', 0, 2, 'PCS', '2024-07-31'),
(1634, NULL, NULL, NULL, NULL, '080523000198', 'OBAT-207', '2023-05-08', 'penjualan', 0, 1, 'Strip', '2025-10-31'),
(1635, NULL, NULL, NULL, NULL, '080523000199', 'OBAT-443', '2023-05-08', 'penjualan', 0, 1, 'PCS', '2024-10-31'),
(1636, NULL, NULL, NULL, NULL, '080523000199', 'OBAT-88', '2023-05-08', 'penjualan', 0, 1, 'Strip', '2025-02-01'),
(1637, NULL, NULL, NULL, NULL, '080523000199', 'OBAT-234', '2023-05-08', 'penjualan', 0, 1, 'Strip', '2026-10-31'),
(1638, NULL, NULL, NULL, NULL, '080523000199', 'OBAT-397', '2023-05-08', 'penjualan', 0, 1, 'Strip', '2025-10-31'),
(1639, NULL, NULL, NULL, NULL, '080523000200', 'OBAT-122', '2023-05-08', 'penjualan', 0, 1, 'Strip', '2024-12-31'),
(1640, NULL, NULL, NULL, NULL, '080523000200', 'OBAT-170', '2023-05-08', 'penjualan', 0, 1, 'Strip', '2024-08-31'),
(1641, NULL, NULL, NULL, NULL, '090523000201', 'OBAT-197', '2023-05-09', 'penjualan', 0, 3, 'Strip', '2026-05-31'),
(1642, NULL, NULL, NULL, NULL, '090523000201', 'OBAT-170', '2023-05-09', 'penjualan', 0, 4, 'Strip', '2024-08-31'),
(1643, NULL, NULL, NULL, NULL, '090523000201', 'OBAT-232', '2023-05-09', 'penjualan', 0, 1, 'Strip', '2024-08-31'),
(1644, NULL, NULL, NULL, NULL, '090523000202', 'OBAT-162', '2023-05-09', 'penjualan', 0, 1, 'Botol', '2027-08-31'),
(1645, NULL, NULL, NULL, NULL, '090523000202', 'OBAT-379', '2023-05-09', 'penjualan', 0, 2, 'Botol', '2024-11-30'),
(1646, NULL, NULL, NULL, NULL, '090523000203', 'OBAT-126', '2023-05-09', 'penjualan', 0, 1, 'Strip', '2024-07-31'),
(1647, NULL, NULL, NULL, NULL, '090523000203', 'OBAT-364', '2023-05-09', 'penjualan', 0, 1, 'Strip', '2024-10-31'),
(1648, NULL, NULL, NULL, NULL, '090523000203', 'OBAT-13', '2023-05-09', 'penjualan', 0, 1, 'PCS', '2023-11-01'),
(1649, NULL, NULL, NULL, NULL, '090523000204', 'OBAT-35', '2023-05-09', 'penjualan', 0, 1, 'PCS', '2026-11-01'),
(1650, NULL, NULL, NULL, NULL, '090523000204', 'OBAT-138', '2023-05-09', 'penjualan', 0, 1, 'Strip', '2026-05-31'),
(1651, NULL, NULL, NULL, NULL, '100523000205', 'ALKES-36', '2023-05-10', 'penjualan', 0, 4, 'PCS', '2026-12-01'),
(1652, NULL, NULL, NULL, NULL, '100523000205', 'KOS-225', '2023-05-10', 'penjualan', 0, 1, 'PCS', '2025-01-01'),
(1653, NULL, NULL, NULL, NULL, '100523000205', 'OBAT-412', '2023-05-10', 'penjualan', 0, 1, 'Strip', '2026-10-31'),
(1654, NULL, NULL, NULL, NULL, '110523000206', 'KOS-63', '2023-05-11', 'penjualan', 0, 1, 'Botol', '2025-04-01'),
(1655, NULL, NULL, NULL, NULL, '110523000207', 'OBAT-129', '2023-05-11', 'penjualan', 0, 2, 'Strip', '2025-05-31'),
(1656, NULL, NULL, NULL, NULL, '110523000207', 'OBAT-196', '2023-05-11', 'penjualan', 0, 1, 'Strip', '2024-08-31'),
(1657, NULL, NULL, NULL, NULL, '110523000207', 'KOS-226', '2023-05-11', 'penjualan', 0, 2, 'Botol', '2025-01-01'),
(1658, NULL, NULL, NULL, NULL, '120523000208', 'OBAT-201', '2023-05-12', 'penjualan', 0, 1, 'Strip', '2026-03-31'),
(1659, NULL, NULL, NULL, NULL, '120523000208', 'OBAT-135', '2023-05-12', 'penjualan', 0, 1, 'Strip', '2024-07-31'),
(1660, NULL, NULL, NULL, NULL, '120523000209', 'OBAT-106', '2023-05-12', 'penjualan', 0, 12, 'PCS', '2024-06-30'),
(1661, NULL, NULL, NULL, NULL, '120523000210', 'OBAT-157', '2023-05-12', 'penjualan', 0, 1, 'Strip', '2025-05-31'),
(1662, NULL, NULL, NULL, NULL, '120523000210', 'OBAT-77', '2023-05-12', 'penjualan', 0, 1, 'Botol', '2024-04-01'),
(1663, NULL, NULL, NULL, NULL, '150523000211', 'ALKES-51', '2023-05-15', 'penjualan', 0, 1, 'PCS', '2026-10-31'),
(1664, NULL, NULL, NULL, NULL, '150523000211', 'OBAT-197', '2023-05-15', 'penjualan', 0, 1, 'Strip', '2026-05-31'),
(1665, NULL, NULL, NULL, NULL, '150523000211', 'OBAT-170', '2023-05-15', 'penjualan', 0, 1, 'Strip', '2024-08-31'),
(1666, NULL, NULL, NULL, NULL, '150523000212', 'OBAT-240', '2023-05-15', 'penjualan', 0, 2, 'Strip', '2025-06-30'),
(1667, NULL, NULL, NULL, NULL, '150523000213', 'OBAT-200', '2023-05-15', 'penjualan', 0, 2, 'Strip', '2026-04-30'),
(1668, NULL, NULL, NULL, NULL, '150523000213', 'OBAT-201', '2023-05-15', 'penjualan', 0, 2, 'Strip', '2026-03-31'),
(1669, NULL, NULL, NULL, NULL, '150523000213', 'OBAT-347', '2023-05-15', 'penjualan', 0, 1, 'Strip', '2026-09-30'),
(1670, NULL, NULL, NULL, NULL, '150523000213', 'OBAT-135', '2023-05-15', 'penjualan', 0, 2, 'Strip', '2024-07-31'),
(1671, NULL, NULL, NULL, NULL, '150523000213', 'OBAT-350', '2023-05-15', 'penjualan', 0, 1, 'Strip', '2026-10-31'),
(1672, NULL, NULL, NULL, NULL, '150523000214', 'OBAT-210', '2023-05-15', 'penjualan', 0, 2, 'PCS', '2024-06-30'),
(1673, NULL, NULL, NULL, NULL, '150523000214', 'OBAT-106', '2023-05-15', 'penjualan', 0, 2, 'PCS', '2024-06-30'),
(1674, NULL, NULL, NULL, NULL, '150523000215', 'ALKES-62', '2023-05-15', 'penjualan', 0, 1, 'PCS', '2024-08-31'),
(1675, NULL, NULL, NULL, NULL, '150523000215', 'ALKES-63', '2023-05-15', 'penjualan', 0, 1, 'PCS', '2024-04-30'),
(1676, NULL, NULL, NULL, NULL, '150523000215', 'ALKES-64', '2023-05-15', 'penjualan', 0, 1, 'PCS', '2024-09-30'),
(1677, NULL, NULL, NULL, NULL, '150523000215', 'OBAT-231', '2023-05-15', 'penjualan', 0, 1, 'Strip', '2024-07-31'),
(1678, NULL, NULL, NULL, NULL, '150523000216', 'OBAT-397', '2023-05-15', 'penjualan', 0, 1, 'Strip', '2025-10-31'),
(1679, NULL, NULL, NULL, NULL, '160523000217', 'KOS-246', '2023-05-16', 'penjualan', 0, 1, 'PCS', '2028-12-31'),
(1680, NULL, NULL, NULL, NULL, '160523000217', 'OBAT-241', '2023-05-16', 'penjualan', 0, 1, 'Strip', '2025-10-31'),
(1681, NULL, NULL, NULL, NULL, '160523000217', 'OBAT-195', '2023-05-16', 'penjualan', 0, 1, 'Strip', '2024-04-30'),
(1682, NULL, NULL, NULL, NULL, '160523000217', 'OBAT-302', '2023-05-16', 'penjualan', 0, 1, 'PCS', '2025-08-31'),
(1683, NULL, NULL, NULL, NULL, '160523000217', 'OBAT-126', '2023-05-16', 'penjualan', 0, 1, 'Strip', '2024-07-31'),
(1684, NULL, NULL, 117, NULL, NULL, 'OBAT-214', '2023-05-15', 'stok opname', 2, 0, 'Botol', '2026-01-31'),
(1685, NULL, NULL, 116, NULL, NULL, 'OBAT-379', '2023-05-15', 'stok opname', 3, 0, 'Botol', '2025-01-31'),
(1686, NULL, NULL, 115, NULL, NULL, 'OBAT-296', '2023-05-15', 'stok opname', 1, 0, 'Botol', '2027-10-31'),
(1687, NULL, NULL, 114, NULL, NULL, 'OBAT-162', '2023-05-15', 'stok opname', 2, 0, 'Botol', '2028-01-31'),
(1688, NULL, NULL, 113, NULL, NULL, 'OBAT-64', '2023-05-15', 'stok opname', 3, 0, 'Botol', '2028-02-29'),
(1689, NULL, NULL, 127, NULL, NULL, 'OBAT-246', '2023-05-15', 'stok opname', 4, 0, 'Strip', '2024-04-30'),
(1690, NULL, NULL, 126, NULL, NULL, 'OBAT-103', '2023-05-15', 'stok opname', 2, 0, 'Botol', '2024-12-31'),
(1691, NULL, NULL, 125, NULL, NULL, 'OBAT-155', '2023-05-15', 'stok opname', 12, 0, 'Strip', '2026-01-31'),
(1692, NULL, NULL, 124, NULL, NULL, 'OBAT-121', '2023-05-15', 'stok opname', 20, 0, 'Strip', '2025-01-31'),
(1693, NULL, NULL, 123, NULL, NULL, 'OBAT-412', '2023-05-15', 'stok opname', 10, 0, 'Strip', '2027-03-31'),
(1694, NULL, NULL, 122, NULL, NULL, 'OBAT-09', '2023-05-15', 'stok opname', 3, 0, 'Tube', '2025-06-30'),
(1695, NULL, NULL, 121, NULL, NULL, 'OBAT-35', '2023-05-15', 'stok opname', 2, 0, 'PCS', '2028-03-31'),
(1696, NULL, NULL, 120, NULL, NULL, 'OBAT-211', '2023-05-15', 'stok opname', 5, 0, 'PCS', '2024-02-29'),
(1697, NULL, NULL, 119, NULL, NULL, 'OBAT-256', '2023-05-15', 'stok opname', 1, 0, 'PCS', '2024-01-31'),
(1698, NULL, NULL, 118, NULL, NULL, 'OBAT-299', '2023-05-15', 'stok opname', 1, 0, 'PCS', '2025-07-31'),
(1699, 'PE1605230043', NULL, NULL, NULL, NULL, 'OBAT-474', '2023-05-15', 'pembelian ke supplier', 10, 0, 'Strip', '2027-01-31'),
(1700, NULL, NULL, NULL, NULL, '170523000218', 'OBAT-81', '2023-05-17', 'penjualan', 0, 1, 'Botol', '2023-12-01'),
(1701, NULL, NULL, NULL, NULL, '170523000218', 'OBAT-162', '2023-05-17', 'penjualan', 0, 1, 'Botol', '2027-08-31'),
(1702, NULL, NULL, NULL, NULL, '170523000218', 'OBAT-93', '2023-05-17', 'penjualan', 0, 1, 'Botol', '2023-11-01'),
(1703, NULL, NULL, NULL, NULL, '170523000218', 'OBAT-396', '2023-05-17', 'penjualan', 0, 1, 'Botol', '2025-07-31'),
(1704, NULL, NULL, NULL, NULL, '170523000218', 'OBAT-467', '2023-05-17', 'penjualan', 0, 1, 'PCS', '2024-11-30'),
(1705, NULL, NULL, NULL, NULL, '170523000219', 'OBAT-318', '2023-05-17', 'penjualan', 0, 1, 'Botol', '2024-08-31'),
(1706, NULL, NULL, NULL, NULL, '190523000220', 'KOS-64', '2023-05-19', 'penjualan', 0, 1, 'Botol', '2025-03-01'),
(1707, NULL, NULL, NULL, NULL, '190523000220', 'KOS-236', '2023-05-19', 'penjualan', 0, 1, 'PCS', '2027-10-31'),
(1708, NULL, NULL, NULL, NULL, '190523000220', 'OBAT-64', '2023-05-19', 'penjualan', 0, 1, 'Botol', '2026-11-01'),
(1709, NULL, NULL, NULL, NULL, '190523000221', 'OBAT-200', '2023-05-19', 'penjualan', 0, 1, 'Strip', '2026-04-30'),
(1710, NULL, NULL, NULL, NULL, '190523000221', 'OBAT-100', '2023-05-19', 'penjualan', 0, 1, 'Botol', '2023-12-01'),
(1711, NULL, NULL, NULL, NULL, '190523000221', 'OBAT-239', '2023-05-19', 'penjualan', 0, 1, 'Strip', '2024-06-30'),
(1712, NULL, NULL, NULL, NULL, '220523000222', 'KOS-87', '2023-05-22', 'penjualan', 0, 1, 'PCS', '2024-08-19'),
(1713, NULL, NULL, NULL, NULL, '220523000222', 'OBAT-159', '2023-05-22', 'penjualan', 0, 1, 'Strip', '2025-05-31'),
(1714, NULL, NULL, NULL, NULL, '220523000222', 'OBAT-179', '2023-05-22', 'penjualan', 0, 1, 'Strip', '2024-08-31'),
(1715, NULL, NULL, NULL, NULL, '220523000223', 'OBAT-282', '2023-05-22', 'penjualan', 0, 1, 'PCS', '2024-08-31'),
(1716, NULL, NULL, NULL, NULL, '220523000223', 'KOS-247', '2023-05-22', 'penjualan', 0, 1, 'PCS', '2025-01-31'),
(1717, NULL, NULL, NULL, NULL, '220523000224', 'ALKES-51', '2023-05-22', 'penjualan', 0, 2, 'PCS', '2026-10-31'),
(1718, NULL, NULL, NULL, NULL, '220523000224', 'OBAT-72', '2023-05-22', 'penjualan', 0, 1, 'Strip', '2024-01-01'),
(1719, NULL, NULL, NULL, NULL, '220523000224', 'OBAT-61', '2023-05-22', 'penjualan', 0, 1, 'Strip', '2023-09-01'),
(1720, NULL, NULL, NULL, NULL, '220523000224', 'OBAT-416', '2023-05-22', 'penjualan', 0, 1, 'Botol', '2025-08-31'),
(1721, NULL, NULL, NULL, NULL, '220523000225', 'OBAT-41', '2023-05-22', 'penjualan', 0, 1, 'Botol', '2025-12-01'),
(1722, NULL, NULL, NULL, NULL, '220523000226', 'OBAT-215', '2023-05-22', 'penjualan', 0, 1, 'Botol', '2025-05-31'),
(1723, NULL, NULL, NULL, NULL, '220523000226', 'OBAT-204', '2023-05-22', 'penjualan', 0, 1, 'Botol', '2024-04-30'),
(1724, NULL, NULL, NULL, NULL, '220523000226', 'OBAT-231', '2023-05-22', 'penjualan', 0, 1, 'Strip', '2024-07-31'),
(1725, NULL, NULL, NULL, NULL, '220523000226', 'OBAT-207', '2023-05-22', 'penjualan', 0, 1, 'Strip', '2025-10-31'),
(1726, NULL, NULL, NULL, NULL, '230523000227', 'OBAT-72', '2023-05-23', 'penjualan', 0, 2, 'Strip', '2024-01-01'),
(1727, NULL, NULL, NULL, NULL, '230523000227', 'OBAT-162', '2023-05-23', 'penjualan', 0, 1, 'Botol', '2027-08-31'),
(1728, NULL, NULL, NULL, NULL, '230523000227', 'OBAT-21', '2023-05-23', 'penjualan', 0, 1, 'Strip', '2024-11-01'),
(1729, NULL, NULL, NULL, NULL, '230523000227', 'OBAT-138', '2023-05-23', 'penjualan', 0, 1, 'Strip', '2026-05-31'),
(1730, NULL, NULL, NULL, NULL, '230523000228', 'OBAT-57', '2023-05-23', 'penjualan', 0, 1, 'Botol', '2024-10-01'),
(1731, NULL, NULL, NULL, NULL, '230523000228', 'OBAT-232', '2023-05-23', 'penjualan', 0, 1, 'Strip', '2024-08-31'),
(1732, NULL, NULL, NULL, NULL, '230523000228', 'OBAT-160', '2023-05-23', 'penjualan', 0, 1, 'Strip', '2024-05-31'),
(1733, NULL, NULL, NULL, NULL, '240523000229', 'OBAT-364', '2023-05-24', 'penjualan', 0, 1, 'Strip', '2024-10-31'),
(1734, NULL, NULL, NULL, NULL, '240523000229', 'OBAT-152', '2023-05-24', 'penjualan', 0, 1, 'Tube', '2024-09-30'),
(1735, NULL, NULL, NULL, NULL, '240523000229', 'OBAT-356', '2023-05-24', 'penjualan', 0, 1, 'Strip', '2024-10-31'),
(1736, NULL, NULL, NULL, NULL, '240523000229', 'OBAT-137', '2023-05-24', 'penjualan', 0, 1, 'Strip', '2027-01-31'),
(1737, NULL, NULL, NULL, NULL, '240523000229', 'OBAT-350', '2023-05-24', 'penjualan', 0, 1, 'Strip', '2026-10-31'),
(1738, NULL, NULL, NULL, NULL, '240523000229', 'ALKES-49', '2023-05-24', 'penjualan', 0, 2, 'PCS', '2026-10-31'),
(1739, NULL, NULL, NULL, NULL, '250523000230', 'OBAT-369', '2023-05-25', 'penjualan', 0, 3, 'Strip', '2025-06-30'),
(1740, NULL, NULL, NULL, NULL, '250523000230', 'KOS-09', '2023-05-25', 'penjualan', 0, 1, 'Botol', '2025-07-01'),
(1741, NULL, NULL, NULL, NULL, '250523000230', 'OBAT-52', '2023-05-25', 'penjualan', 0, 1, 'PCS', '2025-01-01'),
(1742, NULL, NULL, NULL, NULL, '250523000230', 'OBAT-384', '2023-05-25', 'penjualan', 0, 1, 'Botol', '2024-06-30'),
(1743, NULL, NULL, NULL, NULL, '250523000230', 'OBAT-379', '2023-05-25', 'penjualan', 0, 1, 'Botol', '2024-11-30'),
(1744, NULL, NULL, NULL, NULL, '250523000231', 'OBAT-296', '2023-05-25', 'penjualan', 0, 1, 'Botol', '2027-09-30'),
(1745, NULL, NULL, NULL, NULL, '250523000231', 'OBAT-103', '2023-05-25', 'penjualan', 0, 1, 'Botol', '2023-12-01'),
(1746, NULL, NULL, NULL, NULL, '250523000231', 'OBAT-122', '2023-05-25', 'penjualan', 0, 3, 'Strip', '2024-12-31'),
(1747, NULL, NULL, NULL, NULL, '250523000231', 'OBAT-434', '2023-05-25', 'penjualan', 0, 1, 'Strip', '2025-03-31'),
(1748, NULL, NULL, 136, NULL, NULL, 'OBAT-170', '2023-05-25', 'stok opname', 20, 0, 'Strip', '2025-01-31'),
(1749, NULL, NULL, 135, NULL, NULL, 'OBAT-136', '2023-05-25', 'stok opname', 5, 0, 'Strip', '2025-08-31'),
(1750, NULL, NULL, 134, NULL, NULL, 'OBAT-201', '2023-05-25', 'stok opname', 20, 0, 'Strip', '2026-09-30'),
(1751, NULL, NULL, 133, NULL, NULL, 'OBAT-200', '2023-05-25', 'stok opname', 20, 0, 'Strip', '2026-09-30'),
(1752, NULL, NULL, 132, NULL, NULL, 'OBAT-196', '2023-05-25', 'stok opname', 10, 0, 'Strip', '2024-10-31'),
(1753, NULL, NULL, 131, NULL, NULL, 'OBAT-128', '2023-05-25', 'stok opname', 10, 0, 'Strip', '2024-03-31'),
(1754, NULL, NULL, 130, NULL, NULL, 'ALKES-55', '2023-05-25', 'stok opname', 3, 0, 'PCS', '2025-02-28'),
(1755, NULL, NULL, 129, NULL, NULL, 'ALKES-66', '2023-05-25', 'stok opname', 2, 0, 'PCS', '2027-08-31'),
(1756, NULL, NULL, 128, NULL, NULL, 'OBAT-364', '2023-05-25', 'stok opname', 20, 0, 'Strip', '2025-03-31'),
(1757, 'PE2505230044', NULL, NULL, NULL, NULL, 'OBAT-477', '2023-05-25', 'pembelian ke supplier', 2, 0, 'Botol', '2024-06-30'),
(1758, 'PE2505230044', NULL, NULL, NULL, NULL, 'ALKES-76', '2023-05-25', 'pembelian ke supplier', 2, 0, 'PCS', '2027-01-31'),
(1759, 'PE2505230044', NULL, NULL, NULL, NULL, 'OBAT-475', '2023-05-25', 'pembelian ke supplier', 3, 0, 'Strip', '2024-08-31'),
(1760, 'PE2505230044', NULL, NULL, NULL, NULL, 'OBAT-476', '2023-05-25', 'pembelian ke supplier', 5, 0, 'Strip', '2026-11-26'),
(1761, NULL, NULL, NULL, NULL, '250523000232', 'OBAT-412', '2023-05-25', 'penjualan', 0, 1, 'Strip', '2026-10-31'),
(1762, NULL, NULL, NULL, NULL, '270523000233', 'OBAT-200', '2023-05-27', 'penjualan', 0, 2, 'Strip', '2026-04-30'),
(1763, NULL, NULL, NULL, NULL, '270523000233', 'OBAT-195', '2023-05-27', 'penjualan', 0, 2, 'Strip', '2024-04-30'),
(1764, NULL, NULL, NULL, NULL, '270523000233', 'OBAT-416', '2023-05-27', 'penjualan', 0, 1, 'Botol', '2025-08-31'),
(1765, NULL, NULL, NULL, NULL, '270523000233', 'KOS-143', '2023-05-27', 'penjualan', 0, 1, 'Botol', '2024-11-01'),
(1766, NULL, NULL, NULL, NULL, '270523000233', 'OBAT-477', '2023-05-27', 'penjualan', 0, 1, 'Botol', '2024-06-30'),
(1767, NULL, NULL, NULL, NULL, '270523000233', 'OBAT-52', '2023-05-27', 'penjualan', 0, 2, 'PCS', '2025-01-01'),
(1768, NULL, NULL, NULL, NULL, '270523000233', 'KOS-140', '2023-05-27', 'penjualan', 0, 1, 'Botol', '2023-10-01'),
(1769, NULL, NULL, NULL, NULL, '270523000233', 'OBAT-254', '2023-05-27', 'penjualan', 0, 1, 'PCS', '2024-09-30'),
(1770, NULL, NULL, NULL, NULL, '270523000233', 'OBAT-198', '2023-05-27', 'penjualan', 0, 1, 'Strip', '2024-04-30'),
(1771, NULL, NULL, NULL, NULL, '270523000233', 'OBAT-241', '2023-05-27', 'penjualan', 0, 1, 'Strip', '2025-10-31');

-- --------------------------------------------------------

--
-- Table structure for table `kategori_user`
--

CREATE TABLE `kategori_user` (
  `id` int(11) NOT NULL,
  `kategori_user` varchar(100) NOT NULL,
  `beranda` int(11) NOT NULL
) ENGINE=InnoDB DEFAULT CHARSET=latin1 COLLATE=latin1_swedish_ci;

--
-- Dumping data for table `kategori_user`
--

INSERT INTO `kategori_user` (`id`, `kategori_user`, `beranda`) VALUES
(31, 'Super Admin', 1),
(32, 'Kasir', 25);

-- --------------------------------------------------------

--
-- Table structure for table `kategori_user_modul`
--

CREATE TABLE `kategori_user_modul` (
  `id` int(11) NOT NULL,
  `kategori_user` int(11) NOT NULL,
  `modul` int(11) NOT NULL,
  `akses` enum('read','add','edit','delete') NOT NULL DEFAULT 'read'
) ENGINE=InnoDB DEFAULT CHARSET=latin1 COLLATE=latin1_swedish_ci;

--
-- Dumping data for table `kategori_user_modul`
--

INSERT INTO `kategori_user_modul` (`id`, `kategori_user`, `modul`, `akses`) VALUES
(3229, 32, 25, 'read'),
(12062, 31, 1, 'read'),
(12063, 31, 2, 'read'),
(12064, 31, 3, 'read'),
(12065, 31, 4, 'read'),
(12066, 31, 5, 'read'),
(12067, 31, 6, 'read'),
(12068, 31, 7, 'read'),
(12069, 31, 8, 'read'),
(12070, 31, 9, 'read'),
(12071, 31, 10, 'read'),
(12072, 31, 11, 'read'),
(12073, 31, 12, 'read'),
(12074, 31, 13, 'read'),
(12075, 31, 14, 'read'),
(12076, 31, 15, 'read'),
(12077, 31, 16, 'read'),
(12078, 31, 17, 'read'),
(12079, 31, 18, 'read'),
(12080, 31, 19, 'read'),
(12081, 31, 20, 'read'),
(12082, 31, 21, 'read'),
(12083, 31, 22, 'read'),
(12084, 31, 23, 'read'),
(12085, 31, 24, 'read'),
(12086, 31, 25, 'read'),
(12087, 31, 26, 'read'),
(12088, 31, 27, 'read'),
(12089, 31, 28, 'read'),
(12090, 31, 29, 'read'),
(12091, 31, 30, 'read'),
(12092, 31, 31, 'read'),
(12093, 31, 32, 'read'),
(12094, 31, 33, 'read'),
(12095, 31, 34, 'read'),
(12096, 31, 35, 'read'),
(12097, 31, 36, 'read'),
(12098, 31, 37, 'read'),
(12099, 31, 38, 'read'),
(12100, 31, 39, 'read'),
(12101, 31, 40, 'read'),
(12102, 31, 41, 'read'),
(12103, 31, 42, 'read'),
(12104, 31, 43, 'read'),
(12105, 31, 3, 'add'),
(12106, 31, 4, 'add'),
(12107, 31, 5, 'add'),
(12108, 31, 6, 'add'),
(12109, 31, 7, 'add'),
(12110, 31, 8, 'add'),
(12111, 31, 9, 'add'),
(12112, 31, 10, 'add'),
(12113, 31, 12, 'add'),
(12114, 31, 13, 'add'),
(12115, 31, 14, 'add'),
(12116, 31, 15, 'add'),
(12117, 31, 17, 'add'),
(12118, 31, 18, 'add'),
(12119, 31, 19, 'add'),
(12120, 31, 23, 'add'),
(12121, 31, 24, 'add'),
(12122, 31, 27, 'add'),
(12123, 31, 28, 'add'),
(12124, 31, 29, 'add'),
(12125, 31, 38, 'add'),
(12126, 31, 39, 'add'),
(12127, 31, 42, 'add'),
(12128, 31, 3, 'edit'),
(12129, 31, 4, 'edit'),
(12130, 31, 5, 'edit'),
(12131, 31, 6, 'edit'),
(12132, 31, 7, 'edit'),
(12133, 31, 8, 'edit'),
(12134, 31, 9, 'edit'),
(12135, 31, 10, 'edit'),
(12136, 31, 12, 'edit'),
(12137, 31, 13, 'edit'),
(12138, 31, 15, 'edit'),
(12139, 31, 24, 'edit'),
(12140, 31, 27, 'edit'),
(12141, 31, 29, 'edit'),
(12142, 31, 38, 'edit'),
(12143, 31, 39, 'edit'),
(12144, 31, 41, 'edit'),
(12145, 31, 43, 'edit'),
(12146, 31, 3, 'delete'),
(12147, 31, 4, 'delete'),
(12148, 31, 5, 'delete'),
(12149, 31, 6, 'delete'),
(12150, 31, 7, 'delete'),
(12151, 31, 8, 'delete'),
(12152, 31, 9, 'delete'),
(12153, 31, 10, 'delete'),
(12154, 31, 12, 'delete'),
(12155, 31, 13, 'delete'),
(12156, 31, 14, 'delete'),
(12157, 31, 15, 'delete'),
(12158, 31, 17, 'delete'),
(12159, 31, 18, 'delete'),
(12160, 31, 19, 'delete'),
(12161, 31, 23, 'delete'),
(12162, 31, 24, 'delete'),
(12163, 31, 27, 'delete'),
(12164, 31, 28, 'delete'),
(12165, 31, 29, 'delete'),
(12166, 31, 38, 'delete'),
(12167, 31, 39, 'delete');

-- --------------------------------------------------------

--
-- Table structure for table `keranjang`
--

CREATE TABLE `keranjang` (
  `id` int(11) NOT NULL,
  `token` varchar(200) NOT NULL,
  `tanggal_jam` datetime NOT NULL,
  `id_admin` int(11) NOT NULL,
  `id_pembeli` int(11) DEFAULT NULL,
  `total_upah_peracik` decimal(10,0) NOT NULL,
  `total_harga_item` decimal(10,0) NOT NULL,
  `total` decimal(10,0) NOT NULL,
  `hold` enum('0','1') NOT NULL DEFAULT '0',
  `keterangan_hold` varchar(200) NOT NULL,
  `waktu_hold` varchar(50) NOT NULL
) ENGINE=InnoDB DEFAULT CHARSET=latin1 COLLATE=latin1_swedish_ci;

--
-- Dumping data for table `keranjang`
--

INSERT INTO `keranjang` (`id`, `token`, `tanggal_jam`, `id_admin`, `id_pembeli`, `total_upah_peracik`, `total_harga_item`, `total`, `hold`, `keterangan_hold`, `waktu_hold`) VALUES
(83, '18a7d83e97f62b47914fe1ff99df5fab', '2022-12-28 03:30:04', 1, NULL, '0', '2000', '2000', '0', '', ''),
(84, '66f7758af24a37c9f8d76aa9bcbefe95', '2022-12-29 08:33:18', 1, NULL, '0', '2000', '2000', '0', '', ''),
(85, '5954f9d645efa9f82aad7f50dc936280', '2023-01-03 09:45:16', 1, NULL, '0', '2000', '2000', '0', '', ''),
(86, 'd1a93539000f8d634864f33893ea6a7a', '2023-01-12 02:25:02', 1, NULL, '0', '0', '0', '0', '', ''),
(91, '51dcca5c062c03be63f5a29136724e37', '2023-02-14 09:21:06', 1, 19, '0', '15000', '15000', '0', '', ''),
(107, 'c967c5dda37c579302dd9bfdcca67231', '2023-02-20 10:10:24', 1, NULL, '0', '10000', '10000', '0', '', ''),
(293, '088ee6009261dcced9aec447b121aefe', '2023-05-14 07:06:31', 1, NULL, '0', '3500', '3500', '0', '', ''),
(294, 'e8f6a64e5be8748f1db0222111e52ee0', '2023-05-15 07:47:53', 1, NULL, '0', '0', '0', '0', '', ''),
(317, '09f18394a613a357339c63f4c77628f4', '2023-05-26 12:58:03', 1, NULL, '0', '25000', '25000', '0', '', '');

-- --------------------------------------------------------

--
-- Table structure for table `keranjang_detail`
--

CREATE TABLE `keranjang_detail` (
  `id` int(11) NOT NULL,
  `id_keranjang` int(11) NOT NULL,
  `kode_item` varchar(100) NOT NULL,
  `racikan` enum('0','1') NOT NULL DEFAULT '0',
  `upah_peracik` decimal(10,0) NOT NULL,
  `harga` decimal(10,0) NOT NULL,
  `diskon` decimal(10,0) NOT NULL,
  `kuantiti` float NOT NULL,
  `total` decimal(10,0) NOT NULL
) ENGINE=InnoDB DEFAULT CHARSET=latin1 COLLATE=latin1_swedish_ci;

--
-- Dumping data for table `keranjang_detail`
--

INSERT INTO `keranjang_detail` (`id`, `id_keranjang`, `kode_item`, `racikan`, `upah_peracik`, `harga`, `diskon`, `kuantiti`, `total`) VALUES
(45, 82, '8999909028230', '0', '0', '21000', '0', 1, '21000'),
(46, 83, 'N-01', '0', '0', '2000', '0', 1, '2000'),
(47, 84, 'N-01', '0', '0', '2000', '0', 1, '2000'),
(48, 85, 'N-01', '0', '0', '2000', '0', 1, '2000'),
(51, 87, 'OBAT-297', '0', '0', '14500', '0', 1, '14500'),
(52, 88, 'OBAT-195', '0', '0', '2000', '0', 1, '2000'),
(53, 89, 'OBAT-65', '0', '0', '17000', '0', 1, '17000'),
(54, 89, 'KOS-210', '0', '0', '45000', '0', 1, '45000'),
(55, 89, 'OBAT-213', '0', '0', '14500', '0', 1, '14500'),
(56, 89, 'OBAT-126', '0', '0', '2500', '0', 1, '2500'),
(57, 90, 'ALKES-72', '0', '0', '27500', '0', 1, '27500'),
(58, 91, 'OBAT-354', '0', '0', '15000', '0', 1, '15000'),
(59, 92, 'ALKES-41', '0', '0', '3000', '0', 4, '12000'),
(61, 93, 'OBAT-350', '0', '0', '2500', '0', 1, '2500'),
(62, 94, 'OBAT-413', '0', '0', '18500', '0', 1, '18500'),
(63, 95, 'OBAT-122', '0', '0', '3000', '0', 10, '30000'),
(64, 95, 'OBAT-07', '0', '0', '26500', '0', 1, '26500'),
(65, 95, 'OBAT-195', '0', '0', '2000', '0', 2, '4000'),
(66, 95, 'OBAT-75', '0', '0', '7500', '0', 1, '7500'),
(67, 96, 'OBAT-234', '0', '0', '1500', '0', 1, '1500'),
(68, 97, 'OBAT-179', '0', '0', '6000', '0', 1, '6000'),
(69, 97, 'OBAT-438', '0', '0', '25000', '0', 1, '25000'),
(70, 98, 'KOS-226', '0', '0', '9500', '0', 1, '9500'),
(71, 98, 'ALKES-72', '0', '0', '27500', '0', 1, '27500'),
(72, 99, 'ALKES-57', '0', '0', '500', '0', 4, '2000'),
(73, 100, 'OBAT-166', '0', '0', '13000', '0', 1, '13000'),
(74, 100, 'OBAT-170', '0', '0', '3000', '0', 3, '9000'),
(75, 101, 'OBAT-152', '0', '0', '4000', '0', 1, '4000'),
(76, 102, 'OBAT-384', '0', '0', '23000', '0', 1, '23000'),
(77, 103, 'OBAT-78', '0', '0', '15500', '0', 1, '15500'),
(78, 103, 'OBAT-434', '0', '0', '6500', '0', 2, '13000'),
(79, 103, 'OBAT-122', '0', '0', '3000', '0', 2, '6000'),
(80, 103, 'OBAT-411', '0', '0', '8000', '0', 1, '8000'),
(81, 104, 'OBAT-195', '0', '0', '2000', '0', 1, '2000'),
(82, 105, 'OBAT-422', '0', '0', '3000', '0', 1, '3000'),
(83, 106, 'OBAT-239', '0', '0', '5000', '0', 1, '5000'),
(84, 106, 'KOS-16', '0', '0', '2500', '0', 1, '2500'),
(85, 107, 'ALKES-49', '0', '0', '2000', '0', 5, '10000'),
(86, 108, 'ALKES-49', '0', '0', '2000', '0', 2, '4000'),
(87, 108, 'ALKES-50', '0', '0', '2000', '0', 1, '2000'),
(88, 109, 'ALKES-49', '0', '0', '2000', '0', 5, '10000'),
(89, 110, 'OBAT-63', '0', '0', '39500', '0', 1, '39500'),
(90, 111, 'OBAT-245', '0', '0', '6000', '0', 1, '6000'),
(91, 111, 'OBAT-161', '0', '0', '6000', '0', 1, '6000'),
(92, 111, 'KOS-225', '0', '0', '5500', '0', 1, '5500'),
(93, 112, 'OBAT-125', '0', '0', '6000', '0', 1, '6000'),
(94, 113, 'OBAT-216', '0', '0', '16000', '0', 1, '16000'),
(95, 113, 'OBAT-301', '0', '0', '6500', '0', 1, '6500'),
(96, 113, 'OBAT-302', '0', '0', '6500', '0', 1, '6500'),
(97, 114, 'OBAT-412', '0', '0', '3000', '0', 1, '3000'),
(98, 115, 'ALKES-51', '0', '0', '2000', '0', 17, '34000'),
(99, 115, 'OBAT-179', '0', '0', '6000', '0', 1, '6000'),
(100, 116, 'OBAT-240', '0', '0', '3500', '0', 1, '3500'),
(101, 116, 'OBAT-332', '0', '0', '15000', '0', 1, '15000'),
(102, 117, 'ALKES-49', '0', '0', '2000', '0', 1, '2000'),
(103, 118, 'OBAT-78', '0', '0', '15500', '0', 1, '15500'),
(104, 118, 'ALKES-61', '0', '0', '32500', '0', 1, '32500'),
(105, 119, 'OBAT-194', '0', '0', '7500', '0', 1, '7500'),
(106, 120, 'OBAT-206', '0', '0', '45500', '0', 1, '45500'),
(107, 120, 'OBAT-238', '0', '0', '6000', '0', 1, '6000'),
(108, 121, 'OBAT-240', '0', '0', '3500', '0', 2, '7000'),
(109, 121, 'OBAT-51', '0', '0', '2500', '0', 1, '2500'),
(110, 122, 'OBAT-189', '0', '0', '2500', '0', 1, '2500'),
(111, 123, 'OBAT-331', '0', '0', '19000', '0', 1, '19000'),
(112, 123, 'OBAT-302', '0', '0', '6500', '0', 1, '6500'),
(113, 123, 'OBAT-161', '0', '0', '6000', '0', 1, '6000'),
(114, 124, 'OBAT-114', '0', '0', '48000', '0', 1, '48000'),
(116, 125, 'OBAT-302', '0', '0', '6500', '0', 1, '6500'),
(117, 126, 'ALKES-49', '0', '0', '2000', '0', 2, '4000'),
(118, 127, 'ALKES-49', '0', '0', '2000', '0', 2, '4000'),
(119, 128, 'ALKES-51', '0', '0', '2000', '0', 3, '6000'),
(120, 129, 'OBAT-329', '0', '0', '15500', '0', 1, '15500'),
(121, 130, 'OBAT-194', '0', '0', '7500', '0', 1, '7500'),
(122, 130, 'OBAT-88', '0', '0', '3000', '0', 1, '3000'),
(123, 131, 'OBAT-189', '0', '0', '2500', '0', 1, '2500'),
(124, 132, 'OBAT-369', '0', '0', '2500', '0', 3, '7500'),
(125, 132, 'OBAT-152', '0', '0', '4000', '0', 2, '8000'),
(126, 132, 'OBAT-110', '0', '0', '13000', '0', 1, '13000'),
(127, 132, 'OBAT-107', '0', '0', '30000', '0', 1, '30000'),
(128, 133, 'OBAT-296', '0', '0', '21000', '0', 1, '21000'),
(129, 134, 'OBAT-196', '0', '0', '3500', '0', 1, '3500'),
(130, 135, 'OBAT-155', '0', '0', '18000', '0', 1, '18000'),
(131, 135, 'OBAT-07', '0', '0', '26500', '0', 1, '26500'),
(132, 135, 'OBAT-41', '0', '0', '13000', '0', 1, '13000'),
(133, 136, 'ALKES-60', '0', '0', '2000', '0', 2, '4000'),
(134, 137, 'KOS-14', '0', '0', '10000', '0', 1, '10000'),
(135, 138, 'OBAT-223', '0', '0', '12000', '0', 1, '12000'),
(136, 138, 'OBAT-423', '0', '0', '6500', '0', 1, '6500'),
(137, 138, 'OBAT-33', '0', '0', '7000', '0', 1, '7000'),
(138, 139, 'OBAT-194', '0', '0', '7500', '0', 1, '7500'),
(139, 140, 'OBAT-224', '0', '0', '32000', '0', 1, '32000'),
(140, 140, 'OBAT-16', '0', '0', '17000', '0', 1, '17000'),
(141, 140, 'OBAT-129', '0', '0', '9000', '0', 1, '9000'),
(143, 141, 'OBAT-441', '0', '0', '6500', '0', 1, '6500'),
(144, 141, 'OBAT-204', '0', '0', '6500', '0', 1, '6500'),
(145, 141, 'OBAT-75', '0', '0', '7500', '0', 1, '7500'),
(146, 142, 'OBAT-194', '0', '0', '7500', '0', 1, '7500'),
(147, 143, 'OBAT-208', '0', '0', '2000', '0', 1, '2000'),
(148, 143, 'OBAT-413', '0', '0', '18500', '0', 1, '18500'),
(149, 143, 'KOS-31', '0', '0', '22500', '0', 1, '22500'),
(150, 144, 'OBAT-120', '0', '0', '6000', '0', 1, '6000'),
(151, 144, 'OBAT-200', '0', '0', '2500', '0', 1, '2500'),
(152, 145, 'OBAT-423', '0', '0', '6500', '0', 1, '6500'),
(153, 145, 'OBAT-11', '0', '0', '2500', '0', 1, '2500'),
(154, 145, 'OBAT-241', '0', '0', '7500', '0', 1, '7500'),
(155, 146, 'OBAT-354', '0', '0', '15000', '0', 1, '15000'),
(156, 146, 'KOS-62', '0', '0', '29500', '0', 1, '29500'),
(158, 146, 'OBAT-64', '0', '0', '71500', '0', 1, '71500'),
(159, 146, 'KOS-157', '0', '0', '68000', '0', 1, '68000'),
(160, 146, 'ALKES-53', '0', '0', '12000', '0', 1, '12000'),
(161, 147, 'OBAT-240', '0', '0', '3500', '0', 1, '3500'),
(162, 148, 'KOS-244', '0', '0', '3500', '0', 2, '7000'),
(163, 149, 'OBAT-234', '0', '0', '1500', '0', 2, '3000'),
(164, 149, 'OBAT-201', '0', '0', '3000', '0', 2, '6000'),
(165, 150, 'OBAT-194', '0', '0', '7500', '0', 1, '7500'),
(166, 150, 'ALKES-49', '0', '0', '2000', '0', 4, '8000'),
(167, 150, 'OBAT-106', '0', '0', '4000', '0', 2, '8000'),
(168, 151, 'OBAT-194', '0', '0', '7500', '0', 1, '7500'),
(169, 152, 'OBAT-296', '0', '0', '21000', '0', 1, '21000'),
(170, 152, 'OBAT-391', '0', '0', '27500', '0', 1, '27500'),
(171, 152, 'ALKES-64', '0', '0', '20000', '0', 1, '20000'),
(172, 153, 'OBAT-379', '0', '0', '23000', '0', 1, '23000'),
(173, 154, 'ALKES-66', '0', '0', '15000', '0', 1, '15000'),
(174, 154, 'OBAT-183', '0', '0', '15000', '0', 1, '15000'),
(175, 154, 'OBAT-135', '0', '0', '5500', '0', 1, '5500'),
(176, 155, 'OBAT-48', '0', '0', '1500', '0', 6, '9000'),
(178, 156, 'OBAT-53', '0', '0', '12000', '0', 1, '12000'),
(179, 156, 'OBAT-179', '0', '0', '6000', '0', 1, '6000'),
(180, 157, 'OBAT-32', '0', '0', '9000', '0', 1, '9000'),
(181, 158, 'OBAT-240', '0', '0', '3500', '0', 1, '3500'),
(182, 158, 'OBAT-302', '0', '0', '6500', '0', 1, '6500'),
(183, 158, 'OBAT-416', '0', '0', '7500', '0', 1, '7500'),
(184, 159, 'OBAT-402', '0', '0', '17000', '0', 1, '17000'),
(185, 159, 'KOS-16', '0', '0', '2500', '0', 1, '2500'),
(186, 160, 'OBAT-240', '0', '0', '3500', '0', 3, '10500'),
(187, 161, 'OBAT-41', '0', '0', '13000', '0', 1, '13000'),
(188, 162, 'OBAT-243', '0', '0', '2000', '0', 1, '2000'),
(189, 163, 'OBAT-82', '0', '0', '19000', '0', 1, '19000'),
(190, 164, 'OBAT-238', '0', '0', '6000', '0', 1, '6000'),
(191, 165, 'OBAT-198', '0', '0', '17500', '0', 1, '17500'),
(192, 165, 'OBAT-122', '0', '0', '3000', '0', 3, '9000'),
(193, 165, 'OBAT-257', '0', '0', '18500', '0', 1, '18500'),
(194, 166, 'OBAT-30', '0', '0', '9000', '0', 1, '9000'),
(195, 167, 'OBAT-98', '0', '0', '15000', '0', 1, '15000'),
(196, 168, 'OBAT-238', '0', '0', '6000', '0', 1, '6000'),
(197, 168, 'OBAT-350', '0', '0', '2500', '0', 1, '2500'),
(198, 169, 'OBAT-138', '0', '0', '3500', '0', 2, '7000'),
(199, 170, 'OBAT-241', '0', '0', '7500', '0', 1, '7500'),
(200, 171, 'OBAT-379', '0', '0', '23000', '0', 1, '23000'),
(201, 171, 'KOS-225', '0', '0', '5500', '0', 1, '5500'),
(202, 171, 'KOS-19', '0', '0', '4500', '0', 1, '4500'),
(203, 171, 'OBAT-211', '0', '0', '3000', '0', 1, '3000'),
(204, 172, 'OBAT-72', '0', '0', '2500', '0', 1, '2500'),
(205, 173, 'OBAT-397', '0', '0', '2500', '0', 1, '2500'),
(206, 173, 'OBAT-235', '0', '0', '2000', '0', 2, '4000'),
(207, 174, 'OBAT-121', '0', '0', '4500', '0', 2, '9000'),
(208, 175, 'OBAT-296', '0', '0', '21000', '0', 1, '21000'),
(209, 175, 'OBAT-370', '0', '0', '4000', '0', 1, '4000'),
(210, 176, 'OBAT-121', '0', '0', '4500', '0', 2, '9000'),
(211, 177, 'OBAT-241', '0', '0', '7500', '0', 1, '7500'),
(212, 178, 'ALKES-75', '0', '0', '26500', '0', 1, '26500'),
(213, 178, 'OBAT-24', '0', '0', '13500', '0', 1, '13500'),
(214, 178, 'OBAT-239', '0', '0', '5000', '0', 2, '10000'),
(215, 178, 'ALKES-55', '0', '0', '10000', '0', 1, '10000'),
(216, 179, 'OBAT-41', '0', '0', '13500', '0', 1, '13500'),
(217, 180, 'OBAT-240', '0', '0', '3500', '0', 2, '7000'),
(218, 181, 'OBAT-234', '0', '0', '1500', '0', 1, '1500'),
(219, 182, 'OBAT-138', '0', '0', '3500', '0', 1, '3500'),
(220, 183, 'OBAT-331', '0', '0', '19000', '0', 1, '19000'),
(221, 183, 'OBAT-384', '0', '0', '23000', '0', 1, '23000'),
(222, 184, 'OBAT-195', '0', '0', '2000', '0', 1, '2000'),
(223, 185, 'OBAT-206', '0', '0', '45500', '0', 1, '45500'),
(224, 185, 'OBAT-261', '0', '0', '3000', '0', 1, '3000'),
(225, 185, 'OBAT-161', '0', '0', '6000', '0', 1, '6000'),
(226, 186, 'ALKES-73', '0', '0', '11000', '0', 1, '11000'),
(237, 187, 'OBAT-334', '0', '0', '19000', '0', 1, '19000'),
(238, 187, 'OBAT-135', '0', '0', '5500', '0', 1, '5500'),
(239, 188, 'OBAT-364', '0', '0', '7500', '0', 2, '15000'),
(240, 188, 'OBAT-434', '0', '0', '6500', '0', 1, '6500'),
(241, 188, 'OBAT-135', '0', '0', '5500', '0', 1, '5500'),
(242, 189, 'ALKES-63', '0', '0', '10000', '0', 1, '10000'),
(243, 189, 'ALKES-62', '0', '0', '10000', '0', 1, '10000'),
(244, 189, 'ALKES-64', '0', '0', '20000', '0', 1, '20000'),
(245, 190, 'OBAT-59', '0', '0', '16500', '0', 1, '16500'),
(246, 191, 'OBAT-397', '0', '0', '2500', '0', 4, '10000'),
(247, 191, 'OBAT-196', '0', '0', '3500', '0', 4, '14000'),
(248, 191, 'OBAT-75', '0', '0', '7500', '0', 4, '30000'),
(249, 191, 'OBAT-239', '0', '0', '5000', '0', 4, '20000'),
(250, 191, 'OBAT-161', '0', '0', '6000', '0', 4, '24000'),
(251, 191, 'OBAT-299', '0', '0', '14500', '0', 2, '29000'),
(252, 191, 'OBAT-245', '0', '0', '7500', '0', 1, '7500'),
(253, 191, 'OBAT-09', '0', '0', '15500', '0', 1, '15500'),
(254, 191, 'KOS-226', '0', '0', '9500', '0', 2, '19000'),
(255, 191, 'ALKES-57', '0', '0', '500', '0', 20, '10000'),
(256, 192, 'ALKES-58', '0', '0', '13000', '0', 1, '13000'),
(257, 193, 'OBAT-240', '0', '0', '4000', '0', 3, '12000'),
(261, 194, 'OBAT-170', '0', '0', '3000', '0', 5, '15000'),
(262, 194, 'OBAT-150', '0', '0', '16500', '0', 1, '16500'),
(263, 195, 'OBAT-239', '0', '0', '5000', '0', 1, '5000'),
(264, 196, 'OBAT-279', '0', '0', '6000', '0', 1, '6000'),
(265, 197, 'OBAT-301', '0', '0', '6500', '0', 1, '6500'),
(266, 197, 'ALKES-36', '0', '0', '1500', '0', 2, '3000'),
(267, 198, 'OBAT-397', '0', '0', '2500', '0', 1, '2500'),
(268, 199, 'OBAT-106', '0', '0', '4000', '0', 3, '12000'),
(269, 199, 'OBAT-96', '0', '0', '33000', '0', 1, '33000'),
(270, 199, 'OBAT-441', '0', '0', '6500', '0', 1, '6500'),
(271, 199, 'OBAT-160', '0', '0', '13500', '0', 1, '13500'),
(272, 199, 'OBAT-137', '0', '0', '9000', '0', 1, '9000'),
(273, 200, 'ALKES-57', '0', '0', '500', '0', 4, '2000'),
(274, 201, 'OBAT-197', '0', '0', '3000', '0', 5, '15000'),
(275, 202, 'OBAT-127', '0', '0', '2500', '0', 4, '10000'),
(276, 203, 'OBAT-390', '0', '0', '9500', '0', 1, '9500'),
(277, 204, 'OBAT-449', '0', '0', '31000', '0', 1, '31000'),
(278, 204, 'OBAT-170', '0', '0', '3000', '0', 3, '9000'),
(279, 204, 'OBAT-369', '0', '0', '2500', '0', 3, '7500'),
(280, 205, 'OBAT-135', '0', '0', '5500', '0', 1, '5500'),
(281, 206, 'KOS-246', '0', '0', '8500', '0', 1, '8500'),
(282, 207, 'OBAT-13', '0', '0', '18500', '0', 1, '18500'),
(286, 208, 'OBAT-131', '0', '0', '2500', '0', 1, '2500'),
(287, 208, 'OBAT-179', '0', '0', '6000', '0', 1, '6000'),
(288, 209, 'OBAT-436', '0', '0', '52500', '0', 1, '52500'),
(289, 209, 'KOS-236', '0', '0', '13500', '0', 1, '13500'),
(290, 209, 'ALKES-73', '0', '0', '11000', '0', 1, '11000'),
(291, 209, 'OBAT-442', '0', '0', '25500', '0', 1, '25500'),
(292, 209, 'OBAT-278', '0', '0', '6000', '0', 1, '6000'),
(293, 209, 'OBAT-221', '0', '0', '9000', '0', 1, '9000'),
(301, 210, 'KOS-232', '0', '0', '10000', '0', 1, '10000'),
(327, 211, 'OBAT-196', '0', '0', '3500', '0', 1, '3500'),
(328, 211, 'OBAT-200', '0', '0', '2500', '0', 2, '5000'),
(329, 211, 'OBAT-120', '0', '0', '6000', '0', 1, '6000'),
(330, 211, 'OBAT-397', '0', '0', '2500', '0', 2, '5000'),
(331, 211, 'OBAT-135', '0', '0', '5500', '0', 2, '11000'),
(332, 211, 'OBAT-201', '0', '0', '3000', '0', 3, '9000'),
(333, 211, 'OBAT-235', '0', '0', '2000', '0', 2, '4000'),
(334, 212, 'OBAT-412', '0', '0', '3000', '0', 1, '3000'),
(335, 212, 'OBAT-200', '0', '0', '2500', '0', 1, '2500'),
(336, 213, 'OBAT-149', '0', '0', '24500', '0', 1, '24500'),
(338, 214, 'OBAT-200', '0', '0', '2500', '0', 1, '2500'),
(339, 214, 'OBAT-261', '0', '0', '3000', '0', 5, '15000'),
(340, 214, 'OBAT-135', '0', '0', '5500', '0', 1, '5500'),
(342, 214, 'OBAT-216', '0', '0', '16000', '0', 1, '16000'),
(344, 215, 'KOS-245', '0', '0', '10000', '0', 1, '10000'),
(345, 216, 'OBAT-240', '0', '0', '4000', '0', 2, '8000'),
(346, 216, 'OBAT-106', '0', '0', '4000', '0', 1, '4000'),
(347, 216, 'OBAT-211', '0', '0', '3000', '0', 2, '6000'),
(348, 216, 'KOS-19', '0', '0', '4500', '0', 1, '4500'),
(356, 217, 'OBAT-196', '0', '0', '3500', '0', 1, '3500'),
(357, 217, 'OBAT-138', '0', '0', '3500', '0', 2, '7000'),
(358, 218, 'OBAT-299', '0', '0', '14500', '0', 1, '14500'),
(359, 219, 'OBAT-135', '0', '0', '5500', '0', 3, '16500'),
(360, 219, 'OBAT-200', '0', '0', '2500', '0', 2, '5000'),
(361, 220, 'OBAT-197', '0', '0', '3000', '0', 1, '3000'),
(362, 221, 'OBAT-232', '0', '0', '3000', '0', 1, '3000'),
(363, 221, 'OBAT-412', '0', '0', '3000', '0', 2, '6000'),
(364, 221, 'OBAT-256', '0', '0', '45000', '0', 1, '45000'),
(365, 221, 'OBAT-21', '0', '0', '5000', '0', 1, '5000'),
(366, 222, 'OBAT-250', '0', '0', '15000', '0', 1, '15000'),
(367, 223, 'OBAT-443', '0', '0', '9500', '0', 1, '9500'),
(368, 224, 'OBAT-261', '0', '0', '3000', '0', 1, '3000'),
(369, 224, 'OBAT-122', '0', '0', '3000', '0', 1, '3000'),
(370, 225, 'OBAT-214', '0', '0', '14500', '0', 1, '14500'),
(371, 225, 'OBAT-52', '0', '0', '6500', '0', 1, '6500'),
(372, 226, 'OBAT-52', '0', '0', '6500', '0', 1, '6500'),
(373, 226, 'OBAT-155', '0', '0', '18000', '0', 1, '18000'),
(374, 226, 'OBAT-211', '0', '0', '3000', '0', 5, '15000'),
(375, 226, 'OBAT-106', '0', '0', '4000', '0', 3, '12000'),
(376, 226, 'OBAT-412', '0', '0', '3000', '0', 1, '3000'),
(378, 227, 'OBAT-443', '0', '0', '9500', '0', 1, '9500'),
(379, 227, 'OBAT-07', '0', '0', '26500', '0', 1, '26500'),
(380, 227, 'OBAT-122', '0', '0', '3000', '0', 3, '9000'),
(381, 228, 'OBAT-152', '0', '0', '4000', '0', 2, '8000'),
(382, 228, 'OBAT-98', '0', '0', '15000', '0', 1, '15000'),
(383, 229, 'OBAT-128', '0', '0', '1500', '0', 2, '3000'),
(384, 229, 'OBAT-240', '0', '0', '4000', '0', 2, '8000'),
(385, 229, 'OBAT-103', '0', '0', '22000', '0', 1, '22000'),
(386, 230, 'OBAT-106', '0', '0', '4000', '0', 12, '48000'),
(387, 230, 'OBAT-204', '0', '0', '6500', '0', 1, '6500'),
(388, 230, 'OBAT-75', '0', '0', '7500', '0', 1, '7500'),
(389, 231, 'OBAT-83', '0', '0', '8500', '0', 1, '8500'),
(390, 231, 'OBAT-135', '0', '0', '5500', '0', 1, '5500'),
(391, 232, 'OBAT-214', '0', '0', '14500', '0', 1, '14500'),
(392, 233, 'OBAT-152', '0', '0', '4000', '0', 1, '4000'),
(393, 234, 'OBAT-134', '0', '0', '5000', '0', 1, '5000'),
(394, 235, 'OBAT-155', '0', '0', '18000', '0', 1, '18000'),
(395, 235, 'OBAT-469', '0', '0', '5500', '0', 1, '5500'),
(400, 236, 'OBAT-121', '0', '0', '4500', '0', 2, '9000'),
(401, 236, 'OBAT-162', '0', '0', '11000', '0', 1, '11000'),
(402, 237, 'ALKES-74', '0', '0', '5500', '0', 1, '5500'),
(403, 238, 'OBAT-200', '0', '0', '2500', '0', 1, '2500'),
(404, 238, 'OBAT-201', '0', '0', '3000', '0', 3, '9000'),
(405, 238, 'OBAT-120', '0', '0', '6000', '0', 1, '6000'),
(406, 238, 'OBAT-135', '0', '0', '5500', '0', 3, '16500'),
(407, 238, 'OBAT-235', '0', '0', '2000', '0', 2, '4000'),
(408, 239, 'OBAT-370', '0', '0', '4000', '0', 5, '20000'),
(409, 240, 'KOS-215', '0', '0', '25000', '0', 1, '25000'),
(410, 240, 'OBAT-109', '0', '0', '13000', '0', 1, '13000'),
(411, 241, 'OBAT-154', '0', '0', '3000', '0', 1, '3000'),
(412, 241, 'OBAT-196', '0', '0', '3500', '0', 1, '3500'),
(413, 241, 'OBAT-397', '0', '0', '2500', '0', 1, '2500'),
(414, 242, 'ALKES-57', '0', '0', '500', '0', 4, '2000'),
(415, 243, 'OBAT-64', '0', '0', '71500', '0', 1, '71500'),
(416, 243, 'KOS-55', '0', '0', '35000', '0', 1, '35000'),
(417, 243, 'OBAT-467', '0', '0', '7000', '0', 1, '7000'),
(418, 244, 'ALKES-58', '0', '0', '13000', '0', 1, '13000'),
(419, 245, 'OBAT-412', '0', '0', '3000', '0', 1, '3000'),
(420, 246, 'OBAT-144', '0', '0', '41000', '0', 1, '41000'),
(421, 246, 'OBAT-170', '0', '0', '3000', '0', 3, '9000'),
(422, 246, 'ALKES-49', '0', '0', '2000', '0', 1, '2000'),
(423, 247, 'OBAT-106', '0', '0', '4000', '0', 6, '24000'),
(424, 247, 'OBAT-286', '0', '0', '12000', '0', 1, '12000'),
(425, 247, 'OBAT-296', '0', '0', '21000', '0', 1, '21000'),
(426, 247, 'OBAT-397', '0', '0', '2500', '0', 1, '2500'),
(427, 247, 'OBAT-469', '0', '0', '5500', '0', 1, '5500'),
(428, 247, 'OBAT-347', '0', '0', '3500', '0', 1, '3500'),
(429, 247, 'OBAT-125', '0', '0', '6000', '0', 1, '6000'),
(432, 248, 'OBAT-190', '0', '0', '20000', '0', 1, '20000'),
(433, 249, 'OBAT-155', '0', '0', '18000', '0', 1, '18000'),
(434, 249, 'OBAT-196', '0', '0', '3500', '0', 1, '3500'),
(436, 249, 'KOS-213', '0', '0', '20500', '0', 1, '20500'),
(439, 250, 'OBAT-106', '0', '0', '4000', '0', 3, '12000'),
(440, 251, 'OBAT-235', '0', '0', '2000', '0', 3, '6000'),
(441, 251, 'OBAT-201', '0', '0', '3000', '0', 3, '9000'),
(442, 252, 'OBAT-170', '0', '0', '3000', '0', 1, '3000'),
(443, 252, 'OBAT-121', '0', '0', '4500', '0', 1, '4500'),
(444, 253, 'OBAT-240', '0', '0', '4000', '0', 1, '4000'),
(445, 253, 'OBAT-103', '0', '0', '22000', '0', 1, '22000'),
(446, 254, 'OBAT-126', '0', '0', '2500', '0', 4, '10000'),
(447, 255, 'OBAT-214', '0', '0', '14500', '0', 1, '14500'),
(448, 256, 'OBAT-434', '0', '0', '6500', '0', 2, '13000'),
(449, 256, 'OBAT-105', '0', '0', '27500', '0', 1, '27500'),
(450, 256, 'OBAT-77', '0', '0', '12500', '0', 1, '12500'),
(451, 256, 'OBAT-122', '0', '0', '3000', '0', 3, '9000'),
(452, 257, 'OBAT-179', '0', '0', '6000', '0', 1, '6000'),
(453, 258, 'OBAT-411', '0', '0', '8000', '0', 1, '8000'),
(454, 259, 'OBAT-20', '0', '0', '26500', '0', 1, '26500'),
(455, 259, 'OBAT-161', '0', '0', '6000', '0', 1, '6000'),
(456, 260, 'OBAT-68', '0', '0', '15000', '0', 1, '15000'),
(457, 260, 'OBAT-351', '0', '0', '24500', '0', 1, '24500'),
(458, 261, 'OBAT-181', '0', '0', '5500', '0', 1, '5500'),
(459, 261, 'OBAT-125', '0', '0', '6000', '0', 1, '6000'),
(464, 262, 'OBAT-201', '0', '0', '3000', '0', 2, '6000'),
(465, 262, 'OBAT-200', '0', '0', '2500', '0', 1, '2500'),
(466, 262, 'OBAT-397', '0', '0', '2500', '0', 1, '2500'),
(467, 262, 'OBAT-235', '0', '0', '2000', '0', 2, '4000'),
(468, 262, 'OBAT-234', '0', '0', '1500', '0', 1, '1500'),
(469, 263, 'OBAT-121', '0', '0', '4500', '0', 2, '9000'),
(470, 264, 'OBAT-107', '0', '0', '30000', '0', 1, '30000'),
(471, 265, 'KOS-149', '0', '0', '77000', '0', 1, '77000'),
(472, 265, 'KOS-166', '0', '0', '117000', '0', 1, '117000'),
(473, 266, 'OBAT-14', '0', '0', '12500', '0', 1, '12500'),
(474, 266, 'KOS-213', '0', '0', '20500', '0', 1, '20500'),
(475, 266, 'OBAT-308', '0', '0', '7000', '0', 1, '7000'),
(476, 266, 'KOS-194', '0', '0', '60000', '0', 1, '60000'),
(477, 266, 'KOS-121', '0', '0', '62500', '0', 1, '62500'),
(478, 267, 'KOS-231', '0', '0', '15500', '0', 1, '15500'),
(481, 268, 'OBAT-138', '0', '0', '3500', '0', 1, '3500'),
(482, 268, 'OBAT-152', '0', '0', '4000', '0', 1, '4000'),
(488, 269, 'OBAT-100', '0', '0', '6500', '0', 1, '6500'),
(489, 269, 'OBAT-129', '0', '0', '9000', '0', 1, '9000'),
(490, 270, 'OBAT-207', '0', '0', '11000', '0', 1, '11000'),
(491, 270, 'ALKES-55', '0', '0', '10000', '0', 1, '10000'),
(492, 271, 'KOS-45', '0', '0', '24500', '0', 1, '24500'),
(493, 271, 'OBAT-411', '0', '0', '8000', '0', 1, '8000'),
(494, 271, 'OBAT-138', '0', '0', '3500', '0', 1, '3500'),
(495, 271, 'OBAT-126', '0', '0', '2500', '0', 1, '2500'),
(496, 272, 'OBAT-379', '0', '0', '23000', '0', 1, '23000'),
(497, 273, 'ALKES-66', '0', '0', '15000', '0', 1, '15000'),
(498, 274, 'OBAT-195', '0', '0', '2000', '0', 1, '2000'),
(499, 275, 'OBAT-11', '0', '0', '2500', '0', 2, '5000'),
(500, 276, 'OBAT-246', '0', '0', '5000', '0', 4, '20000'),
(501, 276, 'OBAT-243', '0', '0', '2000', '0', 1, '2000'),
(503, 277, 'OBAT-78', '0', '0', '17000', '0', 1, '17000'),
(504, 278, 'ALKES-55', '0', '0', '10000', '0', 1, '10000'),
(505, 278, 'OBAT-195', '0', '0', '2000', '0', 1, '2000'),
(506, 279, 'ALKES-50', '0', '0', '2000', '0', 4, '8000'),
(507, 280, 'OBAT-207', '0', '0', '11000', '0', 1, '11000'),
(508, 280, 'OBAT-352', '0', '0', '9500', '0', 2, '19000'),
(511, 281, 'OBAT-397', '0', '0', '2500', '0', 1, '2500'),
(512, 281, 'OBAT-234', '0', '0', '1500', '0', 1, '1500'),
(513, 281, 'OBAT-88', '0', '0', '3000', '0', 1, '3000'),
(514, 281, 'OBAT-443', '0', '0', '9500', '0', 1, '9500'),
(515, 282, 'OBAT-170', '0', '0', '3000', '0', 1, '3000'),
(516, 282, 'OBAT-122', '0', '0', '3000', '0', 1, '3000'),
(517, 283, 'OBAT-232', '0', '0', '3000', '0', 1, '3000'),
(518, 283, 'OBAT-170', '0', '0', '3000', '0', 4, '12000'),
(519, 283, 'OBAT-197', '0', '0', '3000', '0', 3, '9000'),
(520, 284, 'OBAT-379', '0', '0', '23000', '0', 2, '46000'),
(521, 284, 'OBAT-162', '0', '0', '11000', '0', 1, '11000'),
(522, 285, 'OBAT-13', '0', '0', '18500', '0', 1, '18500'),
(523, 285, 'OBAT-364', '0', '0', '7500', '0', 1, '7500'),
(524, 285, 'OBAT-126', '0', '0', '2500', '0', 1, '2500'),
(525, 286, 'OBAT-138', '0', '0', '3500', '0', 1, '3500'),
(526, 286, 'OBAT-35', '0', '0', '12000', '0', 1, '12000'),
(527, 287, 'OBAT-412', '0', '0', '3000', '0', 1, '3000'),
(528, 287, 'KOS-225', '0', '0', '5500', '0', 1, '5500'),
(529, 287, 'ALKES-36', '0', '0', '1500', '0', 4, '6000'),
(530, 288, 'KOS-63', '0', '0', '29500', '0', 1, '29500'),
(531, 289, 'KOS-226', '0', '0', '9500', '0', 2, '19000'),
(532, 289, 'OBAT-196', '0', '0', '3500', '0', 1, '3500'),
(533, 289, 'OBAT-129', '0', '0', '9000', '0', 2, '18000'),
(534, 290, 'OBAT-135', '0', '0', '5500', '0', 1, '5500'),
(535, 290, 'OBAT-201', '0', '0', '3000', '0', 1, '3000'),
(536, 291, 'OBAT-106', '0', '0', '4000', '0', 12, '48000'),
(537, 292, 'OBAT-77', '0', '0', '12500', '0', 1, '12500'),
(538, 292, 'OBAT-157', '0', '0', '7500', '0', 1, '7500'),
(539, 293, 'OBAT-347', '0', '0', '3500', '0', 1, '3500'),
(541, 295, 'OBAT-170', '0', '0', '3000', '0', 1, '3000'),
(542, 295, 'OBAT-197', '0', '0', '3000', '0', 1, '3000'),
(543, 295, 'ALKES-51', '0', '0', '2000', '0', 1, '2000'),
(544, 296, 'OBAT-240', '0', '0', '4000', '0', 2, '8000'),
(545, 297, 'OBAT-350', '0', '0', '2500', '0', 1, '2500'),
(546, 297, 'OBAT-135', '0', '0', '5500', '0', 2, '11000'),
(547, 297, 'OBAT-347', '0', '0', '3500', '0', 1, '3500'),
(548, 297, 'OBAT-201', '0', '0', '3000', '0', 2, '6000'),
(549, 297, 'OBAT-200', '0', '0', '2500', '0', 2, '5000'),
(550, 298, 'OBAT-106', '0', '0', '4000', '0', 2, '8000'),
(551, 298, 'OBAT-210', '0', '0', '3000', '0', 2, '6000'),
(552, 299, 'OBAT-231', '0', '0', '11000', '0', 1, '11000'),
(553, 299, 'ALKES-64', '0', '0', '20000', '0', 1, '20000'),
(554, 299, 'ALKES-63', '0', '0', '10000', '0', 1, '10000'),
(555, 299, 'ALKES-62', '0', '0', '10000', '0', 1, '10000'),
(556, 300, 'OBAT-397', '0', '0', '2500', '0', 1, '2500'),
(557, 301, 'OBAT-126', '0', '0', '2500', '0', 1, '2500'),
(558, 301, 'OBAT-302', '0', '0', '6500', '0', 1, '6500'),
(559, 301, 'OBAT-195', '0', '0', '2000', '0', 1, '2000'),
(560, 301, 'OBAT-241', '0', '0', '7500', '0', 1, '7500'),
(561, 301, 'KOS-246', '0', '0', '8500', '0', 1, '8500'),
(562, 302, 'OBAT-467', '0', '0', '7000', '0', 1, '7000'),
(563, 302, 'OBAT-396', '0', '0', '7500', '0', 1, '7500'),
(564, 302, 'OBAT-93', '0', '0', '17500', '0', 1, '17500'),
(565, 302, 'OBAT-162', '0', '0', '11000', '0', 1, '11000'),
(566, 302, 'OBAT-81', '0', '0', '21000', '0', 1, '21000'),
(567, 303, 'OBAT-318', '0', '0', '28500', '0', 1, '28500'),
(568, 304, 'OBAT-64', '0', '0', '71500', '0', 1, '71500'),
(569, 304, 'KOS-236', '0', '0', '13500', '0', 1, '13500'),
(570, 304, 'KOS-64', '0', '0', '19000', '0', 1, '19000'),
(571, 305, 'OBAT-239', '0', '0', '5000', '0', 1, '5000'),
(572, 305, 'OBAT-100', '0', '0', '6500', '0', 1, '6500'),
(573, 305, 'OBAT-200', '0', '0', '2500', '0', 1, '2500'),
(574, 306, 'OBAT-179', '0', '0', '6000', '0', 1, '6000'),
(575, 306, 'OBAT-159', '0', '0', '14500', '0', 1, '14500'),
(576, 306, 'KOS-87', '0', '0', '19500', '0', 1, '19500'),
(577, 307, 'KOS-247', '0', '0', '38500', '0', 1, '38500'),
(578, 307, 'OBAT-282', '0', '0', '8000', '0', 1, '8000'),
(579, 308, 'OBAT-416', '0', '0', '7500', '0', 1, '7500'),
(580, 308, 'OBAT-61', '0', '0', '8000', '0', 1, '8000'),
(581, 308, 'OBAT-72', '0', '0', '2500', '0', 1, '2500'),
(582, 308, 'ALKES-51', '0', '0', '2000', '0', 2, '4000'),
(583, 309, 'OBAT-41', '0', '0', '14000', '0', 1, '14000'),
(584, 310, 'OBAT-207', '0', '0', '11000', '0', 1, '11000'),
(585, 310, 'OBAT-231', '0', '0', '11000', '0', 1, '11000'),
(586, 310, 'OBAT-204', '0', '0', '6500', '0', 1, '6500'),
(588, 310, 'OBAT-215', '0', '0', '14500', '0', 1, '14500'),
(589, 311, 'OBAT-138', '0', '0', '3500', '0', 1, '3500'),
(590, 311, 'OBAT-21', '0', '0', '5000', '0', 1, '5000'),
(591, 311, 'OBAT-162', '0', '0', '11000', '0', 1, '11000'),
(592, 311, 'OBAT-72', '0', '0', '2500', '0', 2, '5000'),
(593, 312, 'OBAT-160', '0', '0', '13500', '0', 1, '13500'),
(594, 312, 'OBAT-232', '0', '0', '3000', '0', 1, '3000'),
(595, 312, 'OBAT-57', '0', '0', '9500', '0', 1, '9500'),
(596, 313, 'ALKES-49', '0', '0', '2000', '0', 2, '4000'),
(597, 313, 'OBAT-350', '0', '0', '2500', '0', 1, '2500'),
(598, 313, 'OBAT-137', '0', '0', '9000', '0', 1, '9000'),
(599, 313, 'OBAT-356', '0', '0', '7500', '0', 1, '7500'),
(600, 313, 'OBAT-152', '0', '0', '4000', '0', 1, '4000'),
(601, 313, 'OBAT-364', '0', '0', '7500', '0', 1, '7500'),
(602, 314, 'OBAT-379', '0', '0', '24000', '0', 1, '24000'),
(603, 314, 'OBAT-384', '0', '0', '23000', '0', 1, '23000'),
(604, 314, 'OBAT-52', '0', '0', '6500', '0', 1, '6500'),
(605, 314, 'KOS-09', '0', '0', '34000', '0', 1, '34000'),
(606, 314, 'OBAT-369', '0', '0', '3000', '0', 3, '9000'),
(607, 315, 'OBAT-434', '0', '0', '6500', '0', 1, '6500'),
(608, 315, 'OBAT-122', '0', '0', '3000', '0', 3, '9000'),
(609, 315, 'OBAT-103', '0', '0', '22000', '0', 1, '22000'),
(610, 315, 'OBAT-296', '0', '0', '21000', '0', 1, '21000'),
(612, 316, 'OBAT-412', '0', '0', '3500', '0', 1, '3500'),
(613, 317, 'OBAT-241', '0', '0', '7500', '0', 1, '7500'),
(614, 317, 'OBAT-198', '0', '0', '17500', '0', 1, '17500'),
(615, 318, 'OBAT-241', '0', '0', '7500', '0', 1, '7500'),
(616, 318, 'OBAT-198', '0', '0', '17500', '0', 1, '17500'),
(617, 318, 'OBAT-254', '0', '0', '69000', '0', 1, '69000'),
(618, 318, 'KOS-140', '0', '0', '68000', '0', 1, '68000'),
(619, 318, 'OBAT-52', '0', '0', '6500', '0', 2, '13000'),
(620, 318, 'OBAT-477', '0', '0', '28500', '0', 1, '28500'),
(621, 318, 'KOS-143', '0', '0', '47000', '0', 1, '47000'),
(622, 318, 'OBAT-416', '0', '0', '7500', '0', 1, '7500'),
(623, 318, 'OBAT-195', '0', '0', '2000', '0', 2, '4000'),
(624, 318, 'OBAT-200', '0', '0', '2500', '0', 2, '5000');

-- --------------------------------------------------------

--
-- Table structure for table `master_admin`
--

CREATE TABLE `master_admin` (
  `id` int(11) NOT NULL,
  `kategori` int(11) NOT NULL,
  `username` varchar(30) NOT NULL,
  `password` varchar(150) NOT NULL,
  `nama_admin` varchar(200) NOT NULL,
  `jenis_kelamin` enum('laki-laki','perempuan') NOT NULL DEFAULT 'laki-laki',
  `alamat` varchar(200) NOT NULL,
  `telepon` varchar(30) NOT NULL,
  `handphone` varchar(30) NOT NULL,
  `email` varchar(100) NOT NULL,
  `aktif` enum('0','1') NOT NULL DEFAULT '1',
  `waktu_update` timestamp NOT NULL DEFAULT current_timestamp() ON UPDATE current_timestamp()
) ENGINE=InnoDB DEFAULT CHARSET=latin1 COLLATE=latin1_swedish_ci;

--
-- Dumping data for table `master_admin`
--

INSERT INTO `master_admin` (`id`, `kategori`, `username`, `password`, `nama_admin`, `jenis_kelamin`, `alamat`, `telepon`, `handphone`, `email`, `aktif`, `waktu_update`) VALUES
(1, 31, 'superadmin', '$2y$10$3r/qGUSBYgTFDshMzk0RNOzp3GicQFG0rf5D05QPoqCzVAf4lVP9W', 'iis', 'perempuan', 'kalisapu', '', '-', '-', '1', '2023-04-17 02:04:01'),
(2, 32, 'user_kasir', '$2y$10$l1yNDeXjOcFP5jUAvp/be.C4aiC4J.5kwr26wiupnzbkduT4IKe3y', 'Andika', 'laki-laki', 'Jalan kelapa muda no 21', '', '082183439921', 'andika@gmail.com', '1', '2019-07-05 04:24:09');

-- --------------------------------------------------------

--
-- Table structure for table `master_bank`
--

CREATE TABLE `master_bank` (
  `singkatan` varchar(30) NOT NULL,
  `nama_bank` varchar(100) NOT NULL,
  `jenis` enum('credit card','debet') NOT NULL DEFAULT 'debet',
  `waktu_update` timestamp NOT NULL DEFAULT current_timestamp() ON UPDATE current_timestamp()
) ENGINE=InnoDB DEFAULT CHARSET=latin1 COLLATE=latin1_swedish_ci;

--
-- Dumping data for table `master_bank`
--

INSERT INTO `master_bank` (`singkatan`, `nama_bank`, `jenis`, `waktu_update`) VALUES
('Amex', 'Amex', 'credit card', '2019-06-28 11:04:06'),
('BCA', 'Bank Central Asia', 'debet', '2019-06-28 11:02:02'),
('BNI', 'Bank Nasional Indonesia', 'debet', '2019-06-28 11:02:26'),
('BRI', 'Bank Rakyat Indonesia', 'debet', '2019-06-28 11:02:26'),
('Discover', 'Discover', 'credit card', '2019-06-28 19:02:30'),
('Mandiri', 'Bank Mandiri', 'debet', '2019-06-28 11:02:02'),
('Master Card', 'Master Card', 'credit card', '2019-06-28 11:03:30'),
('Visa', 'Visa', 'credit card', '2019-06-28 11:03:30');

-- --------------------------------------------------------

--
-- Table structure for table `master_diskon_kelipatan`
--

CREATE TABLE `master_diskon_kelipatan` (
  `id` int(11) NOT NULL,
  `kode_item` varchar(100) NOT NULL,
  `min_kuantiti` int(2) NOT NULL,
  `diskon` decimal(10,0) NOT NULL,
  `tanggal_berakhir` date NOT NULL,
  `waktu_update_diskon` timestamp NOT NULL DEFAULT current_timestamp() ON UPDATE current_timestamp()
) ENGINE=InnoDB DEFAULT CHARSET=latin1 COLLATE=latin1_swedish_ci;

--
-- Dumping data for table `master_diskon_kelipatan`
--

INSERT INTO `master_diskon_kelipatan` (`id`, `kode_item`, `min_kuantiti`, `diskon`, `tanggal_berakhir`, `waktu_update_diskon`) VALUES
(3, '8999909028239', 1, '1500', '2019-08-30', '2019-06-29 16:02:11'),
(4, '8999909028238', 1, '500', '2019-07-06', '2019-06-29 18:49:30');

-- --------------------------------------------------------

--
-- Table structure for table `master_dokter`
--

CREATE TABLE `master_dokter` (
  `kode_dokter` varchar(15) NOT NULL,
  `nama_dokter` varchar(200) NOT NULL,
  `alamat` varchar(200) NOT NULL,
  `telepon` varchar(30) NOT NULL,
  `handphone` varchar(30) NOT NULL,
  `jenis_kelamin` enum('laki-laki','perempuan') NOT NULL DEFAULT 'laki-laki',
  `waktu_update` timestamp NOT NULL DEFAULT current_timestamp() ON UPDATE current_timestamp()
) ENGINE=InnoDB DEFAULT CHARSET=latin1 COLLATE=latin1_swedish_ci;

--
-- Dumping data for table `master_dokter`
--

INSERT INTO `master_dokter` (`kode_dokter`, `nama_dokter`, `alamat`, `telepon`, `handphone`, `jenis_kelamin`, `waktu_update`) VALUES
('01', 'apt Arfina Fahamsya, M.Sc', 'Jl Cut Nyak dien slawi', '', '085786000013', 'perempuan', '2023-02-07 04:01:27');

-- --------------------------------------------------------

--
-- Table structure for table `master_item`
--

CREATE TABLE `master_item` (
  `kode_item` varchar(100) NOT NULL,
  `jenis` enum('obat','alkes','racikan') NOT NULL DEFAULT 'obat',
  `kategori` varchar(100) NOT NULL,
  `satuan` varchar(100) NOT NULL,
  `merk` varchar(100) DEFAULT NULL,
  `nama_item` varchar(200) NOT NULL,
  `keterangan` varchar(500) NOT NULL,
  `lokasi` varchar(100) NOT NULL,
  `gambar` varchar(200) NOT NULL DEFAULT 'default.jpg',
  `harga_jual` decimal(10,0) NOT NULL,
  `waktu_update` timestamp NOT NULL DEFAULT current_timestamp() ON UPDATE current_timestamp(),
  `upah_peracik` decimal(10,0) NOT NULL,
  `aturan_pakai` varchar(100) NOT NULL,
  `stok` int(11) NOT NULL
) ENGINE=InnoDB DEFAULT CHARSET=latin1 COLLATE=latin1_swedish_ci;

--
-- Dumping data for table `master_item`
--

INSERT INTO `master_item` (`kode_item`, `jenis`, `kategori`, `satuan`, `merk`, `nama_item`, `keterangan`, `lokasi`, `gambar`, `harga_jual`, `waktu_update`, `upah_peracik`, `aturan_pakai`, `stok`) VALUES
('8999909028213', 'obat', 'Herbal', 'Botol', 'Acne', 'AFI SALEP 15 GRAM', 'Digunakan untuk mengobati kudis, koreng dan gatal-gata', 'Rak B', '8999909028213.jpg', '5000', '2022-12-23 15:04:12', '0', '', 0),
('8999909028215', 'obat', 'Herbal', 'Tube', 'Ambeven', 'BETASON KRIM 5 GRAM', 'Obat kulit yang berfungsi untuk meredakan peradangan kulit yang disebabkan oleh mikroorganisme, eksema, psoriasis, dan alergi.', 'Rak B', '8999909028215.jpg', '9000', '2022-12-23 15:04:25', '0', '', 0),
('8999909028216', 'obat', 'Herbal', 'Botol', 'Ambeven', 'ABIXA 10 MG TABLET', 'Abixa mengandung Memantine Hydrochloride yang digunakan untuk membantu mengobati demensia pada pasien alzheimer', 'Rak B', '8999909028216.jpg', '33000', '2022-12-23 15:04:30', '0', '', 0),
('8999909028217', 'obat', 'Herbal', 'Botol', 'Acne', 'ABBOTIC XL 500 MG TABLET', 'Mengandung clarithromycin/klaritomisin digunakan untuk mengobati infeksi yang disebabkan oleh bakteri terutama pada saluran pernapasan, kulit dan telinga . Selain itu, kombinasi dengan obat lain digunakan untuk mengobati gangguan pada lambung yang disebabkan oleh bakteri Helicobacter pylori.', 'Rak B', '8999909028217.jpg', '50000', '2022-12-23 15:04:36', '0', '', 0),
('8999909028218', 'obat', 'Herbal', 'Tablet', 'Acne', 'A-B VASK 10 MG BOX 100 TABLET', 'Untuk pengobatan hipertensi (tekanan darah tinggi), angina stabil kronik, pengobatan pasien yang pasti atau diduga menderita angina vasospastik (angina varian)', 'Rak B', '8999909028218.jpg', '350000', '2022-12-23 15:04:42', '0', '', 0),
('8999909028219', 'obat', 'Obat', 'Tablet', 'Bintang Toedjo', '3TC-HBV 100 MG TABLET', 'Mengandung lamivudin untuk mengobati infeksi hepatitis B kronik dengan bukti adanya replikasi virus hepatitis B', 'Rak B', '8999909028219.jpg', '18000', '2022-12-23 15:04:47', '0', '', 0),
('8999909028220', 'obat', 'Herbal', 'Botol', 'Bintang Toedjo', 'COOLANT 350 ML BOTOL', 'Coolant merupakan minuman dari ekstrak Chrysantemum dan ekstrak bengkuang yang dapat melancarkan metabolisme tubuh ketika keadaan gerah sehiingga aktifitas kembali lancar.', 'Rak B', '8999909028220.jpg', '6500', '2022-12-23 15:04:51', '0', '', 0),
('8999909028221', 'obat', 'Herbal', 'Box', 'Acne', 'BONEETO 5-12 TAHUN RASA COKLAT 700 GRAM', 'Susu rasa coklat ini merupakan salah satu makanan pokok bagi tubuh bayi karena masa kecil akan menentukan perkembangan anak, gunakan apabila memang diharuskan bagi anak usia 5-12 tahun.', 'Rak B', '8999909028221.jpg', '80000', '2022-12-23 15:04:56', '0', '', 0),
('8999909028222', 'obat', 'Herbal', 'Box', 'Cussons', 'APPETON WEIGHT GAIN DEWASA RASA VANILA 900 GRAM KALENG', 'Appeton Weight Gain Adult merupakan susu formula yang edilengkapi dengan whey protein yang akan membantu Anda untuk mendapatkan berat badan ideal bagi Anda yang memiliki berat badan yang kurang dari proporsional badan Anda.', 'Rak B', '8999909028222.jpg', '460000', '2022-12-23 15:05:01', '0', '', 0),
('8999909028223', 'obat', 'Herbal', 'Box', 'Acne', 'ANLENE ACTIFIT RASA COKELAT 250 GRAM', 'Anlene Actifit merupakan susu berkalsium tinggi yang rendah lemak diformulasikan dengan formula Movemax khusus untuk wanita dan pria usia 19-50 tahun agar Anda dapat tetap bergerak aktif demi diri sendiri dan orang yang kamu sayangi.\r\n\r\n', 'Rak B', '8999909028223.jpg', '35000', '2022-12-23 15:05:07', '0', '', 0),
('8999909028224', 'obat', 'Herbal', 'Botol', 'Bintang Toedjo', 'AL SHIFA MADU ARAB 250 GRAM', 'Al shifa madu arab merupakan madu asli arab yang sangat baik untuk stamina dan pengobatan penyakit\r\n\r\n', 'Rak B', '8999909028224.jpg', '64000', '2022-12-23 15:05:14', '0', '', 0),
('8999909028226', 'obat', 'Kecantikan', 'Botol', 'Cussons', 'ACANTHE SUNSCREEN SPF30 30 GRAM KRIM', 'Tabir surya yang digunakan untuk kulit normal hingga kering, berfungsi untuk mencegah bintik-bintik dan penuaan dini akibat dari paparan sinar matahari. Formula tabis surya khusus yang bebas PABA mengandung kombinasi tabir surya ganda, yang dapat melindungi kulit anda dari bahaya UV-A dan UV-B\r\n\r\n', 'Rak A', '8999909028226.jpg', '84000', '2022-12-23 15:05:22', '0', '', 0),
('8999909028227', 'obat', 'Kecantikan', 'Tube', 'Cussons', 'ANTIPLAQUE PASTA GIGI 75 GRAM TUBE', 'Antiplaque pasta gigi dapat membantu membersihkan daerah gigi sehingga mencegah terjadinya plak, gigi berlubang, gusi berdarah, radang gusi dan masalah gigi lainnya.\r\n\r\n', 'Rak A', '8999909028227.jpg', '25000', '2022-12-23 15:05:27', '0', '', 0),
('8999909028228', 'obat', 'Kecantikan', 'Botol', 'Acne', 'ALYSSA ASHLEY WHITE MUSK BODY LOTION 750 ML BOTOL', 'Alyssa ashley putih merupakan body lotion untuk membantu menutrisi kulit dari dalam,menjadikan kulit halus,bersinar,putih dan memudarkan noda hitam yang terbuat dari bahan alami sehingga aman tanpa efek samping.\r\n\r\n', 'Rak A', '8999909028228.jpg', '148000', '2022-12-23 15:05:33', '0', '', 0),
('8999909028231', 'obat', 'Herbal', 'Botol', 'Bintang Toedjo', 'BIO GOLD GAMAT EMAS 350 GRAM', 'Bio Gold Gamat merupakan suplemen yang berasal dari teripang dan berfungsi untuk memelihara kesehatan tubuh.', 'Rak A', '8999909028231.jpg', '160000', '2022-12-23 15:05:47', '0', '', 0),
('8999909028232', 'obat', 'Herbal', 'Botol', 'Bintang Toedjo', 'BINTANG TOEDJOE MASUK ANGIN PLUS 4 TUBE', 'Bintang toedjoe masuk angin plus membantu meredakan masuk angin, pegal-pegal dan demam', 'Rak A', '8999909028232.jpg', '8000', '2022-12-23 15:05:53', '0', '', 0),
('8999909028233', 'obat', 'Herbal', 'Botol', 'Ambeven', 'BALPIRIK BALSEM GOSOK EXTRA KUAT HIJAU 20 GRAM', 'Balpirik berbentuk balsem yang sangat cocok digunakan untuk meringankan berbagai gejala penyakit dan kondisi seperti penyakit flu (hidung tersumbat, bersin-bersin, pusing, sakit kepala), perut kembung karena masuk angin, mabuk perjalanan, gatal-gatal akibat gigitan serangga, pegal-pegal, encok dan kram otot.', 'Rak A', '8999909028233.jpg', '7000', '2022-12-23 15:05:57', '0', '', 0),
('8999909028234', 'obat', 'Herbal', 'Botol', 'Cussons', 'Cussons Baby Telon Oil Plus 60 Ml', 'Memberikan perlindungan 8 jam non stop terhadap gigitan nyamuk (tanpa harus dipakai ulang), karena kombinasi bahan alami pilihan yang telah dipercaya mampu mencegah gigitan nyamuk, sehingga tidak saja aman dan nyaman bagi si kecil namun untuk seluruh keluarga.', 'Rak A', '8999909028234.jpg', '27000', '2022-12-23 15:06:01', '0', '', 0),
('8999909028235', 'obat', 'Herbal', 'Botol', 'Cussons', 'AIR MANCUR PARCOK 75 ML', 'Membantu meredakan nyeri otot, persendian, dan pegal linu.', 'Rak A', '8999909028235.jpg', '15000', '2022-12-23 15:06:04', '0', '', 0),
('8999909028236', 'obat', 'Herbal', 'Botol', 'Cussons', 'ALBIBET ALBIRUNI BOX 50 KAPSUL', 'Albibet albiruni adalah ramuan herbal asli indonesia yang telah teruji secara klinis dapat mengatasi kencing manis', 'Rak A', '8999909028236.jpg', '70000', '2022-12-23 15:06:08', '0', '', 0),
('8999909028238', 'obat', 'Herbal', 'Botol', 'Cussons', 'APRICOT SYRUP 100 ML', 'Apricot merupakan sirup segar berkhasiat untuk meredakan batuk', 'Rak A', '8999909028238.jpg', '11000', '2022-12-23 15:06:17', '0', '', 0),
('8999909028239', 'obat', 'Herbal', 'Botol', 'Ambeven', 'BALJITOT MINYAK GOSOK 50 ML', 'Baljitot merupakan brand minyak gosok yang sebenarnya adalah singkatan dari balur dan pijat otot. Baljitot minyak gosok ini diformulasi dengan jahe merah yang akan memberikan kehangatan lebih lama dan aroma yang memberikan relaksasi.', 'Rak A', '8999909028239.jpg', '12000', '2022-12-23 15:06:21', '0', '', 0),
('ALKES', 'alkes', 'Alat Kesehatan ', 'Botol', 'ALKES', 'Alkohol 70 100ml', 'Batch : 16082288', 'ETALASE 1 ', 'ALKES.jpg', '8500', '2023-02-10 02:38:43', '0', '', 0),
('ALKES-01', 'alkes', 'Alat Kesehatan ', 'Botol', 'ALKES', 'Alkohol 70 300ml', 'Batch : 19012288', 'ETALASE 1 ', 'ALKES-01.jpg', '21500', '2023-01-18 03:43:31', '0', '', 3),
('ALKES-02', 'alkes', 'Alat Kesehatan ', 'PCS', 'ALKES', 'Celana sunat UK S ', '', 'ETALASE 1 ', 'ALKES-02.jpg', '23500', '2023-01-18 03:43:31', '0', '', 2),
('ALKES-03', 'alkes', 'Alat Kesehatan ', 'PCS', 'ALKES', 'Celana sunat UK M', '', 'ETALASE 1', 'ALKES-03.jpg', '23500', '2023-01-18 03:43:31', '0', '', 2),
('ALKES-04', 'alkes', 'Alat Kesehatan ', 'PCS', 'ALKES', 'Celana sunat UK L', '', 'ETALASE 1', 'ALKES-04.jpg', '23500', '2023-01-18 03:43:31', '0', '', 2),
('ALKES-05', 'alkes', 'Alat Kesehatan ', 'PCS', 'ALKES', 'Celana sunat UK XL', '', 'ETALASE 1 ', 'ALKES-05.jpg', '23500', '2023-01-18 03:43:31', '0', '', 2),
('ALKES-06', 'alkes', 'Alat Kesehatan ', 'PCS', 'ALKES', 'Celana sunat UK XXL', '', 'ETALASE 1', 'ALKES-06.jpg', '23500', '2023-01-18 03:43:31', '0', '', 2),
('ALKES-07', 'alkes', 'Alat Kesehatan ', 'PCS', 'ALKES', 'Dermafic 10x12', '', 'ETALASE 1 ', 'ALKES-07.jpg', '13000', '2023-01-18 03:43:31', '0', '', 2),
('ALKES-08', 'alkes', 'Alat Kesehatan ', 'PCS', 'ALKES', 'Dermafic 25x10', '', 'ETALASE 1', 'ALKES-08.jpg', '32500', '2023-01-18 03:43:31', '0', '', 2),
('ALKES-09', 'alkes', 'Alat Kesehatan ', 'PCS', 'ALKES', 'Dermafic 5x7', 'Batch : 11062286', 'ETALASE 1', 'ALKES-09.jpg', '6500', '2023-01-18 03:43:31', '0', '', 2),
('ALKES-10', 'alkes', 'Alat Kesehatan ', 'PACK', 'ALKES', 'Kapsul kosong 0', 'Batch : 215122IEP', 'ETALASE 1', 'ALKES-10.jpg', '83000', '2023-01-18 03:43:31', '0', '', 1),
('ALKES-11', 'alkes', 'Alat Kesehatan ', 'PACK', 'ALKES', 'Kapsul kosong 00', 'Batch : 2020322AA', 'ETALASE 1', 'ALKES-11.jpg', '130000', '2023-01-18 03:43:31', '0', '', 1),
('ALKES-12', 'alkes', 'Alat Kesehatan ', 'PACK', 'ALKES', 'Kapsul kosong 1', 'Batch : 2050622EC', 'ETALASE 1', 'ALKES-12.jpg', '76500', '2023-01-18 03:43:31', '0', '', 1),
('ALKES-13', 'alkes', 'Alat Kesehatan ', 'PACK', 'ALKES', 'Kapsul kosong 2', 'Batch : 2010722FD', 'ETALASE 1', 'ALKES-13.jpg', '75000', '2023-01-18 03:43:31', '0', '', 1),
('ALKES-14', 'alkes', 'Alat Kesehatan ', 'PACK', 'ALKES', 'Kapsul kosong 3', 'Batch : 2020722CE', 'ETALASE 1', 'ALKES-14.jpg', '75000', '2023-01-18 03:43:31', '0', '', 1),
('ALKES-15', 'alkes', 'Alat Kesehatan ', 'PACK', 'ALKES', 'Kertas lakmus biru', '', 'ETALASE 1', 'ALKES-15.jpg', '84500', '2023-01-18 03:43:31', '0', '', 1),
('ALKES-16', 'alkes', 'Alat Kesehatan ', 'PACK', 'ALKES', 'Kertas PH', '', 'ETALASE 1', 'ALKES-16.jpg', '104000', '2023-01-18 03:43:31', '0', '', 1),
('ALKES-17', 'alkes', 'Alat Kesehatan ', 'PACK', 'ALKES', 'Kertas lakmus merah', '', 'ETALASE 1', 'ALKES-17.jpg', '110500', '2023-01-18 03:43:31', '0', '', 1),
('ALKES-18', 'alkes', 'Alat Kesehatan ', 'PACK', 'ALKES', 'Lancet isi 100', '', 'ETALASE 1', 'ALKES-18.jpg', '32500', '2023-01-18 03:43:31', '0', '', 1),
('ALKES-19', 'alkes', 'Alat Kesehatan ', 'PCS', 'ALKES', 'Mikropore 1/2', '', 'ETALASE 1', 'ALKES-19.jpg', '22500', '2023-01-18 03:43:31', '0', '', 1),
('ALKES-20', 'alkes', 'Alat Kesehatan ', 'PCS', 'ALKES', 'Mikropore 1', '', 'ETALASE 1', 'ALKES-20.jpg', '44500', '2023-01-18 03:43:31', '0', '', 1),
('ALKES-21', 'alkes', 'Alat Kesehatan ', 'PCS', 'ALKES', 'Mikropore 2', '', 'ETALASE 1', 'ALKES-21.jpg', '88500', '2023-01-18 03:43:31', '0', '', 1),
('ALKES-22', 'alkes', 'Alat Kesehatan ', 'PCS', 'ALKES', 'Nasal 02 anak ', '', 'ETALASE 1 ', 'ALKES-22.jpg', '19500', '2023-01-18 03:43:31', '0', '', 2),
('ALKES-23', 'alkes', 'Alat Kesehatan ', 'PCS', 'ALKES', 'Nasal 02 bayi', '', 'ETALASE 1', 'ALKES-23.jpg', '26000', '2023-01-18 03:43:31', '0', '', 2),
('ALKES-24', 'alkes', 'Alat Kesehatan ', 'PCS', 'ALKES', 'Nasal 02 dewasa', '', 'ETALASE 1', 'ALKES-24.jpg', '26000', '2023-01-18 03:43:31', '0', '', 2),
('ALKES-25', 'alkes', 'Alat Kesehatan ', 'PCS', 'ALKES', 'Pipet panjang ', '', 'ETALASE 1 ', 'ALKES-25.jpg', '3500', '2023-01-18 03:43:31', '0', '', 20),
('ALKES-26', 'alkes', 'Alat Kesehatan ', 'PCS', 'ALKES', 'Pipet pendek', '', 'ETALASE 1', 'ALKES-26.jpg', '2500', '2023-01-18 03:43:31', '0', '', 20),
('ALKES-27', 'alkes', 'Alat Kesehatan ', 'PCS', 'Acne', 'Pot salep 5gr', '', 'ETALASE 1 ', 'ALKES-27.jpg', '1500', '2023-01-18 03:43:31', '0', '', 10),
('ALKES-28', 'alkes', 'Alat Kesehatan ', 'PCS', 'ALKES', 'Pot salep 10gr', '', 'ETALASE 1', 'ALKES-28.jpg', '1500', '2023-01-18 03:43:31', '0', '', 10),
('ALKES-29', 'alkes', 'Alat Kesehatan ', 'PCS', 'ALKES', 'Pot salep 15gr', '', 'ETALASE 1', 'ALKES-29.jpg', '1500', '2023-01-18 03:43:31', '0', '', 10),
('ALKES-30', 'alkes', 'Alat Kesehatan ', 'PCS', 'ALKES', 'Pot salep 20gr', '', 'ETALASE 1', 'ALKES-30.jpg', '2000', '2023-01-18 03:43:31', '0', '', 10),
('ALKES-31', 'alkes', 'Alat Kesehatan ', 'PCS', 'ALKES', 'Pot salep 30gr', '', 'ETALASE 1', 'ALKES-31.jpg', '2000', '2023-01-18 03:43:31', '0', '', 10),
('ALKES-32', 'alkes', 'Alat Kesehatan ', 'PCS', 'ALKES', 'Sendok obat', '', 'ETALASE 1', 'ALKES-32.jpg', '1500', '2023-01-18 03:43:31', '0', '', 20),
('ALKES-33', 'alkes', 'Alat Kesehatan ', 'PCS', 'ALKES', 'Sendok tanduk ', '', 'ETALASE 1', 'ALKES-33.jpg', '39000', '2023-01-18 03:43:31', '0', '', 5),
('ALKES-34', 'alkes', 'Alat Kesehatan ', 'PCS', 'ALKES', 'Sendok spatula logam ', '', 'ETALASE 1', 'ALKES-34.jpg', '39000', '2023-01-18 03:43:31', '0', '', 5),
('ALKES-35', 'alkes', 'Alat Kesehatan ', 'PCS', 'ALKES', 'Spuit 1 cc one med ', '', 'ETALASE 1', 'ALKES-35.jpg', '1500', '2023-01-18 03:43:31', '0', '', 100),
('ALKES-36', 'alkes', 'Alat Kesehatan ', 'PCS', 'ALKES', 'Spuit 3 cc one med ', '', 'ETALASE 1', 'ALKES-36.jpg', '1500', '2023-05-10 07:39:33', '0', '', 84),
('ALKES-37', 'alkes', 'Alat Kesehatan ', 'PCS', 'ALKES', 'Spuit 5 cc one med ', '', 'ETALASE 1', 'ALKES-37.jpg', '1500', '2023-01-18 03:43:31', '0', '', 100),
('ALKES-38', 'alkes', 'Alat Kesehatan ', 'PCS', 'ALKES', 'Tabung reaksi ', '', 'ETALASE 1', 'ALKES-38.jpg', '19500', '2023-01-18 03:43:31', '0', '', 10),
('ALKES-39', 'alkes', 'Alat Kesehatan ', 'PCS', 'ALKES', 'Termometer lentur ', '', 'ETALASE 1', 'ALKES-39.jpg', '52500', '2023-01-18 03:43:31', '0', '', 1),
('ALKES-40', 'alkes', 'Alat Kesehatan ', 'PCS', 'ALKES', 'Termometer standar', '', 'ETALASE 1', 'ALKES-40.jpg', '45500', '2023-01-18 03:43:31', '0', '', 1),
('ALKES-41', 'alkes', 'Alat Kesehatan ', 'PCS', 'ALKES', 'Test pack one med ', '', 'ETALASE 1', 'ALKES-41.jpg', '3000', '2023-05-08 01:37:46', '0', '', 28),
('ALKES-42', 'alkes', 'Alat Kesehatan ', 'PCS', 'ALKES', 'Test kesuburan', '', 'ETALASE 1', 'ALKES-42.jpg', '12000', '2023-01-18 03:43:31', '0', '', 5),
('ALKES-43', 'alkes', 'Alat Kesehatan ', 'PCS', 'ALKES', 'Urinal laki-laki', '', 'ETALASE 1', 'ALKES-43.jpg', '36000', '2023-01-18 03:43:31', '0', '', 2),
('ALKES-44', 'alkes', 'Alat Kesehatan ', 'PCS', 'ALKES', 'Urinal perempuan', '', 'ETALASE 1', 'ALKES-44.jpg', '19500', '2023-01-18 03:43:31', '0', '', 2),
('ALKES-45', 'alkes', 'Alat Kesehatan ', 'PCS', 'ALKES', 'Urin bag', '', 'ETALASE 1', 'ALKES-45.jpg', '12000', '2023-01-18 03:43:31', '0', '', 2),
('ALKES-46', 'alkes', 'Alat Kesehatan ', 'Botol', 'ALKES', 'Rivanol 100ml', 'Batch : 19072288', 'ETALASE 1', 'ALKES-46.jpg', '5500', '2023-01-18 03:43:31', '0', '', 3),
('ALKES-47', 'alkes', 'Alat Kesehatan ', 'Botol', 'ALKES', 'Rivanol 300ml', 'Batch : 19072288', 'ETALASE 1', 'ALKES-47.jpg', '11500', '2023-01-18 03:43:31', '0', '', 3),
('ALKES-48', 'alkes', 'Alat Kesehatan ', 'PCS', 'ALKES', 'Kotak P3K', '', 'ETALASE 1', 'ALKES-48.jpg', '45500', '2023-01-18 03:43:31', '0', '', 2),
('ALKES-49', 'alkes', 'Alat Kesehatan ', 'PCS', 'ALKES', 'Sarung tangan UK M ', '', 'ETALASE 1', 'ALKES-49.jpg', '2000', '2023-05-24 14:24:59', '0', '', 120),
('ALKES-50', 'alkes', 'Alat Kesehatan ', 'PCS', 'ALKES', 'Sarung tangan UK L', '', 'ETALASE 1', 'ALKES-50.jpg', '2000', '2023-05-08 04:54:19', '0', '', 82),
('ALKES-51', 'alkes', 'Alat Kesehatan ', 'PCS', 'ALKES', 'Sarung tangan UK S', '', 'ETALASE 1', 'ALKES-51.jpg', '2000', '2023-05-22 07:14:36', '0', '', 106),
('ALKES-52', 'alkes', 'Alat Kesehatan ', 'PCS', 'ALKES', 'Handsaplast kids mickey and freinds ', 'Batch : 13832093', 'ETALASE 1', 'ALKES-52.jpg', '11000', '2023-01-19 07:10:48', '0', '', 2),
('ALKES-53', 'alkes', 'Alat Kesehatan ', 'PCS', 'ALKES', 'Handsaplast kids marvel avendgers', 'Batch : 14132699', 'ETALASE 1', 'ALKES-53.jpg', '12000', '2023-03-02 01:59:09', '0', '', 1),
('ALKES-54', 'alkes', 'Alat Kesehatan ', 'PCS', 'ALKES', 'Handsaplast kids disney princes', 'Batch : 10515891', 'ETALASE 1', 'ALKES-54.jpg', '11000', '2023-01-19 07:10:48', '0', '', 2),
('ALKES-55', 'alkes', 'Alat Kesehatan ', 'PCS', 'ALKES', 'Handsaplast transparan ', 'Batch : 22058866', 'ETALASE 1', 'ALKES-55.jpg', '10500', '2023-05-25 07:56:57', '0', '', 3),
('ALKES-56', 'alkes', 'Obat', 'Botol', 'ALKES', 'Oxycan green ', 'Batch : 201005', 'ETALASE 1 ', 'ALKES-56.jpg', '52500', '2023-02-06 08:17:55', '0', '', 3),
('ALKES-57', 'alkes', 'Alat Kesehatan ', 'PCS', 'HANSAPLAST', 'Handsaplast ', 'Batch : 22920600', 'ETALASE 2', 'ALKES-57.jpg', '500', '2023-04-14 01:18:46', '0', '', 47),
('ALKES-58', 'alkes', 'Alat Kesehatan ', 'PCS', 'ALKES', 'Masker KN 95 Pro ', '', 'ETALASE 1 ', 'ALKES-58.jpg', '13000', '2023-04-17 03:17:51', '0', '', 0),
('ALKES-59', 'alkes', 'Alat Kesehatan ', 'PCS', 'ALKES', 'Masker KF 94', '', 'ETALASE 1 ', 'ALKES-59.jpg', '13000', '2023-02-02 07:00:37', '0', '', 5),
('ALKES-60', 'alkes', 'Alat Kesehatan ', 'PCS', 'ALKES', 'Masker Duckbil care warna ', 'ISI 3 ', 'ETALASE 1 ', 'ALKES-60.jpg', '2000', '2023-02-28 02:03:12', '0', '', 29),
('ALKES-61', 'alkes', 'Alat Kesehatan ', 'PCS', 'ALKES', 'Alkohol swab ', 'Batch : 221111', 'ETALASE 1', 'ALKES-61.jpg', '32500', '2023-02-22 08:07:06', '0', '', 299),
('ALKES-62', 'alkes', 'Alat Kesehatan ', 'PCS', 'ALKES', 'Strip gula darah nesco', 'Batch : G0S22902CA3', 'ETALASE 1', 'ALKES-62.jpg', '10000', '2023-05-15 08:46:35', '0', '', 23),
('ALKES-63', 'alkes', 'Alat Kesehatan ', 'PCS', 'ALKES', 'Strip asam urat nesco', 'Batch : AUS22509A5L', 'ETALASE 1', 'ALKES-63.jpg', '10000', '2023-05-15 08:46:35', '0', '', 23),
('ALKES-64', 'alkes', 'Alat Kesehatan ', 'PCS', 'ALKES', 'Strip kolesterol nesco', 'Batch : CHS22A21BBE', 'ETALASE 1 ', 'ALKES-64.jpg', '20000', '2023-05-15 08:46:35', '0', '', 7),
('ALKES-65', 'alkes', 'Alat Kesehatan ', 'PCS', 'ALKES', 'Leukoplast 2,5cm x 4,5m', 'Batch : 20413109', 'ETALASE 1 ', 'ALKES-65.jpg', '28000', '2023-02-09 06:32:25', '0', '', 1),
('ALKES-66', 'alkes', 'Alat Kesehatan ', 'PCS', 'ALKES', 'Leukoplast 1,25cm x 4,5m', 'Batch : 21813209', 'ETALASE 1 ', 'ALKES-66.jpg', '13500', '2023-05-25 07:56:57', '0', '', 2),
('ALKES-67', 'alkes', 'Alat Kesehatan ', 'PCS', 'ALKES', 'Perban gulung kassa 10cm x 5 cm ', '', 'ETALASE 1 ', 'ALKES-67.jpg', '10500', '2023-02-13 02:39:32', '0', '', 3),
('ALKES-68', 'alkes', 'Alat Kesehatan ', 'Botol', 'ALKES', 'Gelas Ukur 50ml ', '', 'ETALASE 1 ', 'ALKES-68.jpg', '71500', '2023-02-13 02:39:32', '0', '', 1),
('ALKES-69', 'alkes', 'Alat Kesehatan ', 'Botol', 'ALKES', 'Gelas Ukur 25ml ', '', 'ETALASE 1 ', 'ALKES-69.jpg', '57500', '2023-02-13 02:39:32', '0', '', 1),
('ALKES-70', 'alkes', 'Alat Kesehatan ', 'Botol', 'ALKES', 'Gelas Ukur 10ml ', '', 'ETALASE 1', 'ALKES-70.jpg', '47500', '2023-02-13 02:39:32', '0', '', 1),
('ALKES-71', 'alkes', 'Alat Kesehatan ', 'PCS', 'ALKES', 'Rak kayu tabung reaksi ', '', 'ETALASE 1 ', 'ALKES-71.jpg', '29000', '2023-02-13 02:39:32', '0', '', 1),
('ALKES-72', 'alkes', 'Alat Kesehatan ', 'PCS', 'ALKES', 'NACL OTSUKA 500ml', 'Batch : A00G52A', 'ETALASE 1 ', 'ALKES-72.jpg', '27500', '2023-02-16 08:39:49', '0', '', 0),
('ALKES-73', 'alkes', 'Alat Kesehatan ', 'Botol', 'ALKES', 'NACL MJB ', 'Batch : E212KO9', 'ETALASE 1', 'ALKES-73.jpg', '11000', '2023-03-28 07:09:32', '0', '', 1),
('ALKES-74', 'alkes', 'Alat Kesehatan ', 'Botol', 'ALKES', 'Alkohol medika 100ml ', 'Batch : 2001928', 'ETALASE 1 ', 'ALKES-74.jpg', '5500', '2023-04-12 03:32:58', '0', '', 2),
('ALKES-75', 'alkes', 'Alat Kesehatan ', 'Box', 'ALKES', 'Hypafix 5x1', 'Batch : 22570230', 'ETALASE 1 ', 'ALKES-75.jpg', '26500', '2023-03-15 04:17:49', '0', '', 3),
('ALKES-76', 'alkes', 'Alat Kesehatan ', 'PCS', 'ALKES', 'Leukoplast 2,5cm x 1m', 'Batch : 20110709', 'ETALASE 1 ', 'ALKES-76.jpg', '9000', '2023-05-25 08:13:13', '0', '', 2),
('KOS', 'alkes', 'Kecantikan', 'Tube', 'EMINA', 'Emina Daily mate cream 01', 'Batch : HI15A', 'ETALASE 1 ', 'KOS.png', '29500', '2023-01-12 07:19:52', '0', '', 1),
('KOS-01', 'alkes', 'Kecantikan', 'Tube', 'EMINA', 'Emina Daily mate cream 02', 'Batch : HI16A', 'ETALASE 1 ', 'KOS-01.png', '29500', '2023-01-12 07:20:09', '0', '', 3),
('KOS-02', 'alkes', 'Kecantikan', 'PCS', 'VASELINE', 'Vaseline hw perfect', '', 'ETALASE 1 ', 'KOS-02.jpg', '27000', '2023-01-12 07:19:52', '0', '', 1),
('KOS-03', 'alkes', 'Kecantikan', 'Botol', 'CITRA', 'Citra HBL Golden glow', '', 'ETALASE 1 ', 'KOS-03.jpg', '15500', '2023-01-12 07:19:52', '0', '', 1),
('KOS-04', 'alkes', 'Kecantikan', 'Botol', 'CITRA', 'Citra HBL pearly white', '', 'ETALASE 1 ', 'KOS-04.jpg', '15000', '2023-01-12 07:19:52', '0', '', 1),
('KOS-05', 'alkes', 'Kecantikan', 'Botol', 'CITRA', 'Citra HBL Bengkuang ', '', 'ETALASE 1 ', 'KOS-05.jpg', '15000', '2023-02-09 01:21:31', '0', '', 0),
('KOS-06', 'alkes', 'Kecantikan', 'Tube', 'HERBORIST', 'Herborist body butter zaitun', 'Batch : AD0304A2', 'ETALASE 1 ', 'KOS-06.jpg', '25000', '2023-01-12 07:19:52', '0', '', 1),
('KOS-07', 'alkes', 'Kecantikan', 'Tube', 'HERBORIST', 'Herborist body butter choco', 'Batch : AD0706A2', 'ETALASE 1 ', 'KOS-07.jpg', '24500', '2023-01-12 07:19:52', '0', '', 1),
('KOS-08', 'obat', 'Herbal', 'Tube', 'HERBORIST', 'Herborist body butter straw', 'Batch : AD0825A3', 'ETALASE 1 ', 'KOS-08.jpg', '25000', '2023-01-12 07:19:52', '0', '', 1),
('KOS-09', 'alkes', 'Kecantikan', 'Botol', 'HERBORIST', 'Herborist minyak zaitun 150 ', 'Batch : AD0714E3', 'ETALASE 1 ', 'KOS-09.jpg', '34000', '2023-05-25 07:31:00', '0', '', 1),
('KOS-10', 'alkes', 'Kecantikan', 'Botol', 'HERBORIST', 'Herborist minyak zaitun 50 ', 'Batch : AD0930A2', 'ETALASE 1 ', 'KOS-10.jpg', '22500', '2023-01-12 07:19:52', '0', '', 3),
('KOS-100', 'alkes', 'Kecantikan', 'PCS', 'EMINA', 'Emina bright stuff sheet mask ', 'Batch : DCX', 'ETALASE 1 ', 'KOS-100.jpg', '15000', '2023-01-12 07:19:52', '0', '', 2),
('KOS-101', 'alkes', 'Kecantikan', 'PCS', 'EMINA', 'Emina sugar rush lip scrub ', '', 'ETALASE 1 ', 'KOS-101.jpg', '38500', '2023-01-12 07:19:52', '0', '', 1),
('KOS-102', 'alkes', 'Kecantikan', 'Tube', 'EMINA', 'Emina bright stuff moisturizing cream ', 'Batch : 1119A', 'ETALASE 1 ', 'KOS-102.jpg', '24500', '2023-01-12 07:19:52', '0', '', 2),
('KOS-103', 'alkes', 'Kecantikan', 'Tube', 'EMINA', 'Emina Sun battle spf 30', 'Batch : 1127A', 'ETALASE 1 ', 'KOS-103.jpg', '30000', '2023-01-12 07:19:52', '0', '', 2),
('KOS-104', 'alkes', 'Kecantikan', 'PCS', 'EMINA', 'Emina magic potion 05', 'Batch :FI09A', 'ETALASE 1 ', 'KOS-104.jpg', '47500', '2023-01-12 07:19:52', '0', '', 1),
('KOS-106', 'alkes', 'Kecantikan', 'Tube', 'WARDAH', 'Wardah uv shield essent gell ', 'Batch : J105C', 'ETALASE 1 ', 'KOS-106.jpg', '34500', '2023-01-12 07:19:52', '0', '', 3),
('KOS-107', 'alkes', 'Kecantikan', 'PCS', 'WARDAH', 'Wardah exclusive matte lip cream 03', 'Batch : CI29A', 'ETALASE 1 ', 'KOS-107.jpg', '61500', '2023-01-12 07:19:52', '0', '', 1),
('KOS-108', 'alkes', 'Kecantikan', 'PCS', 'WARDAH', 'Wardah exclusive matte lip cream 09', 'Batch : HI22A', 'ETALASE 1 ', 'KOS-108.jpg', '62500', '2023-01-12 07:19:52', '0', '', 1),
('KOS-109', 'alkes', 'Kecantikan', 'PCS', 'WARDAH', 'Wardah color fit last all day lip paint 14', 'Batch : AI15A', 'ETALASE 1 ', 'KOS-109.jpg', '65500', '2023-01-12 07:19:52', '0', '', 1),
('KOS-11', 'alkes', 'Kecantikan', 'Tube', 'AZARINE', 'Azarine acne gentle cleansing foam', 'Batch : 3270922', 'ETALASE 1 ', 'KOS-11.jpg', '29500', '2023-01-12 07:19:52', '0', '', 1),
('KOS-110', 'alkes', 'Kecantikan', 'PCS', 'WARDAH', 'Wardah color fit last velvet matte lip mouse 08', 'Batch : 49122', 'ETALASE 1 ', 'KOS-110.jpg', '74000', '2023-01-12 07:19:52', '0', '', 1),
('KOS-111', 'alkes', 'Kecantikan', 'PCS', 'WARDAH', 'Wardah color fit last velvet matte lip mouse 09', 'Batch : 49112', 'ETALASE 1 ', 'KOS-111.jpg', '74000', '2023-01-12 07:19:52', '0', '', 1),
('KOS-112', 'alkes', 'Kecantikan', 'Botol', 'WARDAH', 'Wardah scetsation bliss bodymist ', 'Batch : EI12A', 'ETALASE 1 ', 'KOS-112.jpg', '37000', '2023-01-12 07:19:52', '0', '', 1),
('KOS-113', 'alkes', 'Kecantikan', 'Botol', 'WARDAH', 'Wardah scetsation purity bodymist ', 'Batch : JI04A', 'ETALASE 1 ', 'KOS-113.jpg', '37000', '2023-01-12 07:19:52', '0', '', 1),
('KOS-114', 'alkes', 'Kecantikan', 'Botol', 'WARDAH', 'Wardah scetsation passion bodymist ', 'Batch : EI31A', 'ETALASE 1 ', 'KOS-114.jpg', '37000', '2023-01-12 07:19:52', '0', '', 1),
('KOS-115', 'alkes', 'Kecantikan', 'Botol', 'WARDAH', 'Wardah scetsation joyfull bodymist ', 'Batch : FI16A', 'ETALASE 1 ', 'KOS-115.jpg', '37000', '2023-01-12 07:19:52', '0', '', 1),
('KOS-116', 'alkes', 'Kecantikan', 'Botol', 'WARDAH', 'Wardah lightening face mist ', 'Batch : GI28C', 'ETALASE 1 ', 'KOS-116.jpg', '28000', '2023-01-12 07:19:52', '0', '', 2),
('KOS-117', 'alkes', 'Herbal', 'Tube', 'WARDAH', 'Wardah lightening bb cream natural', 'Batch : GI26A', 'ETALASE 1 ', 'KOS-117.jpg', '33000', '2023-01-12 07:19:52', '0', '', 1),
('KOS-118', 'alkes', 'Kecantikan', 'Tube', 'WARDAH', 'Wardah everyday bb cream light ', 'Batch : GI26A', 'ETALASE 1 ', 'KOS-118.jpg', '28500', '2023-01-12 07:19:52', '0', '', 1),
('KOS-119', 'alkes', 'Kecantikan', 'PCS', 'WARDAH', 'Wardah eyepert liner black ', 'Batch : EI20A', 'ETALASE 1 ', 'KOS-119.jpg', '56000', '2023-01-12 07:19:52', '0', '', 1),
('KOS-12', 'alkes', 'Kecantikan', 'Tube', 'AZARINE', 'Azarine fresh radiant bright scrub', 'Batch : 1210622', 'ETALASE 1 ', 'KOS-12.jpg', '22500', '2023-01-12 07:19:52', '0', '', 1),
('KOS-120', 'alkes', 'Kecantikan', 'PCS', 'WARDAH', 'Wardah eyepert liftflash mascara', 'Batch : HI10A', 'ETALASE 1 ', 'KOS-120.jpg', '60000', '2023-01-12 07:19:52', '0', '', 1),
('KOS-121', 'alkes', 'Kecantikan', 'Botol', 'LOREAL', 'Loreal crystal essence ', 'Batch : 74T801', 'ETALASE 1 ', 'KOS-121.jpg', '62500', '2023-05-03 08:10:59', '0', '', 0),
('KOS-122', 'alkes', 'Kecantikan', 'Botol', 'LATULIPE', 'La tulipe hydraluronik serum', 'Batch : 21A008540422', 'ETALASE 1 ', 'KOS-122.jpg', '59000', '2023-01-12 07:19:52', '0', '', 1),
('KOS-123', 'alkes', 'Kecantikan', 'Tube', 'LATULIPE', 'La tulipe sunscren crem', 'Batch : 19500222', 'ETALASE 1 ', 'KOS-123.jpg', '39000', '2023-01-12 07:19:52', '0', '', 1),
('KOS-124', 'alkes', 'Kecantikan', 'Botol', 'LATULIPE', 'La tulipe colagen serum ', 'Batch : 11A011600722', 'ETALASE 1 ', 'KOS-124.jpg', '63000', '2023-01-12 07:19:52', '0', '', 1),
('KOS-125', 'alkes', 'Kecantikan', 'Tube', 'LATULIPE', 'La tulipe sunscren gel', 'Batch : 044600422', 'ETALASE 1 ', 'KOS-125.jpg', '34000', '2023-01-12 07:19:52', '0', '', 2),
('KOS-126', 'alkes', 'Kecantikan', 'PCS', 'LATULIPE', 'La tulipe bright sheet mask ', 'Batch : 11A84450122', 'ETALASE 1 ', 'KOS-126.jpg', '24500', '2023-01-12 07:19:52', '0', '', 1),
('KOS-127', 'alkes', 'Kecantikan', 'Tube', 'LT MEN', 'LT Men facial wash cool sens ', '', 'ETALASE 1 ', 'KOS-127.jpg', '21500', '2023-01-12 07:19:52', '0', '', 1),
('KOS-128', 'alkes', 'Kecantikan', 'Tube', 'LT MEN', 'LT Men refreshing cream ', '', 'ETALASE 1 ', 'KOS-128.jpg', '41500', '2023-01-12 07:19:52', '0', '', 1),
('KOS-129', 'alkes', 'Kecantikan', 'PCS', 'LATULIPE', 'La tulipe shimmeing touch starlight ', 'Batch : 31A47510220', 'ETALASE 1 ', 'KOS-129.jpg', '59000', '2023-01-12 07:19:52', '0', '', 1),
('KOS-13', 'alkes', 'Kecantikan', 'PCS', 'EMINA', 'Emina brigt stuff louse powder ', 'Batch : G129A', 'ETALASE 1 ', 'KOS-13.jpg', '23500', '2023-01-12 07:19:52', '0', '', 4),
('KOS-130', 'alkes', 'Kecantikan', 'Botol', 'LATULIPE', 'La tulipe exfloating serum ', 'Batch : 11A05670122', 'ETALASE 1 ', 'KOS-130.jpg', '73000', '2023-01-12 07:19:52', '0', '', 1),
('KOS-131', 'alkes', 'Kecantikan', 'PCS', 'LATULIPE', 'La tulipe hydrating sheet mask ', 'Batch : 11A85631121', 'ETALASE 1 ', 'KOS-131.jpg', '24500', '2023-01-12 07:19:52', '0', '', 1),
('KOS-132', 'alkes', 'Kecantikan', 'PCS', 'LATULIPE', 'La tulipe bb cushion 02', 'Batch : 11A046560622', 'ETALASE 1 ', 'KOS-132.jpg', '121000', '2023-01-12 07:19:52', '0', '', 1),
('KOS-133', 'alkes', 'Kecantikan', 'PCS', 'LATULIPE', 'La tulipe countur kit med 10', 'Batch : 11A35630222', 'ETALASE 1 ', 'KOS-133.jpg', '66000', '2023-01-12 07:19:52', '0', '', 1),
('KOS-134', 'alkes', 'Kecantikan', 'PCS', 'LATULIPE', 'Lulipe shadowkit dark brown ', 'Batch : 11A51500322', 'ETALASE 1 ', 'KOS-134.jpg', '78000', '2023-01-10 07:29:12', '0', '', 0),
('KOS-135', 'alkes', 'Kecantikan', 'PCS', 'MAYBELINE', 'La tulipe liptint butterscotch ', 'Batch : 11A38491121', 'ETALASE 1 ', 'KOS-135.jpg', '44000', '2023-01-12 07:19:52', '0', '', 1),
('KOS-136', 'alkes', 'Kecantikan', 'PCS', 'LATULIPE', 'La tulipe liptint cottion candy ', 'Batch : 11A038640222', 'ETALASE 1 ', 'KOS-136.jpg', '44000', '2023-01-12 07:19:52', '0', '', 1),
('KOS-137', 'alkes', 'Kecantikan', 'PCS', 'LATULIPE', 'La tulipe liptint red velvet', 'Batch : 11A38640222', 'ETALASE 1 ', 'KOS-137.jpg', '46500', '2023-01-12 07:19:52', '0', '', 1),
('KOS-138', 'alkes', 'Kecantikan', 'PCS', 'LATULIPE', 'La tulipe bare mate lip cream 10', 'Batch : 11054440422', 'ETALASE 1 ', 'KOS-138.jpg', '60500', '2023-01-12 07:19:52', '0', '', 1),
('KOS-139', 'alkes', 'Kecantikan', 'PCS', 'LATULIPE', 'La tulipe bare mate lip cream 01', 'Batch : 11a054600522', 'ETALASE 1 ', 'KOS-139.jpg', '61500', '2023-01-12 07:19:52', '0', '', 1),
('KOS-14', 'alkes', 'Kecantikan', 'PCS', 'MEDISOFT', 'Medisoft kapas ', 'Batch : MFG061810082222', 'ETALASE 1 ', 'KOS-14.jpg', '10000', '2023-02-28 03:11:15', '0', '', 0),
('KOS-140', 'alkes', 'Kecantikan', 'Botol', 'REVLON', 'Revlon colorsik bold brown ', 'Batch : ED1025', 'ETALASE 1 ', 'KOS-140.jpg', '68000', '2023-05-27 09:43:00', '0', '', 0),
('KOS-141', 'alkes', 'Kecantikan', 'Botol', 'REVLON', 'Revlon colorsik med maho brown', 'Batch : ED0324', 'ETALASE 1 ', 'KOS-141.jpg', '68000', '2023-01-12 07:19:52', '0', '', 1),
('KOS-142', 'alkes', 'Kecantikan', 'Botol', 'REVLON', 'Revlon charlie edt gold', 'Batch : ED0126', 'ETALASE 1 ', 'KOS-142.jpg', '144500', '2023-01-12 07:19:52', '0', '', 1),
('KOS-143', 'alkes', 'Kecantikan', 'Botol', 'REVLON', 'Revlon nail granite', '', 'ETALASE 1 ', 'KOS-143.jpg', '47000', '2023-05-27 09:43:00', '0', '', 0),
('KOS-144', 'alkes', 'Kecantikan', 'PCS', 'REVLON', 'Revlon t&g compact soft beige', 'Batch : ED0627', 'ETALASE 1 ', 'KOS-144.jpg', '57000', '2023-01-12 07:19:52', '0', '', 1),
('KOS-145', 'alkes', 'Kecantikan', 'Botol', 'REVLON', 'Revlon nail slate ', 'Batch : ED1124', 'ETALASE 1 ', 'KOS-145.jpg', '47000', '2023-01-12 07:19:52', '0', '', 1),
('KOS-146', 'alkes', 'Kecantikan', 'Botol', 'REVLON', 'Revlon nail moonlit nauve', 'Batch : ED1124', 'ETALASE 1 ', 'KOS-146.jpg', '47000', '2023-01-12 07:19:52', '0', '', 1),
('KOS-147', 'alkes', 'Kecantikan', 'Botol', 'REVLON', 'Revlon nail top speed top coat', 'Batch : ED0325', 'ETALASE 1 ', 'KOS-147.jpg', '47000', '2023-01-12 07:19:52', '0', '', 1),
('KOS-148', 'alkes', 'Kecantikan', 'PCS', 'SADA', 'Sada khelir liptint ceri bon-bon ', '', 'ETALASE 1 ', 'KOS-148.jpg', '68000', '2023-01-12 07:19:52', '0', '', 1),
('KOS-149', 'alkes', 'Kecantikan', 'PCS', 'SADA', 'Sada khelir liptint rosi-rosi', '', 'ETALASE 1 ', 'KOS-149.jpg', '77000', '2023-05-03 03:12:08', '0', '', 0),
('KOS-15', 'alkes', 'Kecantikan', 'PCS', 'SELECTION', 'Selection kapas roll', 'Batch : 0748LO2170922512', 'ETALASE 1 ', 'KOS-15.jpg', '14000', '2023-01-11 02:20:22', '0', '', 0),
('KOS-150', 'alkes', 'Kecantikan', 'PCS', 'SADA', 'Sada khelir liptint sweet sica', '', 'ETALASE 1 ', 'KOS-150.jpg', '68000', '2023-01-12 07:19:52', '0', '', 1),
('KOS-151', 'alkes', 'Kecantikan', 'PCS', 'SADA', 'Sada khelir liptint golden coco', '', 'ETALASE 1 ', 'KOS-151.jpg', '68000', '2023-01-12 07:19:52', '0', '', 1),
('KOS-152', 'alkes', 'Kecantikan', 'PCS', 'SADA', 'Sada khelir liptint lia love', '', 'ETALASE 1 ', 'KOS-152.jpg', '68000', '2023-01-12 07:19:52', '0', '', 1),
('KOS-153', 'alkes', 'Kecantikan', 'PCS', 'AZURA', 'Azura mate lipcream 04 perfect nude ', 'Batch : 14J21A', 'ETALASE 1 ', 'KOS-153.jpg', '43500', '2023-01-12 07:19:52', '0', '', 1),
('KOS-154', 'alkes', 'Kecantikan', 'PCS', 'AZURA', 'Azura mate lipcream 08 peach', 'Batch : 16B22B', 'ETALASE 1 ', 'KOS-154.jpg', '44000', '2023-01-12 07:19:52', '0', '', 1),
('KOS-155', 'alkes', 'Kecantikan', 'PCS', 'AZURA', 'Azura mate lipcream 02 peach', 'Batch : 04B21A', 'ETALASE 1 ', 'KOS-155.jpg', '44000', '2023-05-04 02:07:05', '0', '', 0),
('KOS-156', 'alkes', 'Kecantikan', 'PCS', 'MAYBELINE', 'Maybeline fit me c powder 112', 'Batch : MFG0422', 'ETALASE 1 ', 'KOS-156.jpg', '68000', '2023-01-12 07:19:52', '0', '', 1),
('KOS-157', 'alkes', 'Kecantikan', 'PCS', 'MAYBELINE', 'Maybeline fit me c powder 120', 'Batch : MFG0122', 'ETALASE 1 ', 'KOS-157.jpg', '68000', '2023-03-02 01:59:09', '0', '', 0),
('KOS-158', 'alkes', 'Kecantikan', 'PCS', 'MAYBELINE', 'Maybeline fit me c powder 118', 'Batch : MFG0622', 'ETALASE 1 ', 'KOS-158.jpg', '68000', '2023-01-12 07:19:52', '0', '', 1),
('KOS-159', 'alkes', 'Herbal', 'PCS', 'MAYBELINE', 'Maybeline fit me c powder 128', 'Batch : MFG1221', 'ETALASE 1 ', 'KOS-159.jpg', '68000', '2023-01-12 07:19:52', '0', '', 1),
('KOS-16', 'alkes', 'Kecantikan', 'PCS', 'TESA TISU', 'Tesa Tissu', ' Batch : PO7GC2', 'ETALASE 1 ', 'KOS-16.jpg', '2500', '2023-03-06 06:28:25', '0', '', 0),
('KOS-160', 'alkes', 'Kecantikan', 'Botol', 'MAYBELINE', 'Maybeline remover make up 70 ml', '', 'ETALASE 1 ', 'KOS-160.jpg', '71500', '2023-01-12 07:19:52', '0', '', 2),
('KOS-161', 'alkes', 'Kecantikan', 'PCS', 'MAYBELINE', 'Maybeline vol ex hypercurl maskara', 'Batch : G0782509', 'ETALASE 1 ', 'KOS-161.jpg', '77500', '2023-01-12 07:19:52', '0', '', 3),
('KOS-162', 'alkes', 'Kecantikan', 'PCS', 'MAYBELINE', 'Maybeline instant age rewind 110', 'Batch : MFG112021', 'ETALASE 1 ', 'KOS-162.jpg', '134500', '2023-01-12 07:19:52', '0', '', 1),
('KOS-163', 'alkes', 'Kecantikan', 'PCS', 'MAYBELINE', 'Maybeline instant age rewind 122', 'Batch : MFG042020', 'ETALASE 1 ', 'KOS-163.jpg', '134500', '2023-01-12 07:19:52', '0', '', 1),
('KOS-164', 'alkes', 'Kecantikan', 'PCS', 'MAYBELINE', 'Maybeline fit me twc spf 118', 'Batch : MFG102021', 'ETALASE 1 ', 'KOS-164.jpg', '134500', '2023-01-12 07:19:52', '0', '', 1),
('KOS-165', 'alkes', 'Kecantikan', 'PCS', 'MAYBELINE', 'Maybeline fit me blush on', 'Batch : G4309000', 'ETALASE 1 ', 'KOS-165.jpg', '99000', '2023-01-12 07:19:52', '0', '', 2),
('KOS-166', 'alkes', 'Kecantikan', 'PCS', 'MAYBELINE', 'Maybeline lips vinyl 65', 'Batch : MFG032022', 'ETALASE 1 ', 'KOS-166.jpg', '117000', '2023-05-03 03:12:08', '0', '', 0),
('KOS-167', 'alkes', 'Kecantikan', 'PCS', 'MAYBELINE', 'Maybeline fit me primer spf ', 'Batch : G4222100', 'ETALASE 1 ', 'KOS-167.jpg', '99000', '2023-01-12 07:19:52', '0', '', 1),
('KOS-168', 'alkes', 'Kecantikan', 'Botol', 'MAYBELINE', 'Maybeline eyeliner line tatto ', 'Batch : 72UN3A', 'ETALASE 1 ', 'KOS-168.jpg', '74500', '2023-01-12 07:19:52', '0', '', 2),
('KOS-169', 'alkes', 'Kecantikan', 'PCS', 'MAYBELINE', 'Maybeline line tatto crayon black', 'Batch : MFG012022', 'ETALASE 1 ', 'KOS-169.png', '107500', '2023-01-12 07:19:52', '0', '', 1),
('KOS-17', 'alkes', 'Produk Bayi', 'PCS', 'CONFIDENCE', 'Confident adult pants L4', '', 'ETALASE 1 ', 'KOS-17.jpg', '41000', '2023-01-12 07:22:52', '0', '', 1),
('KOS-170', 'alkes', 'Kecantikan', 'PCS', 'MAYBELINE', 'Maybeline line tatto crayon brown', 'Batch : MFG012022', 'ETALASE 1 ', 'KOS-170.png', '107500', '2023-01-12 07:19:52', '0', '', 1),
('KOS-171', 'alkes', 'Kecantikan', 'Botol', 'AZARINE', 'Azarine niacinamide serum', 'Batch : 1180822', 'ETALASE 1 ', 'KOS-171.jpg', '58000', '2023-01-12 07:19:52', '0', '', 1),
('KOS-172', 'alkes', 'Kecantikan', 'Botol', 'AZARINE', 'Azarine aha bha pha serum', 'Batch : 1210622', 'ETALASE 1 ', 'KOS-172.jpg', '48000', '2023-01-12 07:19:52', '0', '', 1),
('KOS-173', 'alkes', 'Kecantikan', 'Botol', 'AZARINE', 'Azarine revitalizing antiaging serum', 'Batch : 1260722', 'ETALASE 1 ', 'KOS-173.jpg', '57500', '2023-01-12 07:19:52', '0', '', 1),
('KOS-174', 'alkes', 'Kecantikan', 'Botol', 'AZARINE', 'Azarine retinol serum', 'Batch : 1050822', 'ETALASE 1 ', 'KOS-174.jpg', '58000', '2023-01-12 07:19:52', '0', '', 1),
('KOS-175', 'alkes', 'Kecantikan', 'PCS', 'SOMETHINC', 'Something mugwortellla mask ', 'Batch : 21093031A', 'ETALASE 1 ', 'KOS-175.jpg', '87000', '2023-01-12 07:19:52', '0', '', 1),
('KOS-176', 'alkes', 'Kecantikan', 'Botol', 'SOMETHINC', 'Something salmon dna ', '', 'ETALASE 1 ', 'KOS-176.jpg', '150500', '2023-01-12 07:19:52', '0', '', 1),
('KOS-177', 'alkes', 'Kecantikan', 'Botol', 'SOMETHINC', 'Something bakuchiol oil serum ', '', 'ETALASE 1 ', 'KOS-177.jpg', '87000', '2023-01-12 07:19:52', '0', '', 1),
('KOS-178', 'alkes', 'Kecantikan', 'PCS', 'SOMETHINC', 'Something glowing up ss stick ', '', 'ETALASE 1 ', 'KOS-178.jpg', '137500', '2023-01-12 07:19:52', '0', '', 1),
('KOS-179', 'alkes', 'Kecantikan', 'PCS', 'SOMETHINC', 'Something loose powder beige ', '', 'ETALASE 1 ', 'KOS-179.jpg', '113000', '2023-01-12 07:19:52', '0', '', 1),
('KOS-18', 'alkes', 'Produk Bayi', 'PCS', 'CONFIDENCE', 'Confident adult pants XL 3', '', 'ETALASE 1 ', 'KOS-18.jpg', '51500', '2023-01-12 07:22:52', '0', '', 1),
('KOS-180', 'alkes', 'Kecantikan', 'PCS', 'SOMETHINC', 'Something dna powder foundie sand beige ', '', 'ETALASE 1 ', 'KOS-180.jpg', '125000', '2023-01-12 07:19:52', '0', '', 1),
('KOS-181', 'alkes', 'Kecantikan', 'Tube', 'YOU', 'You triple uv elixir ', 'Batch : L2J20ZC', 'ETALASE 1 ', 'KOS-181.jpg', '57500', '2023-01-12 07:19:52', '0', '', 1),
('KOS-182', 'alkes', 'Kecantikan', 'Tube', 'YOU', 'You tone up  uv elixir 50', 'Batch : L2H29ZA', 'ETALASE 1 ', 'KOS-182.jpg', '70000', '2023-01-12 07:19:52', '0', '', 1),
('KOS-183', 'alkes', 'Kecantikan', 'Tube', 'YOU', 'You radiance white bb cream 01 vanila ', 'Batch : K100605', 'ETALASE 1 ', 'KOS-183.jpg', '50500', '2023-01-12 07:19:52', '0', '', 1),
('KOS-184', 'alkes', 'Kecantikan', 'Botol', 'YOU', 'You radiance white bb cream 03 mocha', 'Batch : K100503', 'ETALASE 1 ', 'KOS-184.jpg', '51000', '2023-01-12 07:19:52', '0', '', 1),
('KOS-185', 'alkes', 'Kecantikan', 'Tube', 'YOU', 'You radiance white bb cream 02 almond', 'Batch : K101001', 'ETALASE 1 ', 'KOS-185.jpg', '51000', '2023-01-12 07:19:52', '0', '', 1),
('KOS-186', 'alkes', 'Kecantikan', 'Tube', 'YOU', 'You simplicity bb cream 02 honey ', 'Batch : L2DO91SA', 'ETALASE 1 ', 'KOS-186.jpg', '48000', '2023-01-12 07:19:52', '0', '', 1),
('KOS-187', 'alkes', 'Kecantikan', 'Tube', 'YOU', 'You simplicity bb cream 01 vanila ', 'Batch : L2CO5SA', 'ETALASE 1 ', 'KOS-187.jpg', '48500', '2023-01-12 07:19:52', '0', '', 1),
('KOS-188', 'alkes', 'Kecantikan', 'PCS', 'YOU', 'You ink black lip liner ', 'Batch : 2C22AI', 'ETALASE 1 ', 'KOS-188.jpg', '40500', '2023-01-12 07:19:52', '0', '', 1),
('KOS-189', 'alkes', 'Kecantikan', 'PCS', 'YOU', 'You lashtenshion mascara ', 'Batch : L0801', 'ETALASE 1 ', 'KOS-189.jpg', '51500', '2023-01-12 07:19:52', '0', '', 1),
('KOS-19', 'alkes', 'Produk Bayi', 'PCS', 'CB HUKI', 'Cb huki cotton bad', 'Batch : MFGF97405082212', 'ETALASE 1 ', 'KOS-19.jpg', '4500', '2023-04-03 00:59:13', '0', '', 9),
('KOS-190', 'alkes', 'Kecantikan', 'PCS', 'YOU', 'You stay pen eyeliner ', 'Batch : 2206001', 'ETALASE 1 ', 'KOS-190.jpg', '71500', '2023-01-12 07:19:52', '0', '', 1),
('KOS-191', 'alkes', 'Kecantikan', 'PCS', 'YOU', 'You eye shadow squad ', 'Batch : L2C28KA', 'ETALASE 1 ', 'KOS-191.jpg', '52000', '2023-01-12 07:19:52', '0', '', 2),
('KOS-192', 'alkes', 'Kecantikan', 'PCS', 'YOU', 'You matte lip colour ', 'Batch : L2B205A', 'ETALASE 1 ', 'KOS-192.jpg', '51500', '2023-01-12 07:19:52', '0', '', 2),
('KOS-193', 'alkes', 'Kecantikan', 'PCS', 'YOU', ' You noutriwear cushion W805', 'Batch : KO91405', 'ETALASE 1 ', 'KOS-193.jpg', '145000', '2023-01-12 07:19:52', '0', '', 1),
('KOS-194', 'alkes', 'Kecantikan', 'PCS', 'ERHA', 'Erha youvit x collagen gummy ', 'Batch : 32067/PFCO50322', 'ETALASE 1 ', 'KOS-194.jpg', '60000', '2023-05-03 08:10:59', '0', '', 0),
('KOS-195', 'alkes', 'Kecantikan', 'PCS', 'ERHA', 'Erha skintive goothing facial mask ', 'Batch : 21976001', 'ETALASE 1 ', 'KOS-195.jpg', '29500', '2023-01-12 07:19:52', '0', '', 1),
('KOS-196', 'alkes', 'Kecantikan', 'PCS', 'ERHA', 'Erha 21 df brightening facial mask ', 'Batch : 22221002A', 'ETALASE 1 ', 'KOS-196.jpg', '29500', '2023-01-12 07:19:52', '0', '', 1),
('KOS-197', 'alkes', 'Kecantikan', 'PCS', 'EMINA', 'Emina pop rouge pressed eye shadow nude ', 'Batch : GI18B', 'ETALASE 1 ', 'KOS-197.jpg', '44000', '2023-01-12 07:19:52', '0', '', 1),
('KOS-198', 'alkes', 'Kecantikan', 'PCS', 'EMINA', 'Emina cheek lip pressed blush cotton c ', 'Batch : GI20A', 'ETALASE 1 ', 'KOS-198.jpg', '38500', '2023-01-12 07:19:52', '0', '', 2),
('KOS-199', 'alkes', 'Kecantikan', 'PCS', 'EMINA', 'Emina squexe me up browcara woody', 'Batch : DI20A', 'ETALASE 1 ', 'KOS-199.jpg', '53500', '2023-01-12 07:19:52', '0', '', 3),
('KOS-20', 'alkes', 'Produk Bayi', 'PCS', 'SENSI', 'Sensi Popok pads disposable under L', '', 'ETALASE 1 ', 'KOS-20.jpg', '36000', '2023-01-11 02:18:12', '0', '', 0),
('KOS-200', 'alkes', 'Kecantikan', 'PCS', 'EMINA', 'Emina glosy stain 02 ', 'Batch : DI11A', 'ETALASE 1 ', 'KOS-200.jpg', '48000', '2023-01-12 07:19:52', '0', '', 2),
('KOS-201', 'alkes', 'Kecantikan', 'PCS', 'EMINA', 'Emina poppon mate the 90 edition 07 ', 'Batch : A125A', 'ETALASE 1 ', 'KOS-201.jpg', '48000', '2023-01-12 07:19:52', '0', '', 1),
('KOS-202', 'alkes', 'Kecantikan', 'Botol', 'Acne', 'Emina cheek lip blush stick pink ', 'Batch : FH14A', 'ETALASE 1 ', 'KOS-202.jpg', '52500', '2023-01-12 07:19:52', '0', '', 1),
('KOS-203', 'alkes', 'Kecantikan', 'PCS', 'EMINA', 'Emina lip mask 9gr', 'Batch : FI14R', 'ETALASE 1 ', 'KOS-203.jpg', '38500', '2023-01-12 07:19:52', '0', '', 1),
('KOS-204', 'alkes', 'Kecantikan', 'Botol', 'Acne', 'Emina lip mask orange squash ', 'Batch : KH12A', 'ETALASE 1 ', 'KOS-204.jpg', '37000', '2023-01-12 07:19:52', '0', '', 1),
('KOS-205', 'alkes', 'Kecantikan', 'PCS', 'EMINA', 'Emina pop rouge pressed eye shadow romantic ', 'Batch : GI13A', 'ETALASE 1 ', 'KOS-205.jpg', '41500', '2023-01-12 07:19:52', '0', '', 1),
('KOS-206', 'alkes', 'Kecantikan', 'Botol', 'Acne', 'Emina glosy stain 04', 'Batch : CI15A', 'ETALASE 1 ', 'KOS-206.jpg', '48000', '2023-01-12 07:19:52', '0', '', 1),
('KOS-207', 'alkes', 'Kecantikan', 'Botol', 'Acne', 'Emina poppon mate the 90 edition 10', 'Batch : AI24A', 'ETALASE 1 ', 'KOS-207.jpg', '48000', '2023-01-12 07:19:52', '0', '', 1),
('KOS-208', 'alkes', 'Kecantikan', 'Tube', 'Acne', 'Emina bright stuff serum ', 'Batch : GI03A', 'ETALASE 1 ', 'KOS-208.jpg', '16500', '2023-01-12 07:19:52', '0', '', 2),
('KOS-209', 'alkes', 'Kecantikan', 'Botol', 'PIXY', 'Pixy aqua beauty protection ', 'Batch : FIY15:45', 'ETALASE 1 ', 'KOS-209.jpg', '31500', '2023-01-12 07:19:52', '0', '', 1),
('KOS-21', 'alkes', 'Kecantikan', 'Tube', 'AZARINE', 'Azarine Sunscren serum gagical', 'Batch : 3260922', 'ETALASE 1 ', 'KOS-21.jpg', '84500', '2023-01-12 07:19:52', '0', '', 1),
('KOS-210', 'alkes', 'Kecantikan', 'PCS', 'Acne', 'Pixy mate in love 106', 'Batch : FCX102', 'ETALASE 1 ', 'KOS-210.jpg', '45000', '2023-02-13 07:29:50', '0', '', 0),
('KOS-211', 'alkes', 'Kecantikan', 'PCS', 'VIVA', 'Viva eye brow pencil ', 'Batch : 11135', 'ETALASE 1 ', 'KOS-211.jpg', '34500', '2023-01-12 07:19:52', '0', '', 2),
('KOS-212', 'alkes', 'Kecantikan', 'PCS', 'VIVA', 'Viva pensil alis ', 'Batch : 13123', 'ETALASE 1 ', 'KOS-212.jpg', '32500', '2023-01-12 07:19:52', '0', '', 2),
('KOS-213', 'alkes', 'Kecantikan', 'Botol', 'ROSE BAY', 'Rose bay body mist mini pack ', '', 'ETALASE 1 ', 'KOS-213.jpg', '20500', '2023-05-03 08:10:59', '0', '', 2),
('KOS-214', 'alkes', 'Kecantikan', 'Botol', 'BRASOV', 'Brasov edp sport hitam 100ml', 'Batch : 22AL060', 'ETALASE 1 ', 'KOS-214.jpg', '25000', '2023-01-12 07:19:52', '0', '', 1),
('KOS-215', 'alkes', 'Kecantikan', 'Botol', 'Acne', 'Brasov edp sport abu-abu 100ml', 'Batch : 22A006', 'ETALASE 1 ', 'KOS-215.jpg', '25000', '2023-04-13 01:21:14', '0', '', 0),
('KOS-216', 'alkes', 'Kecantikan', 'Botol', 'ROSE BAY', 'Rose bay body mist alice springs', '', 'ETALASE 1 ', 'KOS-216.jpg', '41000', '2023-01-12 07:19:52', '0', '', 1),
('KOS-217', 'alkes', 'Kecantikan', 'Botol', 'Acne', 'Rose bay body mist bondi beach', '', 'ETALASE 1 ', 'KOS-217.jpg', '41000', '2023-01-12 07:19:52', '0', '', 1),
('KOS-218', 'alkes', 'Kecantikan', 'Botol', 'Acne', 'Rose bay body mist botanical garden', '', 'ETALASE 1 ', 'KOS-218.jpg', '41000', '2023-01-12 07:19:52', '0', '', 1),
('KOS-219', 'alkes', 'Kecantikan', 'Botol', 'Acne', 'Rose bay body mist hyde park', '', 'ETALASE 1 ', 'KOS-219.jpg', '41000', '2023-01-12 07:19:52', '0', '', 1),
('KOS-22', 'alkes', 'Kecantikan', 'PCS', 'HERBORIST', 'Herborist FF Trea Free ', 'Batch : AD0705A3', 'ETALASE 1 ', 'KOS-22.jpg', '24500', '2023-01-12 07:19:52', '0', '', 1),
('KOS-220', 'alkes', 'Kecantikan', 'PCS', 'LATULIPE', 'La tulipe shadowkit dark brown', 'Batch : 11A51500322', 'ETALASE 1 ', 'KOS-220.jpg', '78000', '2023-01-12 07:19:52', '0', '', 1),
('KOS-221', 'alkes', 'Kecantikan', 'PCS', 'CUSSON TISU', 'Cusson Tisu 10 all', '', 'ETALASE 1 ', 'KOS-221.jpg', '5500', '2023-02-07 01:42:16', '0', '', 0),
('KOS-222', 'alkes', 'Kecantikan', 'PCS', 'CUSSON TISU', 'Cusson Tisu 50 all', '', 'ETALASE 1 ', 'KOS-222.jpg', '10000', '2023-01-17 08:06:09', '0', '', 6),
('KOS-223', 'alkes', 'Kecantikan', 'PCS', 'DETTOL', 'Dettol sabun batang', '', 'ETALASE 1 ', 'KOS-223.jpg', '7500', '2023-01-17 08:06:09', '0', '', 1),
('KOS-224', 'alkes', 'Kecantikan', 'PCS', 'DOVE', 'Dove roll on ', '', 'ETALASE 1 ', 'KOS-224.jpg', '23000', '2023-05-04 02:05:16', '0', '', 1),
('KOS-225', 'alkes', 'Kecantikan', 'PCS', 'SELECTION', 'Kapas Selection', 'Batch : 141022308', 'ETALASE 1 ', 'KOS-225.jpg', '5500', '2023-05-10 07:39:33', '0', '', 0),
('KOS-226', 'alkes', 'Kecantikan', 'Botol', 'BUNDA', 'Kassa kotak bunda ', 'Batch : 2201', 'ETALASE 1 ', 'KOS-226.jpg', '9500', '2023-05-11 07:29:40', '0', '', 15),
('KOS-227', 'alkes', 'Kecantikan', 'PCS', 'MARCK', 'Marcks (powder)', 'Batch : F207015', 'ETALASE 1 ', 'KOS-227.jpg', '17000', '2023-01-25 02:15:00', '0', '', 3),
('KOS-228', 'alkes', 'Kecantikan', 'Botol', 'SCARLET', 'Scarlet HB', 'Batch : 220921-03MBA', 'ETALASE 1 ', 'KOS-228.jpg', '69000', '2023-01-17 08:06:09', '0', '', 1),
('KOS-229', 'alkes', 'Kecantikan', 'Botol', 'SCARLET', 'Scarlet Scrub ', 'Batch : 130321-07MBA', 'ETALASE 1 ', 'KOS-229.jpg', '69000', '2023-01-17 08:06:09', '0', '', 1),
('KOS-23', 'alkes', 'Kecantikan', 'Tube', 'HERBORIST', 'Herborist scrup apple', 'Batch : AD0812A1', 'ETALASE 1 ', 'KOS-23.jpg', '22500', '2023-01-12 07:19:52', '0', '', 1),
('KOS-230', 'alkes', 'Kecantikan', 'Tube', 'WARDAH', 'Wardah pb creamy foam+oil ', 'Batch : JH07A', 'ETALASE 1 ', 'KOS-230.jpg', '15500', '2023-01-17 08:06:09', '0', '', 3),
('KOS-231', 'alkes', 'Kecantikan', 'Tube', 'WARDAH', 'Wardah pb creamy foam+smooting', 'Batch : DH06B', 'ETALASE 1', 'KOS-231.jpg', '15500', '2023-05-04 01:22:59', '0', '', 2),
('KOS-232', 'obat', 'Kecantikan', 'PCS', 'TESA TISU', 'Tesa Tissu 200', 'Batch : WIGA71', 'ETALASE 1', 'KOS-232.jpg', '10000', '2023-03-29 02:15:56', '0', '', 3),
('KOS-235', 'alkes', 'Kecantikan', 'PCS', 'MARCK', 'Marck teens 12gr', 'Batch : NA1822100723', 'ETALASE 1 ', 'KOS-235.jpg', '24500', '2023-01-25 02:39:33', '0', '', 2),
('KOS-236', 'alkes', 'Kecantikan', 'PCS', 'SELECTION', 'Selection kapas 75gr', 'Batch : 0823TO8141022306', 'ETALASE 1', 'KOS-236.jpg', '13500', '2023-05-19 04:29:35', '0', '', 9),
('KOS-237', 'alkes', 'Kecantikan', 'Botol', 'CALADIN', 'Caladine powder active fresh ', 'Batch : F22001', 'ETALASE 1 ', 'KOS-237.jpg', '12500', '2023-01-30 07:22:38', '0', '', 1),
('KOS-238', 'alkes', 'Kecantikan', 'Botol', 'CALADIN', 'Caladine powder soft comfort ', 'Batch : E22002', 'ETALASE 1 ', 'KOS-238.jpg', '12500', '2023-01-30 07:22:38', '0', '', 1),
('KOS-239', 'alkes', 'Kecantikan', 'Botol', 'OBAT', 'Parasol spf 30 100gr ', 'Batch : EOUO1A1', 'ETALASE 1 ', 'KOS-239.jpg', '142000', '2023-01-30 07:22:38', '0', '', 1),
('KOS-24', 'alkes', 'Kecantikan', 'Tube', 'HERBORIST', 'Herborist Face scrub rasbery and tomato', 'Batch : AD1002B3', 'ETALASE 1 ', 'KOS-24.jpg', '22500', '2023-01-12 07:19:52', '0', '', 1),
('KOS-240', 'alkes', 'Alat Kesehatan ', 'Botol', 'OBAT', 'Parasol spf 30 50gr ', 'Batch : MONO5A1', 'ETALASE 1', 'KOS-240.jpg', '85000', '2023-01-30 07:22:38', '0', '', 1),
('KOS-241', 'alkes', 'Kecantikan', 'Tube', 'SENSODYNE ', 'Sensodyne cool gel 100gr ', 'Batch : 0084200121', 'ETALASE 1 ', 'KOS-241.png', '35500', '2023-01-30 07:22:38', '0', '', 1),
('KOS-242', 'alkes', 'Kecantikan', 'Tube', 'SENSODYNE ', 'Sensodyne F mint 100gr ', 'Batch : 0204210222', 'ETALASE 1', 'KOS-242.jpg', '35500', '2023-01-30 07:22:38', '0', '', 1),
('KOS-243', 'alkes', 'Kecantikan', 'Tube', 'SENSODYNE ', 'Sensodyne gen white 100gr ', 'Batch : 024A131021', 'ETALASE 1', 'KOS-243.jpg', '38500', '2023-01-30 07:22:38', '0', '', 1),
('KOS-244', 'alkes', 'Kecantikan', 'PCS', 'HERS', 'Hers Protex extra maxi', 'Batch : C723A19', 'ETALASE 1', 'KOS-244.jpg', '3500', '2023-03-03 01:04:55', '0', '', 0),
('KOS-245', 'alkes', 'Kecantikan', 'PCS', 'CHARM', 'Charm safe night ', '', 'ETALASE 1', 'KOS-245.jpg', '10000', '2023-03-31 02:38:29', '0', '', 2),
('KOS-246', 'alkes', 'Kecantikan', 'PCS', 'CHARM', 'Charm body fit', '', 'ETALASE 1', 'KOS-246.jpg', '8500', '2023-05-16 07:33:57', '0', '', 0),
('KOS-247', 'alkes', 'Produk Bayi', 'PCS', 'OBAT', 'Cessa baby happy nose 8ml biru', 'Batch : T201BAW', 'ETALASE 2', 'KOS-247.png', '38500', '2023-05-22 07:13:21', '0', '', 0),
('KOS-248', 'alkes', 'Produk Bayi', 'PCS', 'OBAT', 'Cessa baby BOFIT 8ml ungu', 'Batch : T212CAW', 'ETALASE 2', 'KOS-248.jpg', '38500', '2023-04-04 02:32:44', '0', '', 1),
('KOS-25', 'alkes', 'Kecantikan', 'Tube', 'HERBORIST', 'Herborist FF Zaetun', 'Batch :AD0916A3', 'ETALASE 1 ', 'KOS-25.jpg', '25000', '2023-01-12 07:19:52', '0', '', 1),
('KOS-26', 'alkes', 'Kecantikan', 'Tube', 'HERBORIST', 'Herborist FW G ell rose', 'Batch : AD0513A2', 'ETALASE 1 ', 'KOS-26.jpg', '25000', '2023-01-12 07:19:52', '0', '', 1),
('KOS-27', 'alkes', 'Kecantikan', 'Tube', 'Acne', 'Acnes FW Oil Control ', 'Batch : MDHA007', 'ETALASE 1 ', 'KOS-27.jpg', '18500', '2023-01-12 07:19:52', '0', '', 1);
INSERT INTO `master_item` (`kode_item`, `jenis`, `kategori`, `satuan`, `merk`, `nama_item`, `keterangan`, `lokasi`, `gambar`, `harga_jual`, `waktu_update`, `upah_peracik`, `aturan_pakai`, `stok`) VALUES
('KOS-28', 'alkes', 'Kecantikan', 'Tube', 'Acne', 'Acnes Fw Complit White ', 'Batch : MFILO27', 'ETALASE 1 ', 'KOS-28.jpg', '18500', '2023-01-12 07:19:52', '0', '', 1),
('KOS-29', 'alkes', 'Kecantikan', 'Tube', 'Acne', 'Acnes FW Yougurt touch', 'Batch : MFIR006', 'ETALASE 1 ', 'KOS-29.jpg', '18500', '2023-01-12 07:19:52', '0', '', 1),
('KOS-30', 'alkes', 'Kecantikan', 'Botol', 'ESKULIN', 'Eskulin Cologne dazling purple', 'Batch : 3DPA0842', 'ETALASE 1 ', 'KOS-30.jpg', '22500', '2023-01-12 07:19:52', '0', '', 1),
('KOS-31', 'alkes', 'Kecantikan', 'Botol', 'ESKULIN', 'Eskulin cologne pink blosoom', 'Batch : 3DBAU822N', 'ETALASE 1 ', 'KOS-31.jpg', '22500', '2023-03-01 04:26:18', '0', '', 0),
('KOS-32', 'alkes', 'Kecantikan', 'PCS', 'VIVELLE', 'Vivile masker bengkuang ', 'Batch : 22A055', 'ETALASE 1 ', 'KOS-32.jpg', '9000', '2023-01-12 07:19:52', '0', '', 1),
('KOS-33', 'alkes', 'Kecantikan', 'PCS', 'VIVELLE', 'Vivile masker pomergrate', 'Batch : 22A001', 'ETALASE 1 ', 'KOS-33.jpg', '9000', '2023-01-12 07:19:52', '0', '', 1),
('KOS-34', 'alkes', 'Kecantikan', 'PCS', 'VIVELLE', 'Vivile masker colagen masker colegenanti ac', 'Batch : 22A096', 'ETALASE 1 ', 'KOS-34.jpg', '9000', '2023-01-12 07:19:52', '0', '', 1),
('KOS-35', 'alkes', 'Kecantikan', 'PCS', 'VIVELLE', 'Vivile masker chorcoal', 'Batch : 22A079', 'ETALASE 1 ', 'KOS-35.jpg', '9000', '2023-01-12 07:19:52', '0', '', 1),
('KOS-36', 'alkes', 'Kecantikan', 'Tube', 'HADALABO', 'Hadalabo gkj face wash ', '', 'ETALASE 1 ', 'KOS-36.jpg', '41500', '2023-01-12 07:19:52', '0', '', 1),
('KOS-37', 'alkes', 'Kecantikan', 'Tube', 'HADALABO', 'Hadalabo srj face wash', '', 'ETALASE 1 ', 'KOS-37.jpg', '41500', '2023-01-12 07:19:52', '0', '', 1),
('KOS-38', 'alkes', 'Kecantikan', 'Tube', 'HADALABO', 'Hadalabo facewash white 50 ml', 'Batch : MCJM003', 'ETALASE 1 ', 'KOS-38.jpg', '25000', '2023-02-06 07:04:04', '0', '', 0),
('KOS-39', 'alkes', 'Kecantikan', 'PCS', 'GARNIER', 'Garnier sakura serum mask ', 'Batch : MFG1221', 'ETALASE 1 ', 'KOS-39.jpg', '23000', '2023-01-12 07:19:52', '0', '', 1),
('KOS-40', 'alkes', 'Kecantikan', 'PCS', 'GARNIER', 'Garnier Sakura white serum mask', 'Batch : MFG0421', 'ETALASE 1 ', 'KOS-40.jpg', '23000', '2023-01-12 07:19:52', '0', '', 1),
('KOS-41', 'alkes', 'Kecantikan', 'PCS', 'GARNIER', 'Garnier face mask clear up', 'Batch : MFG0621', 'ETALASE 1 ', 'KOS-41.jpg', '23000', '2023-01-12 07:19:52', '0', '', 1),
('KOS-42', 'alkes', 'Kecantikan', 'PCS', 'GARNIER', 'Garnier serum mask hb hijau', 'Batch : MFG1021', 'ETALASE 1 ', 'KOS-42.jpg', '23000', '2023-01-12 07:19:52', '0', '', 1),
('KOS-43', 'alkes', 'Kecantikan', 'Botol', 'DETTOL', 'Dettol SF Fresh ', 'Batch : MFG250422', 'ETALASE 1 ', 'KOS-43.jpg', '24500', '2023-01-12 07:19:52', '0', '', 1),
('KOS-44', 'alkes', 'Kecantikan', 'Botol', 'DETTOL', 'Dettol SF Original', 'Batch : MFG240322', 'ETALASE 1 ', 'KOS-44.jpg', '24500', '2023-01-12 07:19:52', '0', '', 1),
('KOS-45', 'alkes', 'Kecantikan', 'Botol', 'DETTOL', 'Dettol SF cool', 'Batch : MFG120422', 'ETALASE 1 ', 'KOS-45.jpg', '24500', '2023-05-04 03:27:42', '0', '', 0),
('KOS-46', 'alkes', 'Kecantikan', 'Botol', 'DETTOL', 'Dettol SF skincare', 'Batch : MFG041121', 'ETALASE 1 ', 'KOS-46.jpg', '24500', '2023-01-12 07:19:52', '0', '', 1),
('KOS-47', 'alkes', 'Kecantikan', 'PCS', 'ELIPS', 'Elips Hair mask repair ', 'Batch : MFG0422', 'ETALASE 1 ', 'KOS-47.jpg', '9000', '2023-01-12 07:19:52', '0', '', 2),
('KOS-48', 'alkes', 'Kecantikan', 'PCS', 'ELIPS', 'Elips Hair mask smooth slyking', 'Batch : MFG0921', 'ETALASE 1 ', 'KOS-48.jpg', '9000', '2023-01-12 07:19:52', '0', '', 1),
('KOS-49', 'alkes', 'Kecantikan', 'PCS', 'ELIPS', 'Elips Hair mask silky b sc ', 'Batch : MFG0322', 'ETALASE 1 ', 'KOS-49.jpg', '24500', '2023-01-12 07:19:52', '0', '', 3),
('KOS-50', 'alkes', 'Kecantikan', 'Botol', 'VIVA', 'Viva air mawar', 'Batch : 141870', 'ETALASE 1 ', 'KOS-50.jpg', '5500', '2023-01-12 07:19:52', '0', '', 2),
('KOS-51', 'alkes', 'Kecantikan', 'Botol', 'VIVA', 'Viva milk cleanser spirulina ', 'Batch : 15037A', 'ETALASE 1 ', 'KOS-51.jpg', '7000', '2023-01-12 07:19:52', '0', '', 1),
('KOS-52', 'alkes', 'Kecantikan', 'Botol', 'VIVA', 'Viva cucumber', 'Batch : 12307A', 'ETALASE 1 ', 'KOS-52.jpg', '6500', '2023-01-12 07:19:52', '0', '', 1),
('KOS-53', 'alkes', 'Kecantikan', 'Botol', 'BIORE', 'Biore BF Relax ', 'Batch : G0122412', 'ETALASE 1 ', 'KOS-53.jpg', '12500', '2023-01-12 07:19:52', '0', '', 1),
('KOS-54', 'alkes', 'Kecantikan', 'Botol', 'BIORE', 'Biore BF E mild', 'Batch : G0112272', 'ETALASE 1 ', 'KOS-54.jpg', '12500', '2023-02-06 07:03:06', '0', '', 0),
('KOS-55', 'alkes', 'Kecantikan', 'PCS', 'VASELINE', 'Vaseline repair baby ', 'Batch : MFG260422E02', 'ETALASE 1 ', 'KOS-55.jpg', '35000', '2023-04-14 03:46:19', '0', '', 2),
('KOS-56', 'alkes', 'Kecantikan', 'Tube', 'FAIR & LOVELY', 'Fair & Lovely 2 in 1 powder CR ', 'Batch : MFG0422', 'ETALASE 1 ', 'KOS-56.jpg', '27000', '2023-01-12 07:19:52', '0', '', 2),
('KOS-57', 'alkes', 'Kecantikan', 'Tube', 'Acne', 'Acne creamy wash ', 'Batch : MEFA025', 'ETALASE 1 ', 'KOS-57.jpg', '17500', '2023-01-12 07:19:52', '0', '', 2),
('KOS-58', 'alkes', 'Kecantikan', 'PCS', 'CITRA', 'Citra hazeline pearly white', 'Batch : 301120085', 'ETALASE 1 ', 'KOS-58.jpg', '47000', '2023-01-12 07:19:52', '0', '', 1),
('KOS-59', 'alkes', 'Kecantikan', 'PCS', 'PONDS', 'Ponds WB tone up milk cream ', 'Batch : MFG0722', 'ETALASE 1 ', 'KOS-59.jpg', '33000', '2023-01-12 07:19:52', '0', '', 1),
('KOS-60', 'alkes', 'Kecantikan', 'PCS', 'PONDS', 'Ponds WB pinkish white cream ', 'Batch : MFG0822', 'ETALASE 1 ', 'KOS-60.jpg', '30000', '2023-02-07 02:07:59', '0', '', 1),
('KOS-61', 'alkes', 'Kecantikan', 'PCS', 'PONDS', 'Ponds AM Night cream ', 'Batch : MFD120822', 'ETALASE 1 ', 'KOS-61.jpg', '42500', '2023-01-12 07:19:52', '0', '', 1),
('KOS-62', 'alkes', 'Kecantikan', 'Botol', 'GARNIER', 'Garnier miceler watter pink 125', 'Batch : 80W209MFG0422', 'ETALASE 1 ', 'KOS-62.jpg', '29500', '2023-03-02 01:59:09', '0', '', 0),
('KOS-63', 'alkes', 'Kecantikan', 'Botol', 'GARNIER', 'Garnier miceler watter blue 125', 'Batch : 80W402MFG0422', 'ETALASE 1 ', 'KOS-63.jpg', '29500', '2023-05-11 07:27:42', '0', '', 0),
('KOS-64', 'alkes', 'Kecantikan', 'Botol', 'GARNIER', 'Garnier miceler watter pink 50', 'Batch : 80W304MFG0322', 'ETALASE 1 ', 'KOS-64.jpg', '19000', '2023-05-19 04:29:35', '0', '', 0),
('KOS-65', 'alkes', 'Kecantikan', 'Tube', 'HERBORIST', 'Herborist face scrub orange ', 'Batch : AD0809A3', 'ETALASE 1 ', 'KOS-65.jpg', '23000', '2023-01-12 07:19:52', '0', '', 1),
('KOS-66', 'alkes', 'Kecantikan', 'Botol', 'VIVA', 'Viva milk cleanser green tea ', 'Batch : 14197A', 'ETALASE 1 ', 'KOS-66.jpg', '7000', '2023-01-12 07:19:52', '0', '', 1),
('KOS-67', 'alkes', 'Kecantikan', 'PCS', 'ELIPS', 'Elips hair vitamin coklat', 'Batch : MFG0622', 'ETALASE 1 ', 'KOS-67.jpg', '13500', '2023-01-12 07:19:52', '0', '', 1),
('KOS-68', 'alkes', 'Kecantikan', 'PCS', 'ELIPS', 'Elips merah recovery', 'Batch : MFG0622', 'ETALASE 1 ', 'KOS-68.jpg', '13500', '2023-01-12 07:19:52', '0', '', 1),
('KOS-69', 'alkes', 'Kecantikan', 'Botol', 'ELIPS', 'Elips ungu', 'Batch : MFG0322', 'ETALASE 1 ', 'KOS-69.jpg', '13500', '2023-01-12 07:19:52', '0', '', 1),
('KOS-70', 'alkes', 'Kecantikan', 'PCS', 'ELIPS', 'Elips keratin silky black ', 'Batch : MFG0622', 'ETALASE 1 ', 'KOS-70.jpg', '13500', '2023-01-12 07:19:52', '0', '', 1),
('KOS-71', 'alkes', 'Kecantikan', 'PCS', 'ELIPS', 'Elips keratin smoothy & silky', 'Batch : MFG0422', 'ETALASE 1 ', 'KOS-71.jpg', '13500', '2023-01-12 07:19:52', '0', '', 1),
('KOS-72', 'alkes', 'Kecantikan', 'Botol', 'VICTORIA', 'Victoria teens clg gel winnter', 'Batch : AD0803AI', 'ETALASE 1 ', 'KOS-72.jpg', '10000', '2023-01-12 07:19:52', '0', '', 1),
('KOS-73', 'alkes', 'Kecantikan', 'Botol', 'VICTORIA', 'Victoria teens clg gel antum', 'Batch : AC0910A2', 'ETALASE 1 ', 'KOS-73.jpg', '10000', '2023-01-12 07:19:52', '0', '', 1),
('KOS-74', 'alkes', 'Kecantikan', 'Botol', 'VICTORIA', 'Victoria teens clg gel rainbow', 'Batch : AD0629A2', 'ETALASE 1 ', 'KOS-74.jpg', '10000', '2023-01-12 07:19:52', '0', '', 1),
('KOS-75', 'alkes', 'Kecantikan', 'Botol', 'VICTORIA', 'Victoria teens clg gel spring', 'Batch : AD0827AI', 'ETALASE 1 ', 'KOS-75.jpg', '10000', '2023-01-12 07:19:52', '0', '', 1),
('KOS-76', 'alkes', 'Kecantikan', 'Tube', 'Acne', 'Acnes jel 9 ', 'Batch : MHFF009', 'ETALASE 1 ', 'KOS-76.jpg', '19500', '2023-01-12 07:19:52', '0', '', 2),
('KOS-77', 'alkes', 'Kecantikan', 'Tube', 'Acne', 'Acnes sport care 120', 'Batch : MEFH004', 'ETALASE 1 ', 'KOS-77.jpg', '37000', '2023-01-12 07:19:52', '0', '', 2),
('KOS-78', 'alkes', 'Kecantikan', 'Botol', 'ESKULIN', 'Eskulin hijab perfect ', 'Batch : 3HXA1502', 'ETALASE 1 ', 'KOS-78.jpg', '17500', '2023-01-12 07:19:52', '0', '', 1),
('KOS-79', 'alkes', 'Kecantikan', 'Botol', 'ESKULIN', 'Eskulin gel dream', 'Batch : 3BSB1402', 'ETALASE 1 ', 'KOS-79.jpg', '17500', '2023-02-06 07:00:29', '0', '', 0),
('KOS-80', 'alkes', 'Kecantikan', 'Botol', 'ESKULIN', 'Eskulin gel friday', 'Batch : 3TFA2732F', 'ETALASE 1 ', 'KOS-80.jpg', '17500', '2023-01-12 07:19:52', '0', '', 1),
('KOS-81', 'alkes', 'Kecantikan', 'Botol', 'ESKULIN', 'Eskulin gel monday', 'Batch : 3TMA1422', 'ETALASE 1 ', 'KOS-81.jpg', '17500', '2023-01-12 07:19:52', '0', '', 2),
('KOS-82', 'alkes', 'Kecantikan', 'Botol', 'ESKULIN', 'Eskulin gel romantic', 'Batch : 3GRE1542', 'ETALASE 1 ', 'KOS-82.jpg', '17500', '2023-01-12 07:19:52', '0', '', 1),
('KOS-83', 'alkes', 'Kecantikan', 'Botol', 'ESKULIN', 'Eskulin hijab fresh', 'Batch : 3HWB2032F', 'ETALASE 1 ', 'KOS-83.jpg', '17500', '2023-01-12 07:19:52', '0', '', 1),
('KOS-84', 'alkes', 'Kecantikan', 'Tube', 'GARNIER', 'Garnier LC white serum spf 19 20 ', 'Batch : 8010802', 'ETALASE 1 ', 'KOS-84.jpg', '29000', '2023-01-12 07:19:52', '0', '', 2),
('KOS-85', 'alkes', 'Kecantikan', 'PCS', 'SKIN AQUA', 'Skin aqua UV Mild milk 4', 'Batch : MCNY012', 'ETALASE 1 ', 'KOS-85.jpg', '55000', '2023-01-12 07:19:52', '0', '', 1),
('KOS-86', 'alkes', 'Kecantikan', 'PCS', 'REXONA', 'Rexona RO Glowing white ', '', 'ETALASE 1 ', 'KOS-86.jpg', '16000', '2023-01-12 07:19:52', '0', '', 1),
('KOS-87', 'alkes', 'Kecantikan', 'PCS', 'REXONA', 'Rexona women rool on invible', '', 'ETALASE 1 ', 'KOS-87.jpg', '19500', '2023-05-22 07:12:23', '0', '', 0),
('KOS-88', 'alkes', 'Kecantikan', 'PCS', 'REXONA', 'Rexona women ro adv white', '', 'ETALASE 1 ', 'KOS-88.jpg', '23000', '2023-01-12 07:19:52', '0', '', 1),
('KOS-89', 'alkes', 'Kecantikan', 'PCS', 'REXONA', 'Rexona ro dreamy white ', '', 'ETALASE 1 ', 'KOS-89.jpg', '16000', '2023-01-12 07:19:52', '0', '', 1),
('KOS-90', 'alkes', 'Kecantikan', 'PCS', 'VASELINE', 'Vaselin repair aloejo', 'Batch : MFG120722F04', 'ETALASE 1 ', 'KOS-90.jpg', '31500', '2023-01-12 07:19:52', '0', '', 2),
('KOS-91', 'alkes', 'Kecantikan', 'Botol', 'KAHF', 'Kahf edt humbling 35 ml', 'Batch : FI22A', 'ETALASE 1 ', 'KOS-91.jpg', '69500', '2023-01-12 07:19:52', '0', '', 1),
('KOS-92', 'alkes', 'Kecantikan', 'Botol', 'HERBORIST', 'Kahf edt true brotherhood 35 ml', 'Batch : EI17A', 'ETALASE 1 ', 'KOS-92.jpg', '69500', '2023-01-12 07:19:52', '0', '', 1),
('KOS-93', 'alkes', 'Kecantikan', 'Botol', 'KAHF', 'Kahf edt revered out 35ml', 'Batch : KI18A', 'ETALASE 1 ', 'KOS-93.jpg', '73000', '2023-01-12 07:19:52', '0', '', 1),
('KOS-94', 'alkes', 'Kecantikan', 'Tube', 'KAHF', 'Kahf face wash acne ', 'Batch : 1126B', 'ETALASE 1 ', 'KOS-94.jpg', '38500', '2023-01-12 07:19:52', '0', '', 1),
('KOS-95', 'alkes', 'Kecantikan', 'Botol', 'KAHF', 'Kahf edt invigething', 'Batch : EI30A', 'ETALASE 1 ', 'KOS-95.jpg', '69500', '2023-01-12 07:19:52', '0', '', 1),
('KOS-96', 'alkes', 'Kecantikan', 'Tube', 'KAHF', 'Kahf face wash brighte', 'Batch : 1127B', 'ETALASE 1 ', 'KOS-96.jpg', '38500', '2023-01-12 07:19:52', '0', '', 1),
('KOS-97', 'alkes', 'Kecantikan', 'Tube', 'KAHF', 'Kahf face wash triple action oil', 'Batch : 1106A', 'ETALASE 1 ', 'KOS-97.jpg', '40500', '2023-01-12 07:19:52', '0', '', 1),
('KOS-98', 'alkes', 'Kecantikan', 'Tube', 'KAHF', 'Kahf gentle face scrub ', 'Batch : 1123A', 'ETALASE 1 ', 'KOS-98.jpg', '38500', '2023-01-12 07:19:52', '0', '', 1),
('KOS-99', 'alkes', 'Kecantikan', 'Botol', 'KAHF', 'Kahf deodorant', 'Batch : H129B', 'ETALASE 1 ', 'KOS-99.jpg', '24500', '2023-01-12 07:19:52', '0', '', 2),
('OBAT', 'obat', 'Obat', 'PCS', 'Adem sari', 'Adem Sari', 'Batch : 234L21', 'ETALASE 2', 'OBAT.jpg', '2000', '2023-01-17 08:06:09', '0', '', 24),
('OBAT-01', 'obat', 'Obat', 'PCS', 'Ambeven', 'Ambeven', 'Batch : 192MA01', 'ETALASE 2', 'OBAT-01.jpg', '17500', '2023-01-17 08:06:09', '0', '', 3),
('OBAT-02', 'obat', 'Obat', 'PCS', 'ANTANGIN', 'Antangin cair dewasa', 'Batch : AA314L21', 'ETALASE 2', 'OBAT-02.jpg', '3000', '2023-01-25 01:32:48', '0', '', 14),
('OBAT-03', 'obat', 'Obat', 'PCS', 'ANTIMO', 'Antimo Anak ', 'Batch : 46107090', 'ETALASE 2', 'OBAT-03.jpg', '1500', '2023-02-09 02:29:10', '0', '', 1),
('OBAT-04', 'alkes', 'Obat', 'PCS', 'ASEPSO', 'Sabun Asepso', 'Batch : MFG121OCT2021', 'ETALASE 1 ', 'OBAT-04.jpg', '8000', '2023-01-17 08:06:09', '0', '', 2),
('OBAT-05', 'obat', 'Obat', 'Botol', 'BALM LANG', 'Balm lang 10gr', 'Batch : GG00656', 'ETALASE 2', 'OBAT-05.jpg', '5000', '2023-01-17 08:06:09', '0', '', 3),
('OBAT-06', 'obat', 'Obat', 'Botol', 'BALM LANG', 'Balm lang 20gr', 'Batch : GD01653', 'ETALASE 2', 'OBAT-06.jpg', '9000', '2023-02-07 01:43:19', '0', '', 2),
('OBAT-07', 'obat', 'Obat', 'Strip', 'BECOM', 'Becom-zet', 'Batch : EG2010', 'ETALASE 2', 'OBAT-07.jpg', '26500', '2023-04-06 01:10:24', '0', '', 1),
('OBAT-08', 'obat', 'Obat', 'Botol', 'POLAR BEAR', 'Beruang minyak (Polar Bear)', 'Batch : OB082101', 'ETALASE 2', 'OBAT-08.jpg', '28000', '2023-01-17 08:06:09', '0', '', 2),
('OBAT-09', 'obat', 'Obat', 'Tube', 'BETADINE', 'Betadine salep 5gr', 'Batch : CB21037', 'ETALASE 2', 'OBAT-09.jpg', '17000', '2023-05-16 08:00:22', '0', '', 3),
('OBAT-10', 'obat', 'Obat', 'Strip', 'BODREX', 'Bodrex', 'Batch : 112311', 'ETALASE 1 ', 'OBAT-10.jpg', '4500', '2023-02-22 06:58:33', '0', '', 7),
('OBAT-100', 'obat', 'Obat', 'Botol', 'VITAMIN IPI', 'Vitamin Ipi ', 'Batch : 070771', 'ETALASE 2', 'OBAT-100.jpg', '6500', '2023-05-19 04:30:20', '0', '', 10),
('OBAT-101', 'obat', 'Obat', 'Strip', 'WELMOVE', 'Welmove', 'Batch : 22A0024', 'ETALASE 2', 'OBAT-101.jpg', '18000', '2023-01-31 07:43:14', '0', '', 3),
('OBAT-102', 'obat', 'Herbal', 'Botol', 'WOODS', 'Wood att 60ml (merah)', 'Batch : WPAE21444', 'ETALASE 2', 'OBAT-102.jpg', '19000', '2023-01-17 08:06:09', '0', '', 3),
('OBAT-103', 'obat', 'Obat', 'Botol', 'WOODS', 'Wood exp 60ml (biru)', 'Batch : WPET16131', 'ETALASE 2', 'OBAT-103.jpg', '22000', '2023-05-25 07:32:06', '0', '', 2),
('OBAT-104', 'obat', 'Obat', 'PCS', 'XONCE', 'Xonce', 'Batch : TTXONE16594', 'ETALASE 2', 'OBAT-104.jpg', '2000', '2023-02-06 06:08:05', '0', '', 37),
('OBAT-105', 'alkes', 'Obat', 'Tube', 'COUNTERPAIN', 'Counterpain ', 'Batch : 0L4171', 'ETALASE 2', 'OBAT-105.jpg', '27500', '2023-04-27 05:53:03', '0', '', 2),
('OBAT-106', 'obat', 'Obat', 'PCS', 'OBAT', 'Tolak angin ', '', 'ETALASE 2', 'OBAT-106.jpg', '4000', '2023-05-15 08:45:36', '0', '', 20),
('OBAT-107', 'alkes', 'Obat', 'Botol', 'PRODUK BAYI', 'Lactacyd baby 60ml biru', '', 'ETALASE 1', 'OBAT-107.jpg', '30000', '2023-05-02 08:52:06', '0', '', 0),
('OBAT-108', 'alkes', 'Obat', 'PCS', 'ALKES', 'Bagus kapur semut', '', 'ETALASE 1', 'OBAT-108.jpg', '3500', '2023-02-10 02:20:16', '0', '', 10),
('OBAT-109', 'alkes', 'Obat', 'PCS', 'OBAT', 'Fiesta 3 max dotted', '', 'ETALASE 1 ', 'OBAT-109.jpg', '13000', '2023-04-13 01:21:14', '0', '', 0),
('OBAT-11', 'obat', 'Obat', 'Strip', 'BODREX', 'Bodrex extra', 'Batch : 010382', 'ETALASE 1 ', 'OBAT-11.jpg', '2500', '2023-05-05 03:29:10', '0', '', 19),
('OBAT-110', 'alkes', 'Obat', 'PCS', 'OBAT', 'Fiesta 3 ultra safe', '', 'ETALASE 1', 'OBAT-110.jpg', '13000', '2023-02-27 07:41:26', '0', '', 0),
('OBAT-111', 'alkes', 'Obat', 'PCS', 'OBAT', 'Durex 3 performa ', '', 'ETALASE 1', 'OBAT-111.jpg', '31000', '2023-01-18 08:34:11', '0', '', 1),
('OBAT-112', 'alkes', 'Obat', 'PCS', 'OBAT', 'Durex 3 closefit', '', 'ETALASE 1', 'OBAT-112.jpg', '22500', '2023-02-10 02:19:49', '0', '', 0),
('OBAT-113', 'alkes', 'Obat', 'PCS', 'OBAT', 'Durex 2 invisible ', '', 'ETALASE 1', 'OBAT-113.jpg', '38500', '2023-01-18 08:34:11', '0', '', 1),
('OBAT-114', 'obat', 'Obat', 'Botol', 'OBAT', 'CDR Jeruk ', '', 'ETALASE 2', 'OBAT-114.jpg', '48000', '2023-03-06 03:15:53', '0', '', 2),
('OBAT-115', 'obat', 'Obat', 'PCS', 'OBAT', 'Cazetin drops ', '', 'ETALASE 2', 'OBAT-115.jpg', '22000', '2023-01-18 08:34:11', '0', '', 2),
('OBAT-116', 'obat', 'Obat', 'Botol', 'OBAT', 'Amoxilin dry sirup nova ', 'Batch : 2208OB96', 'ETALASE 2', 'OBAT-116.jpg', '6000', '2023-01-18 08:34:11', '0', '', 2),
('OBAT-117', 'alkes', 'Obat', 'Botol', 'OBAT', 'Betadine kumur 190ml ', 'Batch : HB21032', 'ETALASE 1 ', 'OBAT-117.jpg', '36500', '2023-01-18 08:34:11', '0', '', 1),
('OBAT-118', 'obat', 'Obat', 'Botol', 'OBAT', 'Alletrol comp eye drop ', 'Batch : D2057001', 'ETALASE 3 ', 'OBAT-118.jpg', '18000', '2023-02-06 06:57:25', '0', '', 1),
('OBAT-119', 'obat', 'Obat', 'Botol', 'OBAT', 'Cendo xytrol 5ml ', 'Batch : 2X0621', 'ETALASE 3 ', 'OBAT-119.jpg', '36500', '2023-01-18 08:34:11', '0', '', 1),
('OBAT-12', 'obat', 'Obat', 'Strip', 'BODREX', 'Bodrex flu batuk ', 'Batch : 1213141', 'ETALASE 1 ', 'OBAT-12.jpg', '2000', '2023-01-31 07:15:20', '0', '', 21),
('OBAT-120', 'obat', 'Obat', 'Tablet', 'OBAT', 'Allupurinol 300mg ', 'Batch : HTALOD2410', 'ETALASE 3 ', 'OBAT-120.jpg', '6000', '2023-04-12 05:16:57', '0', '', 7),
('OBAT-121', 'obat', 'Obat', 'Strip', 'OBAT', 'Amplodipine 10mg ', 'Batch : TPG83551', 'ETALASE 3 ', 'OBAT-121.jpg', '5500', '2023-05-16 08:00:22', '0', '', 20),
('OBAT-122', 'obat', 'Obat', 'Strip', 'OBAT', 'Amplodipine 5mg', 'Batch : FPC19451', 'ETALASE 3 ', 'OBAT-122.jpg', '3000', '2023-05-25 07:32:06', '0', '', 8),
('OBAT-123', 'obat', 'Obat', 'Strip', 'OBAT', 'Captopril 25mg dexa ', 'Batch : 53F1025', 'ETALASE 3 ', 'OBAT-123.jpg', '2000', '2023-01-31 07:06:36', '0', '', 10),
('OBAT-124', 'obat', 'Obat', 'Strip', 'OBAT', 'Captopril 12,5mg dexa ', 'Batch : 53E1025', 'ETALASE 3 ', 'OBAT-124.jpg', '1500', '2023-01-31 07:07:12', '0', '', 10),
('OBAT-125', 'obat', 'Obat', 'Strip', 'OBAT', 'Ciprofloxacin 500mg', 'Batch : HTCEXC2409', 'ETALASE 3 ', 'OBAT-125.jpg', '6000', '2023-05-02 04:25:32', '0', '', 6),
('OBAT-126', 'obat', 'Obat', 'Strip', 'OBAT', 'Cetirizine 10mg ', 'Batch : HTCTRC2409', 'ETALASE 3 ', 'OBAT-126.jpg', '2500', '2023-05-16 07:33:57', '0', '', 8),
('OBAT-127', 'obat', 'Obat', 'Strip', 'OBAT', 'Allopurinol 100mg ', 'Batch : HTA10C2509', 'ETALASE 3 ', 'OBAT-127.jpg', '2500', '2023-03-27 03:53:22', '0', '', 16),
('OBAT-128', 'obat', 'Obat', 'Strip', 'OBAT', 'Ambroxol 30mg tab ', 'Batch : 220914146', 'ETALASE 3 ', 'OBAT-128.jpg', '1500', '2023-05-25 07:56:57', '0', '', 13),
('OBAT-129', 'obat', 'Obat', 'Strip', 'OBAT', 'Cefixime 100mg ', 'Batch : 53D0441', 'ETALASE 3 ', 'OBAT-129.jpg', '9000', '2023-05-11 07:29:40', '0', '', 6),
('OBAT-13', 'alkes', 'Kecantikan', 'PCS', 'CALADIN', 'Caladin Lotion', 'Batch : F21007', 'ETALASE 1 ', 'OBAT-13.jpg', '18500', '2023-05-09 07:31:40', '0', '', 1),
('OBAT-130', 'obat', 'Obat', 'Strip', 'OBAT', 'Piroxicam 10mg ', 'Batch : 032725', 'ETALASE 3 ', 'OBAT-130.jpg', '2000', '2023-01-31 07:09:18', '0', '', 10),
('OBAT-131', 'obat', 'Obat', 'Strip', 'OBAT', 'Piroxicam 20mg ', 'Batch : 049125', 'ETALASE 3 ', 'OBAT-131.jpg', '2500', '2023-03-28 04:46:44', '0', '', 9),
('OBAT-132', 'obat', 'Obat', 'Strip', 'OBAT', 'Glibenclamide 5mg ', 'Batch : 22GD1114', 'ETALASE 3 ', 'OBAT-132.jpg', '2000', '2023-01-31 07:09:55', '0', '', 8),
('OBAT-134', 'obat', 'Obat', 'Strip', 'OBAT', 'Omeprazole 20mg ', 'Batch : 2203186', 'ETALASE 3 ', 'OBAT-134.jpg', '5000', '2023-04-11 06:20:49', '0', '', 9),
('OBAT-135', 'obat', 'Obat', 'Strip', 'OBAT', 'Amoxilin 500mg ', 'Batch : MAXR234', 'ETALASE 3 ', 'OBAT-135.jpg', '5500', '2023-05-15 08:44:07', '0', '', 19),
('OBAT-136', 'obat', 'Obat', 'Strip', 'OBAT', 'Cataflam 25mg', 'Batch : D16015', 'ETALASE 3 ', 'OBAT-136.jpg', '41000', '2023-05-25 07:56:56', '0', '', 6),
('OBAT-137', 'obat', 'Obat', 'Strip', 'OBAT', 'Cefadroxile 500mg', 'Batch : 53B0558', 'ETALASE 3 ', 'OBAT-137.jpg', '9000', '2023-05-24 14:24:59', '0', '', 8),
('OBAT-138', 'obat', 'Obat', 'Strip', 'OBAT', 'Dexteem plus tab ', 'Batch : T0622391', 'ETALASE 3 ', 'OBAT-138.jpg', '3500', '2023-05-23 07:30:30', '0', '', 14),
('OBAT-139', 'obat', 'Obat', 'Strip', 'OBAT', 'Diane-35tab ', 'Batch : KT0C173', 'ETALASE 3 ', 'OBAT-139.jpg', '180500', '2023-01-31 07:12:58', '0', '', 1),
('OBAT-14', 'alkes', 'Obat', 'PCS', 'CALADIN', 'Caladin talk', 'Batch : F21007', 'ETALASE 1 ', 'OBAT-14.jpg', '12500', '2023-05-03 08:10:59', '0', '', 0),
('OBAT-140', 'obat', 'Obat', 'Botol', 'OBAT', 'Peditox', '', 'ETALASE 3 ', 'OBAT-140.jpg', '9500', '2023-01-18 08:34:11', '0', '', 3),
('OBAT-141', 'obat', 'Obat', 'Strip', 'OBAT', 'Ibu profen 200mg ', 'Batch : 004623', 'ETALASE 3 ', 'OBAT-141.jpg', '2500', '2023-01-31 07:13:14', '0', '', 9),
('OBAT-142', 'obat', 'Obat', 'Tube', 'OBAT', 'Bioplacenton jelly ', 'Batch : LA23216', 'ETALASE 3 ', 'OBAT-142.jpg', '32000', '2023-01-18 08:34:11', '0', '', 3),
('OBAT-143', 'obat', 'Alat Kesehatan ', 'Tube', 'OBAT', 'Mometasone furoate 5gr', 'Batch : 2203027', 'ETALASE 3 ', 'OBAT-143.jpg', '17500', '2023-01-18 08:34:11', '0', '', 2),
('OBAT-144', 'obat', 'Obat', 'Botol', 'OBAT', 'Cendo catarlent 15ml', 'Batch : 2CN0419', 'ETALASE 3 ', 'OBAT-144.jpg', '41000', '2023-04-18 01:03:28', '0', '', 0),
('OBAT-145', 'obat', 'Obat', 'Botol', 'OBAT', 'Erlamycetin tetes mata ', 'Batch : DO657122', 'ETALASE 3 ', 'OBAT-145.jpg', '11000', '2023-01-18 08:34:11', '0', '', 2),
('OBAT-146', 'obat', 'Obat', 'Tube', 'OBAT', 'Bufacomp cr 5gr', 'Batch : 0208201', 'ETALASE 1 ', 'OBAT-146.jpg', '27500', '2023-01-18 08:34:11', '0', '', 2),
('OBAT-147', 'obat', 'Obat', 'Botol', 'OBAT', 'Cendo augentonic ', 'Batch : 2AUG725', 'ETALASE 3 ', 'OBAT-147.jpg', '33500', '2023-01-18 08:34:11', '0', '', 1),
('OBAT-148', 'obat', 'Obat', 'Botol', 'OBAT', 'Cendo Astenof ', 'Batch : 1AS1110', 'ETALASE 3 ', 'OBAT-148.jpg', '28000', '2023-01-18 08:34:11', '0', '', 1),
('OBAT-149', 'obat', 'Obat', 'Botol', 'OBAT', 'Betadine kumur 100ml ', '', 'ETALASE 3 ', 'OBAT-149.jpg', '24500', '2023-03-29 04:33:28', '0', '', 0),
('OBAT-15', 'obat', 'Obat', 'PCS', 'COMBATRIN', 'Combatrin 125', 'Batch : MFGAUG2021', 'ETALASE 1 ', 'OBAT-15.jpg', '17000', '2023-01-31 07:15:47', '0', '', 3),
('OBAT-150', 'obat', 'Obat', 'Box', 'OBAT', 'Fitkom gummy fruit & veggie ', 'Batch : 22C0001', 'ETALASE 2', 'OBAT-150.jpg', '16500', '2023-03-20 01:20:02', '0', '', 0),
('OBAT-151', 'obat', 'Obat', 'Tube', 'OBAT', 'Carmed cr 10 40gr', 'Batch : C0001A1', 'ETALASE 3 ', 'OBAT-151.jpg', '43000', '2023-01-19 04:51:10', '0', '', 1),
('OBAT-152', 'obat', 'Obat', 'Tube', 'OBAT', 'Betametasone ', 'Batch : 5126', 'ETALASE 3 ', 'OBAT-152.jpg', '4000', '2023-05-24 14:24:59', '0', '', 2),
('OBAT-153', 'obat', 'Obat', 'Tube', 'OBAT', 'Carmed cr 20 40gr', 'Batch : T0001A1', 'ETALASE 3 ', 'OBAT-153.jpg', '54500', '2023-01-19 04:51:10', '0', '', 1),
('OBAT-154', 'obat', 'Obat', 'Strip', 'OBAT', 'CTM Pt pim ', 'Batch : 09207010', 'ETALASE 1 ', 'OBAT-154.jpg', '3000', '2023-04-13 01:22:28', '0', '', 22),
('OBAT-155', 'obat', 'Obat', 'Strip', 'OBAT', 'FG Troches ', 'Batch : FTRS22643', 'ETALASE 3', 'OBAT-155.jpg', '19000', '2023-05-16 08:00:22', '0', '', 16),
('OBAT-156', 'obat', 'Obat', 'Strip', 'OBAT', 'Betahistine 6mg', 'Batch : 53C0670', 'ETALASE 3', 'OBAT-156.jpg', '11500', '2023-01-31 06:59:00', '0', '', 10),
('OBAT-157', 'obat', 'Obat', 'Strip', 'OBAT', 'Acyclovir 200mg tab', 'Batch : E206923', 'ETALASE 3 ', 'OBAT-157.jpg', '7500', '2023-05-12 04:51:32', '0', '', 9),
('OBAT-158', 'obat', 'Obat', 'Strip', 'OBAT', 'Cimitidine 200mg ', 'Batch : 14065', 'ETALASE 3 ', 'OBAT-158.jpg', '5500', '2023-01-31 06:59:59', '0', '', 10),
('OBAT-159', 'obat', 'Obat', 'Strip', 'OBAT', 'Clindamicin 300mg', 'Batch : A21006', 'ETALASE 3 ', 'OBAT-159.jpg', '14500', '2023-05-22 07:12:23', '0', '', 4),
('OBAT-16', 'obat', 'Obat', 'Strip', 'COMBATRIN', 'Combatrin 250', 'Batch : MFGSEP2021', 'ETALASE 1 ', 'OBAT-16.jpg', '19500', '2023-03-27 03:12:41', '0', '', 4),
('OBAT-160', 'obat', 'Obat', 'Strip', 'OBAT', 'Acetylcystein 200mg', 'Batch : CO2655EZ', 'ETALASE 3 ', 'OBAT-160.jpg', '13500', '2023-05-23 07:31:57', '0', '', 8),
('OBAT-161', 'alkes', 'Obat', 'Botol', 'MKP LANG', 'MKP Lang 15ml ', 'Batch : LE01614', 'ETALASE 2', 'OBAT-161.jpg', '6000', '2023-04-28 04:13:26', '0', '', 5),
('OBAT-162', 'alkes', 'Obat', 'Botol', 'MKP LANG', 'MKP Lang 30ml ', 'Batch : L000210', 'ETALASE 2', 'OBAT-162.jpg', '11000', '2023-05-23 07:30:30', '0', '', 2),
('OBAT-163', 'alkes', 'Obat', 'Botol', 'OBAT', 'Nebacetine powder ', 'Batch : Y2H276A', 'ETALASE 3 ', 'OBAT-163.jpg', '26500', '2023-01-19 04:51:10', '0', '', 3),
('OBAT-164', 'obat', 'Obat', 'Tube', 'OBAT', 'Scabimite cr 30gr', 'Batch : E222008', 'ETALASE 3 ', 'OBAT-164.jpg', '102500', '2023-01-19 04:51:10', '0', '', 1),
('OBAT-165', 'obat', 'Obat', 'Tube', 'OBAT', 'Scabimite cr 10gr', 'Batch : F22024', 'ETALASE 3 ', 'OBAT-165.jpg', '61500', '2023-01-19 04:51:10', '0', '', 1),
('OBAT-166', 'obat', 'Obat', 'Strip', 'OBAT', 'Neuropyron v tab ', 'Batch : 2163044', 'ETALASE 3 ', 'OBAT-166.jpg', '13000', '2023-02-17 01:23:23', '0', '', 7),
('OBAT-167', 'obat', 'Obat', 'Strip', 'OBAT', 'Ranitidine tab hexapram ', 'Batch : RNTH24228', 'ETALASE 3 ', 'OBAT-167.jpg', '3500', '2023-01-31 07:01:00', '0', '', 10),
('OBAT-168', 'obat', 'Obat', 'Strip', 'OBAT', 'Salbutamol 2mg ', 'Batch : FI06668', 'ETALASE 3 ', 'OBAT-168.jpg', '2500', '2023-02-06 07:24:54', '0', '', 6),
('OBAT-169', 'obat', 'Obat', 'Strip', 'OBAT', 'Salbutamol 4mg ', 'Batch : A08314CZ', 'ETALASE 3 ', 'OBAT-169.jpg', '2000', '2023-01-31 07:01:33', '0', '', 10),
('OBAT-17', 'obat', 'Obat', 'Botol', 'COMBATRIN', 'Combatrin sirup', 'Batch : MFGSEP2021', 'ETALASE 2', 'OBAT-17.jpg', '20000', '2023-01-17 08:06:09', '0', '', 3),
('OBAT-170', 'obat', 'Obat', 'Strip', 'OBAT', 'Metformin 500mg ', 'Batch : MFNH24290', 'ETALASE 3 ', 'OBAT-170.jpg', '3000', '2023-05-25 07:56:56', '0', '', 30),
('OBAT-171', 'obat', 'Obat', 'Strip', 'OBAT', 'Ondansetron 4mg', 'Batch : N2204034', 'ETALASE 3 ', 'OBAT-171.jpg', '18500', '2023-01-31 07:02:37', '0', '', 5),
('OBAT-172', 'obat', 'Obat', 'Tube', 'OBAT', 'Thrombophob hijau oint', 'Batch : 3120222', 'ETALASE 3 ', 'OBAT-172.jpg', '51500', '2023-01-19 04:51:10', '0', '', 1),
('OBAT-173', 'obat', 'Obat', 'Tube', 'OBAT', 'Thrombophob kecil 10gr', 'Batch : 567G22', 'ETALASE 3', 'OBAT-173.jpg', '45500', '2023-01-19 04:51:10', '0', '', 1),
('OBAT-174', 'obat', 'Obat', 'Botol', 'OBAT', 'Stimuno forte kaps', 'Batch : 5210562', 'ETALASE 2', 'OBAT-174.jpg', '85500', '2023-01-19 04:51:10', '0', '', 2),
('OBAT-175', 'obat', 'Obat', 'Tube', 'OBAT', 'Transpulmin kids 20gr', 'Batch : MFIG06', 'ETALASE 3 ', 'OBAT-175.jpg', '74000', '2023-01-19 04:51:10', '0', '', 1),
('OBAT-176', 'obat', 'Obat', 'Tube', 'OBAT', 'Thrombophob merah gel 20gr', 'Batch : 28SD22', 'ETALASE 3 ', 'OBAT-176.jpg', '65000', '2023-01-19 04:51:10', '0', '', 1),
('OBAT-177', 'obat', 'Obat', 'PCS', 'OBAT', 'SP Troches strawbery', 'Batch : 22436', 'ETALASE 2', 'OBAT-177.jpg', '12500', '2023-01-19 04:51:10', '0', '', 2),
('OBAT-178', 'obat', 'Obat', 'PCS', 'OBAT', 'SP Troches melon', 'Batch : 22257', 'ETALASE 2', 'OBAT-178.jpg', '12500', '2023-01-19 04:51:10', '0', '', 2),
('OBAT-179', 'obat', 'Obat', 'Strip', 'OBAT', 'Voltadex 50mg', 'Batch : 53C4249', 'ETALASE 3 ', 'OBAT-179.jpg', '6000', '2023-05-22 07:12:23', '0', '', 15),
('OBAT-18', 'obat', 'Obat', 'Botol', 'COOLING', 'Cooling 5 plus', 'Batch : 23L123', 'ETALASE 2', 'OBAT-18.jpg', '39500', '2023-01-16 04:56:29', '0', '', 0),
('OBAT-180', 'obat', 'Obat', 'Tube', 'OBAT', 'Ketokonazole cr ', 'Batch : 4821350', 'ETALASE 3 ', 'OBAT-180.jpg', '8000', '2023-02-10 01:58:42', '0', '', 10),
('OBAT-181', 'obat', 'Obat', 'Strip', 'OBAT', 'Kejibeling', 'Batch : KO722160', 'ETALASE 3 ', 'OBAT-181.jpg', '5500', '2023-05-02 04:25:32', '0', '', 9),
('OBAT-182', 'obat', 'Obat', 'Botol', 'OBAT', 'Ichtiol zalf ', 'Batch : 2071030', 'ETALASE 1 ', 'OBAT-182.jpg', '6000', '2023-01-19 04:51:10', '0', '', 12),
('OBAT-183', 'alkes', 'Obat', 'Botol', 'HOTCREAM', 'Hot cream 60ml putih', 'Batch : IF06126', 'ETALASE 2', 'OBAT-183.jpg', '15000', '2023-03-06 02:00:10', '0', '', 1),
('OBAT-184', 'alkes', 'Obat', 'Tube', 'HOTCREAM', 'Hot cream strong tube 60ml', 'Batch : 22E05028', 'ETALASE 2', 'OBAT-184.jpg', '19000', '2023-01-19 04:51:10', '0', '', 1),
('OBAT-185', 'alkes', 'Obat', 'Tube', 'HOTCREAM', 'Hot cream tube 60ml', 'Batch : 22G06821', 'ETALASE 2', 'OBAT-185.jpg', '19000', '2023-02-08 06:45:51', '0', '', 1),
('OBAT-186', 'alkes', 'Obat', 'Tube', 'HOTCREAM', 'Hot cream aromatherapy tube 60ml', 'Batch : 22H07332', 'ETALASE 2', 'OBAT-186.jpg', '20500', '2023-04-10 01:56:16', '0', '', 1),
('OBAT-187', 'obat', 'Obat', 'Strip', 'OBAT', 'Likokalk capl', 'Batch : HRR026076', 'ETALASE 2', 'OBAT-187.jpg', '3000', '2023-02-08 01:24:48', '0', '', 7),
('OBAT-188', 'obat', 'Obat', 'Strip', 'OBAT', 'Ketokonazole tab', 'Batch : 20302103', 'ETALASE 3 ', 'OBAT-188.jpg', '6500', '2023-01-31 07:05:38', '0', '', 16),
('OBAT-189', 'obat', 'Obat', 'Strip', 'OBAT', 'Methylpredinsolone 4mg', 'Batch : MPSD23391', 'ETALASE 3 ', 'OBAT-189.jpg', '2500', '2023-02-27 07:38:26', '0', '', 0),
('OBAT-19', 'obat', 'Obat', 'Botol', 'CURCUMA ', 'Curcuma sharpy orange 60ml', 'Batch : 22CO147', 'ETALASE 2', 'OBAT-19.jpg', '15500', '2023-01-27 02:33:07', '0', '', 2),
('OBAT-190', 'obat', 'Obat', 'Tube', 'OBAT', 'Betason-N cr 5gr', 'Batch : C20466W', 'ETALASE 3 ', 'OBAT-190.jpg', '20000', '2023-04-18 05:55:47', '0', '', 1),
('OBAT-191', 'obat', 'Obat', 'Tube', 'OBAT', 'Chloramfecort cream 10gr', 'Batch : 262J', 'ETALASE 3 ', 'OBAT-191.jpg', '17500', '2023-01-19 07:10:48', '0', '', 3),
('OBAT-192', 'alkes', 'Obat', 'Botol', 'OBAT', 'Erlamycetin plus tetes mata ', 'Batch : D1157053', 'ETALASE 3', 'OBAT-192.jpg', '15000', '2023-01-25 07:09:17', '0', '', 3),
('OBAT-193', 'alkes', 'Obat', 'Botol', 'OBAT', 'Genoint tetes mata', 'Batch : D0857007', 'ETALASE 3 ', 'OBAT-193.jpg', '11500', '2023-01-25 07:09:17', '0', '', 3),
('OBAT-194', 'obat', 'Obat', 'Strip', 'OBAT', 'Dumin tab', 'Batch : A23341023', 'ETALASE 1', 'OBAT-194.jpg', '7500', '2023-03-03 04:25:28', '0', '', 1),
('OBAT-195', 'obat', 'Obat', 'Strip', 'OBAT', 'Sanmol tab', 'Batch : CD8049', 'ETALASE 1', 'OBAT-195.jpg', '2000', '2023-05-27 09:43:00', '0', '', 24),
('OBAT-196', 'obat', 'Obat', 'Strip', 'OBAT', 'Mefenamid acid ', 'Batch : MECB20077', 'ETALASE 3 ', 'OBAT-196.jpg', '3500', '2023-05-25 07:56:57', '0', '', 17),
('OBAT-197', 'obat', 'Obat', 'Strip', 'OBAT', 'Glimepiride 2mg ', 'Batch : 53PO887', 'ETALASE 3 ', 'OBAT-197.jpg', '3000', '2023-05-15 08:42:44', '0', '', 20),
('OBAT-198', 'obat', 'Obat', 'Strip', 'OBAT', 'Sangobion ', 'Batch : E0547007', 'ETALASE 2', 'OBAT-198.jpg', '17500', '2023-05-27 09:43:00', '0', '', 20),
('OBAT-199', 'obat', 'Obat', 'Strip', 'OBAT', 'Domperidone tab', 'Batch : 22001001', 'ETALASE 3 ', 'OBAT-199.jpg', '5000', '2023-01-31 06:57:42', '0', '', 10),
('OBAT-20', 'obat', 'Obat', 'Tube', 'DAKTARIN', 'Daktarin', 'Batch : 164131', 'ETALASE 2', 'OBAT-20.jpg', '26500', '2023-04-28 04:13:26', '0', '', 2),
('OBAT-200', 'obat', 'Obat', 'Strip', 'OBAT', 'Dexaharsen 0,5mg', 'Batch : 2083118', 'ETALASE 3 ', 'OBAT-200.jpg', '2500', '2023-05-27 09:43:00', '0', '', 24),
('OBAT-201', 'obat', 'Obat', 'Strip', 'OBAT', 'Dexaharsen 0,75mg', 'Batch : 2085102', 'ETALASE 3 ', 'OBAT-201.jpg', '3000', '2023-05-25 07:56:57', '0', '', 21),
('OBAT-203', 'obat', 'Obat', 'Botol', 'OBAT', 'Stimuno sirup grape 60ml ', 'Batch : 4721262', 'ETALASE 2', 'OBAT-203.jpg', '30500', '2023-02-06 08:16:24', '0', '', 1),
('OBAT-204', 'obat', 'Obat', 'Botol', 'OBAT', 'Vit C Ipi ', 'Batch : 040682', 'ETALASE 2', 'OBAT-204.jpg', '6500', '2023-05-22 07:59:07', '0', '', 3),
('OBAT-205', 'obat', 'Obat', 'Botol', 'OBAT', 'Promagh suspensi ', 'Batch : KLPRGN23048', 'ETALASE 1', 'OBAT-205.jpg', '12500', '2023-01-24 07:07:57', '0', '', 3),
('OBAT-206', 'obat', 'Obat', 'Botol', 'OBAT', 'Bisolvon kids ', 'Batch : 22080668', 'ETALASE 2', 'OBAT-206.jpg', '45500', '2023-04-04 03:02:58', '0', '', 1),
('OBAT-207', 'obat', 'Obat', 'Strip', 'OBAT', 'Panadol capl ', 'Batch : LJ3K', 'ETALASE 1 ', 'OBAT-207.jpg', '11000', '2023-05-22 07:59:07', '0', '', 7),
('OBAT-208', 'obat', 'Obat', 'PCS', 'OBAT', 'Promagh herbal ', 'Batch : CF001', 'ETALASE 1', 'OBAT-208.jpg', '2000', '2023-03-01 04:26:18', '0', '', 5),
('OBAT-209', 'obat', 'Obat', 'PCS', 'OBAT', 'Tolak angin flu ', 'Batch : CF001', 'ETALASE 2', 'OBAT-209.jpg', '4000', '2023-02-09 02:10:58', '0', '', 22),
('OBAT-21', 'obat', 'Obat', 'Strip', 'DIAPET', 'Diapet ', 'Batch : 21KO282', 'ETALASE 1 ', 'OBAT-21.jpg', '5000', '2023-05-23 07:30:30', '0', '', 6),
('OBAT-210', 'obat', 'Obat', 'PCS', 'OBAT', 'Tolak angin anak ', 'Batch : CF001', 'ETALASE 2', 'OBAT-210.jpg', '3000', '2023-05-15 08:45:36', '0', '', 17),
('OBAT-211', 'obat', 'Obat', 'PCS', 'OBAT', 'Tolak linu 15ml coklat', 'Batch : AA076122', 'ETALASE 2', 'OBAT-211.jpg', '3000', '2023-05-16 08:00:22', '0', '', 20),
('OBAT-212', 'obat', 'Obat', 'Botol', 'OBAT', 'CDR Fortos', 'Batch : CMO2404', 'ETALASE 2', 'OBAT-212.jpg', '47000', '2023-01-25 02:39:33', '0', '', 2),
('OBAT-213', 'obat', 'Obat', 'Botol', 'OBAT', 'Frescare 10ml citrus ', 'Batch : 22FO5371', 'ETALASE 2', 'OBAT-214.jpg', '14500', '2023-02-13 07:29:50', '0', '', 3),
('OBAT-214', 'obat', 'Obat', 'Botol', 'OBAT', 'Frescare 10ml Strong ', 'Batch : 22G06582', 'ETALASE 2', 'OBAT-214.jpg', '14500', '2023-05-16 08:00:08', '0', '', 2),
('OBAT-215', 'obat', 'Obat', 'Botol', 'OBAT', 'Frescare 10ml lavender ', 'Batch : 22F05154', 'ETALASE 2', 'OBAT-215.jpg', '14500', '2023-05-22 07:59:07', '0', '', 1),
('OBAT-216', 'obat', 'Obat', 'Botol', 'OBAT', 'Safecare 10ml original ', 'Batch : 10220714', 'ETALASE 2', 'OBAT-216.jpg', '16000', '2023-03-29 05:40:30', '0', '', 0),
('OBAT-217', 'obat', 'Obat', 'Botol', 'OBAT', 'Medicated hijau 6ml ', 'Batch : F54J22186', 'ETALASE 2', 'OBAT-217.jpg', '11000', '2023-01-25 02:39:33', '0', '', 2),
('OBAT-218', 'obat', 'Obat', 'Botol', 'OBAT', 'Medicated hijau 40ml ', 'Batch : FS3122173', 'ETALASE 2', 'OBAT-218.jpg', '42500', '2023-01-25 02:39:33', '0', '', 2),
('OBAT-219', 'obat', 'Obat', 'Botol', 'OBAT', 'Medicated hijau 20ml ', 'Batch : FS2J22178', 'ETALASE 2', 'OBAT-219.jpg', '26000', '2023-01-25 02:39:33', '0', '', 2),
('OBAT-22', 'obat', 'Obat', 'PCS', 'DULCOLAX', 'Dulcolax', 'Batch : MFG072021', 'ETALASE 1 ', 'OBAT-22.jpg', '10000', '2023-01-17 08:06:09', '0', '', 5),
('OBAT-220', 'obat', 'Obat', 'Botol', 'OBAT', 'Medicated hijau 12ml ', 'Batch : FSI122157', 'ETALASE 2', 'OBAT-220.jpg', '18500', '2023-01-25 02:39:33', '0', '', 2),
('OBAT-221', 'obat', 'Obat', 'Botol', 'OBAT', 'SM C Lemon ', '', 'ETALASE 2', 'OBAT-221.jpg', '9000', '2023-03-28 07:09:32', '0', '', 9),
('OBAT-222', 'obat', 'Obat', 'Strip', 'OBAT', 'Imboost tab ', 'Batch : 22B0087', 'ETALASE 2', 'OBAT-222.jpg', '39000', '2023-01-31 06:55:00', '0', '', 5),
('OBAT-223', 'obat', 'Obat', 'PCS', 'OBAT', 'Alba pastiles', 'Batch : MI011', 'ETALASE 2', 'OBAT-223.jpg', '12000', '2023-02-28 03:12:39', '0', '', 5),
('OBAT-224', 'obat', 'Obat', 'Botol', 'OBAT', 'Imboost kids 21 tablet hisap ', 'Batch : 22LO021', 'ETALASE 2', 'OBAT-224.jpg', '32000', '2023-03-01 03:43:50', '0', '', 0),
('OBAT-225', 'obat', 'Obat', 'Botol', 'OBAT', 'Imboost syr 60ml ori ', 'Batch : 2290159', 'ETALASE 2', 'OBAT-225.jpg', '39000', '2023-02-09 02:00:52', '0', '', 1),
('OBAT-226', 'obat', 'Obat', 'Botol', 'OBAT', 'Mucos sirup 60ml ', 'Batch : E2J100', 'ETALASE 3 ', 'OBAT-226.jpg', '22000', '2023-01-25 02:39:33', '0', '', 1),
('OBAT-227', 'obat', 'Obat', 'Botol', 'OBAT', 'Mucos drop 20ml ', 'Batch : E2H031', 'ETALASE 3 ', 'OBAT-227.jpg', '46000', '2023-01-25 02:39:33', '0', '', 1),
('OBAT-228', 'obat', 'Obat', 'Strip', 'OBAT', 'Neurobion biru', 'Batch : E0090698', 'ETALASE 1', 'OBAT-228.jpg', '25000', '2023-01-31 06:55:25', '0', '', 5),
('OBAT-229', 'obat', 'Obat', 'Strip', 'OBAT', 'Vastigo 6mg', 'Batch : 53G1228', 'ETALASE 3 ', 'OBAT-229.jpg', '14500', '2023-01-31 07:37:28', '0', '', 10),
('OBAT-23', 'obat', 'Obat', 'Strip', 'EM KAPSUL', 'Em Kapsul ', 'Batch : 008BU17', 'ETALASE 2', 'OBAT-23.jpg', '20000', '2023-01-31 07:35:23', '0', '', 3),
('OBAT-230', 'obat', 'Obat', 'Botol', 'OBAT', 'Dumin syr strawberry 60ml', 'Batch : B20331002', 'ETALASE 2', 'OBAT-230.jpg', '30500', '2023-01-25 02:39:33', '0', '', 2),
('OBAT-231', 'obat', 'Obat', 'Strip', 'OBAT', 'Neuralgin rx kalbe ', 'Batch : KTNLGD24797', 'ETALASE 3 ', 'OBAT-231.jpg', '11000', '2023-05-22 07:59:07', '0', '', 6),
('OBAT-232', 'obat', 'Obat', 'Strip', 'OBAT', 'Lopamid ', 'Batch : 2145008', 'ETALASE 3 ', 'OBAT-232.jpg', '3000', '2023-05-23 07:31:57', '0', '', 6),
('OBAT-234', 'obat', 'Obat', 'Strip', 'OBAT', 'Antasidadoen', 'Batch : JN1029', 'ETALASE 3 ', 'OBAT-234.jpg', '1500', '2023-05-08 07:35:21', '0', '', 1),
('OBAT-235', 'obat', 'Obat', 'Strip', 'OBAT', 'Bromex ', 'Batch : 11203', 'ETALASE 3 ', 'OBAT-235.jpg', '2000', '2023-05-02 07:47:02', '0', '', 7),
('OBAT-236', 'obat', 'Obat', 'Tube', 'OBAT', 'Gentamicin ', 'Batch : 6328', 'ETALASE 3 ', 'OBAT-236.jpg', '5500', '2023-01-25 03:51:57', '0', '', 3),
('OBAT-237', 'obat', 'Obat', 'Tube', 'OBAT', 'Erlamycetin sm eye', 'Batch : 0457245', 'ETALASE 3 ', 'OBAT-237.jpg', '11000', '2023-01-25 03:51:57', '0', '', 3),
('OBAT-238', 'obat', 'Obat', 'Botol', 'OBAT', 'Yusimox syr ', 'Batch : 20231', 'ETALASE 3 ', 'OBAT-238.jpg', '6000', '2023-03-09 01:39:38', '0', '', 4),
('OBAT-239', 'obat', 'Obat', 'Strip', 'OBAT', 'Hufagrip forte ', 'Batch : LI01232', 'ETALASE 3 ', 'OBAT-239.jpg', '5000', '2023-05-19 04:30:20', '0', '', 1),
('OBAT-24', 'obat', 'Obat', 'PCS', 'ENTROSTOP', 'Entrostop anak ', 'Batch : CA009', 'ETALASE 1 ', 'OBAT-24.jpg', '13500', '2023-03-13 08:46:03', '0', '', 23),
('OBAT-240', 'obat', 'Obat', 'Strip', 'OBAT', 'Intunal + Tablet kuning ', 'Batch : A2F191', 'ETALASE 1', 'OBAT-240.jpg', '4000', '2023-05-15 08:43:03', '0', '', 16),
('OBAT-241', 'obat', 'Obat', 'Strip', 'OBAT', 'Alpara Kaplet', 'Batch : A06E0277', 'ETALASE 1', 'OBAT-241.jpg', '7500', '2023-05-27 09:43:00', '0', '', 8),
('OBAT-242', 'obat', 'Obat', 'Tube', 'OBAT', 'Acyclovir cr 5%', 'Batch : 563050113ML', 'ETALASE 3 ', 'OBAT-242.jpg', '6000', '2023-02-14 04:11:09', '0', '', 10),
('OBAT-243', 'obat', 'Obat', 'Strip', 'OBAT', 'Afolat', 'Batch : T09068BB', 'ETALASE 2', 'OBAT-243.jpg', '2000', '2023-05-05 04:34:02', '0', '', 13),
('OBAT-245', 'obat', 'Obat', 'Botol', 'OBAT', 'Betadine sol 5ml ', 'Batch : GB22001', 'ETALASE 1', 'OBAT-245.jpg', '7500', '2023-03-17 01:36:48', '0', '', 3),
('OBAT-246', 'obat', 'Obat', 'Strip', 'OBAT', 'Natur E Cap 16', 'Batch : 2BC0704', 'ETALASE 2', 'OBAT-246.jpg', '5000', '2023-05-16 08:00:22', '0', '', 4),
('OBAT-247', 'obat', 'Obat', 'Strip', 'OBAT', 'GG Tab 10 x 10', 'Batch : F22062', 'ETALASE 3 ', 'OBAT-247.jpg', '1000', '2023-01-31 06:47:56', '0', '', 10),
('OBAT-248', 'obat', 'Obat', 'Strip', 'OBAT', 'Spasminal ', 'Batch : HTSPLB24240', 'ETALASE 3 ', 'OBAT-248.jpg', '13000', '2023-02-10 02:19:17', '0', '', 6),
('OBAT-249', 'alkes', 'Obat', 'PCS', 'OBAT', 'Zambux 25gr', 'Batch : 22365', 'ETALASE 2', 'OBAT-249.jpg', '40500', '2023-01-25 07:49:35', '0', '', 1),
('OBAT-25', 'obat', 'Obat', 'PCS', 'ENTROSTOP', 'Entrostop dewasa ', 'Batch : KTNTPK15784', 'ETALASE 1 ', 'OBAT-25.jpg', '7500', '2023-01-17 08:06:09', '0', '', 6),
('OBAT-250', 'obat', 'Obat', 'Botol', 'OBAT', 'Bersih darah kembang bulan ', 'Batch : K186J20419', 'ETALASE 1', 'OBAT-250.jpg', '15000', '2023-04-04 04:56:03', '0', '', 2),
('OBAT-251', 'obat', 'Obat', 'Botol', 'OBAT', 'Salep 2-4 15gr', 'Batch : KWO722A', 'ETALASE 1', 'OBAT-251.jpg', '5000', '2023-01-25 07:49:35', '0', '', 5),
('OBAT-252', 'obat', 'Obat', 'Tube', 'OBAT', 'Hico gell 15gr', 'Batch : 20529', 'ETALASE 3 ', 'OBAT-252.jpg', '17000', '2023-02-09 01:50:44', '0', '', 1),
('OBAT-253', 'obat', 'Obat', 'PCS', 'OBAT', 'Thermolyte diet sugar', 'Batch : DIE263K', 'ETALASE 2', 'OBAT-253.jpg', '40000', '2023-01-25 07:49:35', '0', '', 1),
('OBAT-254', 'obat', 'Obat', 'PCS', 'OBAT', 'Thermolyte Plus', 'Batch : 7310146LOTG', 'ETALASE 2', 'OBAT-254.jpg', '69000', '2023-05-27 09:43:00', '0', '', 0),
('OBAT-255', 'obat', 'Obat', 'PCS', 'OBAT', 'Redoxon DA Blackcur', 'Batch : CM93238', 'ETALASE 2', 'OBAT-255.jpg', '45000', '2023-01-25 07:49:35', '0', '', 1),
('OBAT-256', 'obat', 'Obat', 'PCS', 'OBAT', 'Redoxon EF', 'Batch : CM91212', 'ETALASE 2', 'OBAT-256.jpg', '45000', '2023-05-16 08:00:22', '0', '', 1),
('OBAT-257', 'obat', 'Obat', 'PCS', 'OBAT', 'Y Rins 2x12ml', 'Batch : 2AJ085', 'ETALASE 2', 'OBAT-257.jpg', '18500', '2023-03-15 04:17:49', '0', '', 2),
('OBAT-258', 'obat', 'Obat', 'Strip', 'OBAT', 'Nephrolit tab ', 'Batch : TKNHLC24169', 'ETALASE 3 ', 'OBAT-258.jpg', '2500', '2023-01-31 06:49:16', '0', '', 20),
('OBAT-259', 'obat', 'Obat', 'Strip', 'OBAT', 'Teosal tab ', 'Batch : 53E4144', 'ETALASE 3 ', 'OBAT-259.jpg', '2000', '2023-01-31 06:49:03', '0', '', 10),
('OBAT-26', 'obat', 'Obat', 'Strip', 'EVER E', 'Ever E 12 New', 'Batch : APR21A01', 'ETALASE 2', 'OBAT-26.jpg', '15000', '2023-02-08 01:28:05', '0', '', 2),
('OBAT-260', 'obat', 'Obat', 'Strip', 'OBAT', 'Simvasastin 10mg ', 'Batch : SD1236', 'ETALASE 3 ', 'OBAT-260.jpg', '3500', '2023-02-09 02:12:29', '0', '', 0),
('OBAT-261', 'obat', 'Obat', 'Strip', 'OBAT', 'Simvasastin 20mg ', 'Batch : 2211-05-335', 'ETALASE 3 ', 'OBAT-261.jpg', '4500', '2023-04-10 01:56:16', '0', '', 13),
('OBAT-262', 'obat', 'Obat', 'Botol', 'OBAT', 'Proris syr 60ml', 'Batch : D2K624D', 'ETALASE 2', 'OBAT-262.jpg', '28000', '2023-01-25 07:49:35', '0', '', 2),
('OBAT-263', 'obat', 'Obat', 'Botol', 'OBAT', 'Praxion 120mg syr 60ml', 'Batch : D2MO71E', 'ETALASE 2', 'OBAT-263.jpg', '28000', '2023-01-25 07:49:35', '0', '', 2),
('OBAT-264', 'obat', 'Obat', 'Botol', 'OBAT', 'Sucralfate suspensi 100ml', 'Batch : E2K202', 'ETALASE 2', 'OBAT-264.jpg', '16500', '2023-01-25 07:49:35', '0', '', 1),
('OBAT-265', 'obat', 'Obat', 'Tube', 'OBAT', 'Hydrocortisone ', 'Batch : KN3001', 'ETALASE 3 ', 'OBAT-265.jpg', '7500', '2023-01-25 07:49:35', '0', '', 3),
('OBAT-266', 'obat', 'Obat', 'Botol', 'OBAT', 'Guanystrep syr 60ml ', 'Batch : 210078', 'ETALASE 2', 'OBAT-266.jpg', '6500', '2023-01-25 07:49:35', '0', '', 2),
('OBAT-267', 'obat', 'Obat', 'Strip', 'OBAT', 'Zinc sulfate tab ', 'Batch : A2H403', 'ETALASE 3 ', 'OBAT-267.jpg', '5000', '2023-01-31 06:49:59', '0', '', 10),
('OBAT-268', 'obat', 'Obat', 'Botol', 'OBAT', 'Zinc Syr 60ml', 'Batch : E2JI52', 'ETALASE 2', 'OBAT-268.jpg', '5500', '2023-01-25 07:49:35', '0', '', 1),
('OBAT-269', 'obat', 'Obat', 'Strip', 'OBAT', 'Meloxicam 7,5mg ', 'Batch : 22GBB70', 'ETALASE 3 ', 'OBAT-269.jpg', '4000', '2023-01-31 06:50:12', '0', '', 5),
('OBAT-27', 'obat', 'Obat', 'Botol', 'FITKOM', 'Fitkom tab ', 'Batch : 21J0262', 'ETALASE 2', 'OBAT-27.jpg', '14500', '2023-01-31 07:39:17', '0', '', 3),
('OBAT-270', 'obat', 'Obat', 'Strip', 'OBAT', 'Meloxicam 15mg ', 'Batch : 22FBB30', 'ETALASE 3 ', 'OBAT-270.jpg', '4500', '2023-01-31 06:50:30', '0', '', 5),
('OBAT-271', 'obat', 'Obat', 'PCS', 'OBAT', 'Bye bye fever baby', 'Batch : 2B04 ', 'ETALASE 2', 'OBAT-271.jpg', '7500', '2023-01-25 07:49:35', '0', '', 10),
('OBAT-272', 'obat', 'Obat', 'Botol', 'OBAT', 'Cap kaki tiga anak strawbery ', 'Batch : 22KO27KA15', 'ETALASE 2', 'OBAT-272.jpg', '5500', '2023-01-26 03:51:41', '0', '', 1),
('OBAT-273', 'obat', 'Obat', 'Botol', 'OBAT', 'Imunped drops 15ml', 'Batch : 2BC0766', 'ETALASE 2', 'OBAT-273.jpg', '59000', '2023-01-26 03:51:41', '0', '', 1),
('OBAT-274', 'obat', 'Obat', 'PCS', 'OBAT', 'Tropicana slim ', 'Batch : CKRMMJ25AR', 'ETALASE 2', 'OBAT-274.jpg', '25500', '2023-01-26 03:51:41', '0', '', 1),
('OBAT-275', 'obat', 'Obat', 'Botol', 'OBAT', 'Mercotin drop 20ml', 'Batch : F22HI05', 'ETALASE 3 ', 'OBAT-275.jpg', '115000', '2023-01-26 03:51:41', '0', '', 1),
('OBAT-276', 'obat', 'Obat', 'Tube', 'OBAT', 'Inerson ointment ', 'Batch : C404KO77', 'ETALASE 3 ', 'OBAT-276.jpg', '117000', '2023-01-26 03:51:41', '0', '', 1),
('OBAT-277', 'obat', 'Obat', 'Botol', 'OBAT', 'Cap kaki tiga guava ', 'Batch : 22G0IRUB15', 'ETALASE 2', 'OBAT-277.jpg', '6000', '2023-01-26 03:51:41', '0', '', 2),
('OBAT-278', 'obat', 'Obat', 'Botol', 'OBAT', 'Cap kaki tiga grape', 'Batch : 221034CG', 'ETALASE 2', 'OBAT-278.jpg', '6000', '2023-03-28 07:09:32', '0', '', 1),
('OBAT-279', 'obat', 'Obat', 'Botol', 'OBAT', 'Cap kaki tiga leci', 'Batch : 22J004CL', 'ETALASE 2', 'OBAT-279.jpg', '6000', '2023-03-20 06:09:15', '0', '', 0),
('OBAT-28', 'alkes', 'Obat', 'PCS', 'FRESCARE', 'Frescare rool ', 'Batch : IN02354', 'ETALASE 2', 'OBAT-28.jpg', '14500', '2023-01-17 08:06:09', '0', '', 2),
('OBAT-280', 'obat', 'Obat', 'Botol', 'OBAT', 'Cap kaki tiga jeruk nipis ', 'Batch : 221027CN', 'ETALASE 2', 'OBAT-280.jpg', '6000', '2023-01-26 03:51:41', '0', '', 2),
('OBAT-281', 'obat', 'Obat', 'PCS', 'OBAT', 'Tolak angin permen ', '', 'ETALASE 2', 'OBAT-281.jpg', '2000', '2023-02-09 07:31:05', '0', '', 11),
('OBAT-282', 'obat', 'Obat', 'PCS', 'OBAT', 'Vick vap 10gr ', 'Batch : 23086298X1', 'ETALASE 2', 'OBAT-282.jpg', '8000', '2023-05-22 07:13:21', '0', '', 3),
('OBAT-283', 'obat', 'Obat', 'PCS', 'OBAT', 'Strepsil reg merah ', 'Batch : 1671JJ5', 'ETALASE 2', 'OBAT-283.jpg', '10000', '2023-01-26 03:51:41', '0', '', 2),
('OBAT-284', 'obat', 'Obat', 'PCS', 'OBAT', 'Antimo tab ', 'Batch : 56002249', 'ETALASE 1 ', 'OBAT-284.jpg', '5500', '2023-02-09 01:44:56', '0', '', 8),
('OBAT-285', 'alkes', 'Obat', 'Botol', 'OBAT', 'MKP Lang aromatherapy rose 30ml ', 'Batch : GC00310', 'ETALASE 2', 'OBAT-285.jpg', '12000', '2023-01-26 03:51:41', '0', '', 2),
('OBAT-286', 'alkes', 'Obat', 'Botol', 'Acne', 'MKP Lang aromatherapy greentea 30ml ', 'Batch : LM00111', 'ETALASE 2', 'OBAT-286.jpg', '12000', '2023-04-18 02:40:45', '0', '', 1),
('OBAT-287', 'alkes', 'Obat', 'Botol', 'OBAT', 'MKP Lang aromatherapy original 30ml ', 'Batch : LB11310', 'ETALASE 2', 'OBAT-287.jpg', '12000', '2023-02-06 08:23:47', '0', '', 1),
('OBAT-288', 'alkes', 'Obat', 'Botol', 'OBAT', 'MKP Lang aromatherapy greentea 60ml ', 'Batch : LR00115', 'ETALASE 2', 'OBAT-288.jpg', '23500', '2023-01-26 03:51:41', '0', '', 2),
('OBAT-289', 'alkes', 'Obat', 'Botol', 'OBAT', 'MKP Lang aromatherapy original 60ml ', 'Batch  : LR00215', 'ETALASE 2', 'OBAT-289.jpg', '23500', '2023-01-26 03:51:41', '0', '', 2),
('OBAT-29', 'alkes', 'Obat', 'Botol', 'GELIGA', 'Geliga 10gr', 'Batch : GN00355', 'ETALASE 2', 'OBAT-29.jpg', '5000', '2023-01-17 08:06:09', '0', '', 3),
('OBAT-290', 'alkes', 'Alat Kesehatan ', 'Botol', 'OBAT', 'MKP Lang aromatherapy lavender 60ml ', 'Batch : LE00109', 'ETALASE 2', 'OBAT-290.jpg', '23500', '2023-01-26 03:51:41', '0', '', 2),
('OBAT-291', 'alkes', 'Obat', 'Botol', 'OBAT', 'Herocyn baby bedak 200gr', 'Batch : 22AK203', 'ETALASE 1', 'OBAT-291.jpg', '14500', '2023-01-26 03:51:41', '0', '', 1),
('OBAT-292', 'alkes', 'Obat', 'Botol', 'OBAT', 'Herocyn baby bedak 100gr', 'Batch : 22FK052', 'ETALASE 1 ', 'OBAT-292.jpg', '9500', '2023-04-04 03:47:55', '0', '', 1),
('OBAT-293', 'obat', 'Obat', 'PCS', 'Acne', 'Entrakid rasa vanila ', 'Batch : 22X0601GU', 'ETALASE 2', 'OBAT-293.jpg', '59500', '2023-01-26 03:51:41', '0', '', 1),
('OBAT-294', 'obat', 'Obat', 'PCS', 'OBAT', 'Entrakid rasa coklat', 'Batch : 22X2903GU', 'ETALASE 2', 'OBAT-294.jpg', '59500', '2023-01-26 03:51:41', '0', '', 1),
('OBAT-295', 'obat', 'Obat', 'Botol', 'OBAT', 'Bisolvon extra ', 'Batch : 22060519', 'ETALASE 2', 'OBAT-295.jpg', '49000', '2023-03-06 03:15:53', '0', '', 2),
('OBAT-296', 'alkes', 'Obat', 'Botol', 'MKP LANG', 'MKP Lang 60ml ', 'Batch : LD000915', 'ETALASE 2', 'OBAT-296.jpg', '21000', '2023-05-25 07:32:06', '0', '', 2),
('OBAT-297', 'alkes', 'Obat', 'PCS', 'FRESCARE', 'Freshcare sandalwood 10ml', '', 'ETALASE 2', 'OBAT-297.jpg', '14500', '2023-04-04 03:02:58', '0', '', 2),
('OBAT-298', 'alkes', 'Obat', 'PCS', 'FRESCARE', 'Frescare mix eucalyptus 5ml', 'Batch : JF06117', 'ETALASE 2', 'OBAT-298.jpg', '14500', '2023-02-06 08:14:34', '0', '', 1),
('OBAT-299', 'alkes', 'Obat', 'PCS', 'FRESCARE', 'Frescare splash fruity 10ml', 'Batch : 22609376', 'ETALASE 2', 'OBAT-299.jpg', '14500', '2023-05-16 08:00:22', '0', '', 2),
('OBAT-30', 'alkes', 'Obat', 'Botol', 'GELIGA', 'Geliga 20gr', 'Batch : LM02052', 'ETALASE 2', 'OBAT-30.jpg', '9000', '2023-03-09 00:57:58', '0', '', 1),
('OBAT-300', 'alkes', 'Obat', 'PCS', 'FRESCARE', 'Frescare green tea rool on 10ml', 'Batch : 22609376', 'ETALASE 2', 'OBAT-300.jpg', '14500', '2023-01-26 03:51:41', '0', '', 2),
('OBAT-301', 'obat', 'Obat', 'PCS', 'SALONPAS', 'Salonpas hot koyo merah ', 'Batch : A4502', 'ETALASE 2', 'OBAT-301.jpg', '6500', '2023-03-21 02:18:19', '0', '', 5),
('OBAT-302', 'obat', 'Obat', 'PCS', 'SALONPAS', 'Salonpas superkoyo', 'Batch : A4508', 'ETALASE 2', 'OBAT-302.jpg', '6500', '2023-05-16 07:33:57', '0', '', 11),
('OBAT-303', 'obat', 'Obat', 'PCS', 'OBAT', 'Strepsil cool', 'Batch : 1045MM2', 'ETALASE 2', 'OBAT-303.jpg', '19500', '2023-01-26 03:51:41', '0', '', 2),
('OBAT-304', 'obat', 'Obat', 'PCS', 'OBAT', 'Strepsil lemon kuning ', 'Batch : 2480KK2', 'ETALASE 2', 'OBAT-304.jpg', '19500', '2023-01-26 03:51:41', '0', '', 2),
('OBAT-305', 'obat', 'Obat', 'Tube', 'OBAT', 'Kalpanak cream ', 'Batch : KCKPXF26668', 'ETALASE 3 ', 'OBAT-305.jpg', '24000', '2023-04-12 01:56:14', '0', '', 2),
('OBAT-306', 'alkes', 'Produk Bayi', 'Botol', 'PRODUK BAYI', 'My baby powder 100 fresh fruity ', 'Batch : 20007', 'ETALASE 1', 'OBAT-306.jpg', '7000', '2023-01-27 02:19:43', '0', '', 1),
('OBAT-307', 'alkes', 'Produk Bayi', 'Botol', 'PRODUK BAYI', 'My baby powder 100 soft gentle biru', 'Batch : 29025', 'ETALASE 1 ', 'OBAT-307.jpg', '7000', '2023-01-27 02:19:43', '0', '', 1),
('OBAT-308', 'alkes', 'Produk Bayi', 'Botol', 'PRODUK BAYI', 'My baby powder 100 ef telon plus', 'Batch : 20031', 'ETALASE 1', 'OBAT-308.jpg', '7000', '2023-05-03 08:10:59', '0', '', 0),
('OBAT-309', 'alkes', 'Produk Bayi', 'Botol', 'PRODUK BAYI', 'My baby powder 100 sf pink ', 'Batch : 22206122', 'ETALASE 1 ', 'OBAT-309.jpg', '7000', '2023-01-27 02:19:43', '0', '', 1);
INSERT INTO `master_item` (`kode_item`, `jenis`, `kategori`, `satuan`, `merk`, `nama_item`, `keterangan`, `lokasi`, `gambar`, `harga_jual`, `waktu_update`, `upah_peracik`, `aturan_pakai`, `stok`) VALUES
('OBAT-31', 'alkes', 'Obat', 'Tube', 'GELIGA', 'Geliga cream 60ml', 'Batch : GT00258', 'ETALASE 2', 'OBAT-31.jpg', '16500', '2023-02-09 02:50:40', '0', '', 2),
('OBAT-310', 'alkes', 'Produk Bayi', 'Botol', 'PRODUK BAYI', 'My baby powder 50 fresh fruity ', 'Batch : 26064', 'ETALASE 1 ', 'OBAT-310.jpg', '3500', '2023-01-27 02:19:43', '0', '', 1),
('OBAT-311', 'alkes', 'Produk Bayi', 'Botol', 'PRODUK BAYI', 'My baby powder 50 sf pink', 'Batch : 20021', 'ETALASE 1', 'OBAT-311.jpg', '3500', '2023-01-27 02:19:43', '0', '', 1),
('OBAT-312', 'alkes', 'Produk Bayi', 'Botol', 'PRODUK BAYI', 'My baby powder 50 soft gentle biru', 'Batch : 27018', 'ETALASE 1', 'OBAT-312.jpg', '3500', '2023-02-09 01:43:20', '0', '', 0),
('OBAT-313', 'alkes', 'Produk Bayi', 'Botol', 'PRODUK BAYI', 'My baby powder 50 telon plus ', 'Batch : 20012', 'ETALASE 1', 'OBAT-313.jpg', '3500', '2023-01-27 02:19:43', '0', '', 1),
('OBAT-314', 'alkes', 'Produk Bayi', 'Botol', 'PRODUK BAYI', 'My baby powder 75 telon plus ', 'Batch : 25020', 'ETALASE 1', 'OBAT-314.jpg', '5500', '2023-01-27 02:19:43', '0', '', 1),
('OBAT-315', 'alkes', 'Obat', 'PCS', 'OBAT', 'Plossa citrus herbal ', 'Batch : 047122', 'ETALASE 2', 'OBAT-315.jpg', '11500', '2023-01-27 02:19:43', '0', '', 2),
('OBAT-316', 'obat', 'Obat', 'Botol', 'CURCUMA ', 'Curcuma sharpy blackurrant ', 'Batch : 22JO144', 'ETALASE 2', 'OBAT-316.jpg', '15500', '2023-01-27 02:19:43', '0', '', 1),
('OBAT-317', 'obat', 'Obat', 'Botol', 'CURCUMA ', 'Curcuma sharpy strawbery', 'Batch : 22CO168', 'ETALASE 2', 'OBAT-317.jpg', '15500', '2023-01-27 02:19:43', '0', '', 1),
('OBAT-318', 'obat', 'Obat', 'Botol', 'OBAT', 'Curvit syr', 'Batch : 22H0222', 'ETALASE 2', 'OBAT-318.jpg', '28500', '2023-05-17 07:24:53', '0', '', 0),
('OBAT-319', 'obat', 'Obat', 'Botol', 'OBAT', 'Ferriz drop', 'Batch : 2C1103', 'ETALASE 2', 'OBAT-319.jpg', '42500', '2023-01-27 02:19:43', '0', '', 2),
('OBAT-32', 'alkes', 'Obat', 'Botol', 'GPU', 'GPU Sereh ', 'Batch : LA01706', 'ETALASE 2', 'OBAT-32.jpg', '9000', '2023-03-06 06:18:37', '0', '', 1),
('OBAT-320', 'obat', 'Obat', 'Botol', 'OBAT', 'Ferriz syr', 'Batch : 2J1377', 'ETALASE 2', 'OBAT-320.jpg', '42500', '2023-01-27 02:19:43', '0', '', 1),
('OBAT-321', 'obat', 'Obat', 'PCS', 'OBAT', 'Lelap 3x4 kap', 'Batch : 22HO141', 'ETALASE 2', 'OBAT-321.jpg', '16000', '2023-01-27 02:19:43', '0', '', 3),
('OBAT-322', 'obat', 'Obat', 'Botol', 'OBAT', 'Mastin ', 'Batch : 085BU041', 'ETALASE 2', 'OBAT-322.jpg', '100500', '2023-01-27 02:19:43', '0', '', 1),
('OBAT-323', 'alkes', 'Obat', 'PCS', 'OBAT', 'Plossa mini eucalyptus', 'Batch : 001J22', 'ETALASE 2', 'OBAT-323.jpg', '6500', '2023-01-27 02:19:43', '0', '', 2),
('OBAT-324', 'alkes', 'Obat', 'PCS', 'OBAT', 'Plossa mini red hot ', 'Batch : 003H22', 'ETALASE 2', 'OBAT-324.jpg', '6500', '2023-01-27 02:19:43', '0', '', 2),
('OBAT-325', 'alkes', 'Obat', 'PCS', 'OBAT', 'Plossa red hot besar', 'Batch : 017122', 'ETALASE 2', 'OBAT-325.jpg', '11500', '2023-01-27 02:19:43', '0', '', 2),
('OBAT-326', 'alkes', 'Obat', 'PCS', 'OBAT', 'Plossa eucalyptus besar', 'Batch : DO7K22', 'ETALASE 2', 'OBAT-326.jpg', '11500', '2023-01-27 02:19:43', '0', '', 2),
('OBAT-327', 'obat', 'Obat', 'Botol', 'OBAT', 'Paratusin syr 60ml ', 'Batch : 2B12019', 'ETALASE 2', 'OBAT-327.jpg', '37000', '2023-01-27 02:19:43', '0', '', 1),
('OBAT-328', 'obat', 'Obat', 'Botol', 'OBH ', 'OBH Combi anak 60ml apel ', 'Batch : 21MO55', 'ETALASE 2', 'OBAT-328.jpg', '15500', '2023-01-27 02:19:43', '0', '', 2),
('OBAT-329', 'obat', 'Obat', 'Botol', 'OBH ', 'OBH Combi anak 60ml orange ', 'Batch : 21L099', 'ETALASE 2', 'OBAT-329.jpg', '15500', '2023-02-27 06:06:55', '0', '', 1),
('OBAT-33', 'obat', 'Obat', 'Strip', 'HEMAVITON', 'Hemaviton action ', 'Batch : 122151', 'ETALASE 2', 'OBAT-33.jpg', '7000', '2023-02-28 03:12:39', '0', '', 2),
('OBAT-330', 'obat', 'Obat', 'Botol', 'OBH ', 'OBH Combi anak 60ml strawberry ', 'Batch : 21MO58', 'ETALASE 2', 'OBAT-330.jpg', '15500', '2023-01-27 02:19:43', '0', '', 2),
('OBAT-331', 'obat', 'Obat', 'Botol', 'OBH ', 'OBH Combi plus 100 mentol dewasa', 'Batch : 21H136', 'ETALASE 2', 'OBAT-331.jpg', '19000', '2023-03-14 06:13:52', '0', '', 0),
('OBAT-332', 'obat', 'Obat', 'Botol', 'OBH ', 'OBH Combi 60ml jahe dewasa', 'Batch : 21F141', 'ETALASE 2', 'OBAT-332.jpg', '15000', '2023-02-21 07:05:03', '0', '', 1),
('OBAT-333', 'obat', 'Obat', 'Botol', 'OBH ', 'OBH Combi 100ml jahe dewasa', 'Batch : 21G167', 'ETALASE 2', 'OBAT-333.jpg', '19000', '2023-01-27 02:19:43', '0', '', 2),
('OBAT-334', 'obat', 'Obat', 'Botol', 'OBH ', 'OBH Combi 100ml madu dewasa', 'Batch : 21G1', 'ETALASE 2', 'OBAT-334.jpg', '19000', '2023-03-15 06:58:15', '0', '', 1),
('OBAT-335', 'obat', 'Obat', 'Botol', 'OBH ', 'OBH Combi 60ml madu dewasa', 'Batch : 21J019', 'ETALASE 2', 'OBAT-335.jpg', '15000', '2023-02-21 07:04:08', '0', '', 2),
('OBAT-336', 'obat', 'Obat', 'Botol', 'OBH ', 'OBH Combi antitusive 60ml ', 'Batch : 21G140', 'ETALASE 2', 'OBAT-336.jpg', '15500', '2023-01-27 02:19:43', '0', '', 2),
('OBAT-337', 'obat', 'Obat', 'Botol', 'VICK', 'Vick 44 dewasa 100ml', 'Batch : 21696298E1', 'ETALASE 2', 'OBAT-337.jpg', '27000', '2023-01-27 02:19:43', '0', '', 2),
('OBAT-338', 'obat', 'Obat', 'PCS', 'KOMIX', 'Komix herbal jahe sach ', 'Batch : CG004', 'ETALASE 1 ', 'OBAT-338.jpg', '2000', '2023-01-27 02:19:43', '0', '', 6),
('OBAT-339', 'obat', 'Obat', 'PCS', 'KOMIX', 'Komix herbal jeruk nipis', 'Batch :EH009', 'ETALASE 1 ', 'OBAT-339.jpg', '2000', '2023-01-27 02:19:43', '0', '', 6),
('OBAT-34', 'obat', 'Obat', 'Strip', 'HEMAVITON', 'Hemaviton stamina ', 'Batch : PG7605200', 'ETALASE 2', 'OBAT-34.jpg', '7000', '2023-01-31 07:40:46', '0', '', 2),
('OBAT-340', 'obat', 'Obat', 'PCS', 'KOMIX', 'Komix herbal lemon ', 'Batch : CG003X', 'ETALASE 1', 'OBAT-340.jpg', '2500', '2023-02-06 08:12:25', '0', '', 2),
('OBAT-341', 'obat', 'Obat', 'PCS', 'OBAT', 'Renovit gold strip', 'Batch : MAR22A05', 'ETALASE 2', 'OBAT-341.jpg', '13000', '2023-01-27 02:19:43', '0', '', 3),
('OBAT-342', 'obat', 'Obat', 'PCS', 'SAFECARE', 'Safecare euca kayu putih rool on ', 'Batch : LO22101310221013', 'ETALASE 2', 'OBAT-342.jpg', '16000', '2023-01-27 02:19:43', '0', '', 2),
('OBAT-343', 'obat', 'Obat', 'PCS', 'SAFECARE', 'Safecare strong aromatherapy ', 'Batch : 20220403', 'ETALASE 2', 'OBAT-343.jpg', '16500', '2023-01-27 02:19:43', '0', '', 2),
('OBAT-345', 'obat', 'Obat', 'Tube', 'OBAT', 'Momilen nursing ', 'Batch : 002526', 'ETALASE 3 ', 'OBAT-345.jpg', '27500', '2023-01-27 02:19:43', '0', '', 1),
('OBAT-346', 'obat', 'Obat', 'Tube', 'OBAT', 'Momilen diaper baby', 'Batch : 003226', 'ETALASE 3', 'OBAT-346.jpg', '27500', '2023-01-27 02:19:43', '0', '', 1),
('OBAT-347', 'obat', 'Obat', 'Strip', 'OBAT', 'Metronidazole tablet 500mg ', 'Batch : 1209063', 'ETALASE 3', 'OBAT-347.jpg', '3500', '2023-05-15 08:44:07', '0', '', 8),
('OBAT-348', 'obat', 'Obat', 'Strip', 'OBAT', 'Attapulgit tab ', 'Batch : 1209245', 'ETALASE 2', 'OBAT-348.jpg', '4000', '2023-02-10 02:15:00', '0', '', 5),
('OBAT-349', 'obat', 'Obat', 'Strip', 'OBAT', 'Furosemide 40mg ', 'Batch : 037723', 'ETALASE 3 ', 'OBAT-349.jpg', '3500', '2023-01-31 06:44:40', '0', '', 10),
('OBAT-35', 'alkes', 'Obat', 'PCS', 'HEROCIN', 'Herocin ', 'Batch : 21KD185', 'ETALASE 1 ', 'OBAT-35.jpg', '13500', '2023-05-16 08:00:22', '0', '', 3),
('OBAT-350', 'obat', 'Obat', 'Strip', 'OBAT', 'Roverton kap', 'Batch : 20830', 'ETALASE 3 ', 'OBAT-350.jpg', '2500', '2023-05-24 14:24:59', '0', '', 5),
('OBAT-351', 'obat', 'Obat', 'Botol', 'OBAT', 'Polysilane susp 100ml ', 'Batch : D2G325C', 'ETALASE 2', 'OBAT-351.jpg', '24500', '2023-05-02 04:24:54', '0', '', 1),
('OBAT-352', 'obat', 'Obat', 'PCS', 'OBAT', 'Polysilane tablet ', 'Batch : D2G539C', 'ETALASE 1', 'OBAT-352.jpg', '9500', '2023-05-08 06:12:24', '0', '', 3),
('OBAT-353', 'obat', 'Obat', 'Botol', 'OBAT', 'Proris susp forte', 'Batch : D2H882C', 'ETALASE 2', 'OBAT-353.jpg', '33000', '2023-01-30 04:43:10', '0', '', 2),
('OBAT-354', 'obat', 'Obat', 'Strip', 'OBAT', 'Paratusin tab', 'Batch : XX2A099', 'ETALASE 3 ', 'OBAT-356.jpg', '15000', '2023-01-31 06:43:56', '0', '', 20),
('OBAT-355', 'obat', 'Obat', 'Strip', 'OBAT', 'Bodrex migra ', 'Batch : 100952', 'ETALASE 1 ', 'OBAT-355.jpg', '2500', '2023-02-09 01:23:47', '0', '', 24),
('OBAT-356', 'obat', 'Obat', 'Strip', 'OBAT', 'Cavicur tab ', 'Batch : H0757079', 'ETALASE 2', 'OBAT-356.jpg', '7500', '2023-05-24 14:24:59', '0', '', 9),
('OBAT-357', 'obat', 'Alat Kesehatan ', 'Strip', 'OBAT', 'Glucosamine mpl ', 'Batch : 20902', 'ETALASE 3 ', 'OBAT-357.jpg', '14500', '2023-01-31 06:43:00', '0', '', 10),
('OBAT-358', 'obat', 'Obat', 'Strip', 'OBAT', 'Neuralgin rhema cap', 'Batch : KTNLGF23047', 'ETALASE 3 ', 'OBAT-358.jpg', '11000', '2023-01-31 06:43:15', '0', '', 10),
('OBAT-359', 'obat', 'Obat', 'Botol', 'OBAT', 'Sanadryl expect syr 60ml ', 'Batch : CH9766', 'ETALASE 2', 'OBAT-359.jpg', '16000', '2023-01-30 07:22:38', '0', '', 2),
('OBAT-36', 'alkes', 'Obat', 'Botol', 'HOTCREAM', 'Hot cream 60ml strong', 'Batch : 22B01508', 'ETALASE 2', 'OBAT-36.jpg', '13000', '2023-01-19 03:31:11', '0', '', 1),
('OBAT-360', 'obat', 'Obat', 'Strip', 'OBAT', 'Gemfibrozil 300mg tab ', 'Batch : 56441017', 'ETALASE 3 ', 'OBAT-360.jpg', '6000', '2023-01-31 06:43:25', '0', '', 10),
('OBAT-361', 'obat', 'Obat', 'Strip', 'OBAT', 'Spironalactone 25mg ', 'Batch : 53F4222', 'ETALASE 3 ', 'OBAT-361.jpg', '5000', '2023-01-31 06:43:36', '0', '', 10),
('OBAT-362', 'obat', 'Obat', 'Botol', 'OBAT', 'Decadryl exp 120ml ', 'Batch : 2040070', 'ETALASE 2', 'OBAT-362.jpg', '21500', '2023-01-30 08:15:39', '0', '', 1),
('OBAT-363', 'obat', 'Obat', 'Botol', 'OBAT', 'Decadryl exp 60ml ', 'Batch : 2041050', 'ETALASE 2', 'OBAT-363.jpg', '16500', '2023-01-30 08:15:39', '0', '', 1),
('OBAT-364', 'obat', 'Obat', 'Strip', 'OBAT', 'Lansoprazole ', 'Batch : N2209058', 'ETALASE 3 ', 'OBAT-364.jpg', '9000', '2023-05-25 07:56:57', '0', '', 20),
('OBAT-365', 'obat', 'Obat', 'Strip', 'OBAT', 'Bisoprolol 5mg ', 'Batch : 53L4154', 'ETALASE 3 ', 'OBAT-365.jpg', '4000', '2023-01-31 06:40:11', '0', '', 5),
('OBAT-366', 'obat', 'Obat', 'Strip', 'OBAT', 'Nifedipine 10mg ', 'Batch : 53K4173', 'ETALASE 3 ', 'OBAT-366.jpg', '2500', '2023-01-31 06:41:06', '0', '', 10),
('OBAT-367', 'obat', 'Obat', 'Strip', 'OBAT', 'Cotrimoxazole tablet', 'Batch : IN1047', 'ETALASE 3 ', 'OBAT-367.jpg', '3000', '2023-02-09 01:18:36', '0', '', 9),
('OBAT-368', 'obat', 'Obat', 'Strip', 'OBAT', 'Asifit ', 'Batch : F20345BJ', 'ETALASE 3 ', 'OBAT-368.jpg', '26000', '2023-01-31 06:41:30', '0', '', 3),
('OBAT-369', 'obat', 'Obat', 'Strip', 'Acne', 'Glimepiride 1mg ', 'Batch : 53G4146', 'ETALASE 3 ', 'OBAT-369.jpg', '3000', '2023-05-25 07:31:00', '0', '', 23),
('OBAT-37', 'obat', 'Obat', 'Botol', 'HUFAGRIP', 'Hufagrip tmp (merah)', 'Batch : B000491', 'ETALASE 2', 'OBAT-37.jpg', '16000', '2023-01-17 08:06:09', '0', '', 3),
('OBAT-370', 'obat', 'Obat', 'Strip', 'OBAT', 'Glimepiride 3mg ', 'Batch : 53F0932', 'ETALASE 3 ', 'OBAT-370.jpg', '4000', '2023-04-12 06:53:27', '0', '', 4),
('OBAT-371', 'obat', 'Obat', 'Strip', 'OBAT', 'Glimepiride 4mg ', 'Batch : 53FO890', 'ETALASE 3 ', 'OBAT-371.jpg', '4000', '2023-01-31 06:42:00', '0', '', 10),
('OBAT-372', 'alkes', 'Obat', 'Botol', 'TELON LANG', 'Minyak telon lang 100ml ', 'Batch : GT00922', 'ETALASE 2', 'OBAT-372.jpg', '28000', '2023-02-02 07:02:07', '0', '', 2),
('OBAT-373', 'alkes', 'Obat', 'Botol', 'TELON LANG', 'Minyak telon lang plus 150ml ', 'Batch : LK06722', 'ETALASE 2', 'OBAT-373.jpg', '40500', '2023-02-02 07:02:07', '0', '', 1),
('OBAT-374', 'alkes', 'Obat', 'Botol', 'TELON LANG', 'Minyak telon lang plus 30ml ', 'Batch : LCOO602', 'ETALASE 2', 'OBAT-374.jpg', '10500', '2023-02-02 07:02:07', '0', '', 1),
('OBAT-375', 'alkes', 'Obat', 'Botol', 'TELON LANG', 'Minyak telon lang plus 100ml ', 'Batch : LCO1222', 'ETALASE 2', 'OBAT-375.jpg', '29000', '2023-02-02 07:02:07', '0', '', 1),
('OBAT-376', 'alkes', 'Obat', 'Botol', 'TELON LANG', 'Minyak telon lang plus 60ml ', 'Batch : LDOO201', 'ETALASE 2', 'OBAT-376.jpg', '18000', '2023-02-02 07:02:07', '0', '', 1),
('OBAT-377', 'alkes', 'Obat', 'Botol', 'TELON LANG', 'Minyak telon lang plus 15ml ', 'Batch : LN00602', 'ETALASE 2', 'OBAT-377.jpg', '6000', '2023-02-02 07:02:07', '0', '', 1),
('OBAT-378', 'alkes', 'Obat', 'Botol', 'OBAT', 'My baby eucalyp 150ml ', 'Batch : 1250522', 'ETALASE 2', 'OBAT-378.jpg', '36500', '2023-03-15 04:17:49', '0', '', 2),
('OBAT-379', 'alkes', 'Obat', 'Botol', 'OBAT', 'My baby eucalyp 90ml ', 'Batch : 1157922', 'ETALASE 2', 'OBAT-379.jpg', '24000', '2023-05-25 07:31:00', '0', '', 2),
('OBAT-38', 'obat', 'Obat', 'Botol', 'Acne', 'Hufagrip bp (Hijau)', 'Batch : AS00022', 'ETALASE 2', 'OBAT-38.jpg', '18500', '2023-01-17 08:06:09', '0', '', 3),
('OBAT-380', 'obat', 'Obat', 'Box', 'OBAT', 'Nourish skin ultimate ', 'Batch : 7312781', 'ETALASE 2', 'OBAT-380.jpg', '145500', '2023-02-03 02:10:02', '0', '', 1),
('OBAT-381', 'obat', 'Obat', 'PCS', 'OBAT', 'Nourish skin kecil ', 'Batch : 7313681', 'ETALASE 2', 'OBAT-381.jpg', '132000', '2023-02-02 07:02:07', '0', '', 1),
('OBAT-382', 'alkes', 'Obat', 'Botol', 'TELON LANG', 'My baby telon plus 90ml orange ', 'Batch : 0950622', 'ETALASE 2', 'OBAT-382.jpg', '25500', '2023-02-02 07:02:07', '0', '', 1),
('OBAT-383', 'alkes', 'Obat', 'Botol', 'TELON LANG', 'My baby lavender 60ml ungu', 'Batch : 0506422', 'ETALASE 2', 'OBAT-383.jpg', '17000', '2023-02-02 07:02:07', '0', '', 2),
('OBAT-384', 'alkes', 'Obat', 'Botol', 'TELON LANG', 'My baby lavender 90ml ungu', 'Batch : 0657122', 'ETALASE 2', 'OBAT-384.jpg', '23000', '2023-05-25 07:31:00', '0', '', 1),
('OBAT-385', 'alkes', 'Obat', 'Botol', 'TELON LANG', 'My baby long protection 60ml', 'Batch : 0701722', 'ETALASE 2', 'OBAT-385.jpg', '19500', '2023-02-22 06:29:23', '0', '', 1),
('OBAT-386', 'alkes', 'Obat', 'Botol', 'TELON LANG', 'My baby telon plus 150ml', 'Batch : 0952122', 'ETALASE 2', 'OBAT-386.jpg', '41500', '2023-02-02 07:02:07', '0', '', 1),
('OBAT-387', 'alkes', 'Obat', 'Botol', 'TELON LANG', 'My baby lavender 150ml ungu', 'Batch : 1056122', 'ETALASE 2', 'OBAT-387.jpg', '36500', '2023-02-02 07:02:07', '0', '', 2),
('OBAT-388', 'obat', 'Obat', 'Botol', 'OBAT', 'Lactulose syr 60ml ', 'Batch : N22018A', 'ETALASE 2', 'OBAT-388.jpg', '34500', '2023-02-02 07:02:07', '0', '', 1),
('OBAT-389', 'obat', 'Obat', 'Strip', 'OBAT', 'Loratadine 10mg tab ', 'Batch : 22L01001', 'ETALASE 3 ', 'OBAT-389.jpg', '4000', '2023-02-02 07:02:07', '0', '', 5),
('OBAT-39', 'obat', 'Obat', 'Botol', 'HUFAGRIP', 'Hufagrip flu (kuning)', 'Batch : A900542', 'ETALASE 2', 'OBAT-39.jpg', '22000', '2023-03-16 02:38:44', '0', '', 3),
('OBAT-390', 'obat', 'Obat', 'Tube', 'OBAT', 'Genoint salep mata ', 'Batch : 01657065', 'ETALASE 3 ', 'OBAT-390.jpg', '9500', '2023-03-27 04:03:00', '0', '', 1),
('OBAT-391', 'obat', 'Obat', 'PCS', 'OBAT', 'Omepros mini cap ', 'Batch : D2G504C', 'ETALASE 2', 'OBAT-391.jpg', '27500', '2023-03-15 04:17:49', '0', '', 1),
('OBAT-392', 'obat', 'Obat', 'Botol', 'OBAT', 'Praxion drops 100mg', 'Batch : D2L953D', 'ETALASE 2', 'OBAT-392.jpg', '28500', '2023-02-02 07:02:07', '0', '', 1),
('OBAT-393', 'obat', 'Obat', 'Botol', 'OBH ', 'OBH Berlico jeruk nipis ', 'Batch : ERR080130', 'ETALASE 2', 'OBAT-393.jpg', '8500', '2023-02-02 07:02:07', '0', '', 2),
('OBAT-394', 'obat', 'Obat', 'Botol', 'OBAT', 'Tempra syr anggur 60ml ', 'Batch : 2D5971', 'ETALASE 2', 'OBAT-394.jpg', '47000', '2023-02-02 07:02:07', '0', '', 1),
('OBAT-395', 'obat', 'Obat', 'Botol', 'OBAT', 'Tempra syr anggur 30ml ', 'Batch : 2E7311', 'ETALASE 2', 'OBAT-395.jpg', '24500', '2023-02-02 07:02:07', '0', '', 2),
('OBAT-396', 'obat', 'Obat', 'Botol', 'OBAT', 'Vosea syrup 30ml', 'Batch : SG0566', 'ETALASE 2', 'OBAT-396.jpg', '7500', '2023-05-17 07:24:27', '0', '', 0),
('OBAT-397', 'obat', 'Obat', 'Strip', 'OBAT', 'Paracetamol tab 50mg ', 'Batch : A21959', 'ETALASE 3 ', 'OBAT-397.jpg', '2500', '2023-05-15 08:46:46', '0', '', 17),
('OBAT-398', 'alkes', 'Obat', 'Tube', 'OBAT', 'Kalpanak cream 5gr', 'Batch : KCKPXB23614', 'ETALASE 1', 'OBAT-398.jpg', '14000', '2023-04-12 01:56:14', '0', '', 4),
('OBAT-399', 'alkes', 'Obat', 'Tube', 'OBAT', 'Voltadex gel', 'Batch : 4821331', 'ETALASE 3 ', 'OBAT-399.jpg', '25000', '2023-02-02 07:02:07', '0', '', 2),
('OBAT-40', 'obat', 'Obat', 'Botol', 'HUFAGRIP', 'Hufagrip pilek (biru)', 'Batch : C600042', 'ETALASE 2', 'OBAT-40.jpg', '16000', '2023-03-16 02:38:44', '0', '', 3),
('OBAT-400', 'alkes', 'Obat', 'Tube', 'OBAT', 'Kanna whitening 30gr ', 'Batch : S21J404', 'ETALASE 1 ', 'OBAT-400.jpg', '23500', '2023-02-02 07:02:07', '0', '', 1),
('OBAT-401', 'alkes', 'Obat', 'Tube', 'OBAT', 'Kanna whitening 15gr ', 'Batch : S21K186', 'ETALASE 1 ', 'OBAT-401.jpg', '13500', '2023-02-02 07:02:07', '0', '', 1),
('OBAT-402', 'alkes', 'Obat', 'Botol', 'GPU', 'GPU Krim hot lang 120gr', 'Batch : GDOO257', 'ETALASE 2', 'OBAT-402.jpg', '17000', '2023-03-06 06:28:25', '0', '', 0),
('OBAT-403', 'alkes', 'Obat', 'PCS', 'GPU', 'Krim GPU 60gr', 'Batch : LDOO957', 'ETALASE 2', 'OBAT-403.jpg', '9500', '2023-02-02 07:02:07', '0', '', 1),
('OBAT-404', 'alkes', 'Obat', 'PCS', 'GPU', 'Krim GPU 150gr', 'Batch : LDO1057', 'ETALASE 2', 'OBAT-404.jpg', '18000', '2023-02-02 07:02:07', '0', '', 1),
('OBAT-405', 'alkes', 'Obat', 'Tube', 'OBAT', 'Erymed cream 20gr', 'Batch : LOVO1A1', 'ETALASE 3 ', 'OBAT-405.jpg', '38000', '2023-02-09 02:04:04', '0', '', 0),
('OBAT-406', 'alkes', 'Obat', 'Tube', 'OBAT', 'Synalten cream 5gr', 'Batch : 20828', 'ETALASE 3 ', 'OBAT-406.jpg', '6000', '2023-02-02 07:02:07', '0', '', 2),
('OBAT-407', 'alkes', 'Obat', 'Tube', 'OBAT', 'Kalmicetine salep kulit 15gr ', 'Batch : KCKM1A23521', 'ETALASE 3 ', 'OBAT-407.jpg', '17500', '2023-02-02 07:02:07', '0', '', 2),
('OBAT-408', 'alkes', 'Obat', 'Tube', 'OBAT', 'Melanox cream 15gr', 'Batch : ROCO1B1', 'ETALASE 3 ', 'OBAT-408.jpg', '40000', '2023-02-02 07:02:07', '0', '', 1),
('OBAT-409', 'alkes', 'Obat', 'Tube', 'OBAT', 'Kloderma cream 5gr', 'Batch : D0005A2', 'ETALASE 3 ', 'OBAT-409.jpg', '30000', '2023-02-02 07:02:07', '0', '', 1),
('OBAT-41', 'obat', 'Obat', 'Botol', 'INSTO', 'Insto ', 'Batch : 2149092', 'ETALASE 1 ', 'OBAT-41.jpg', '14000', '2023-05-22 07:23:31', '0', '', 2),
('OBAT-410', 'obat', 'Obat', 'Strip', 'OBAT', 'Candasartan 8mg', 'Batch : 53G4109', 'ETALASE 3 ', 'OBAT-410.jpg', '15000', '2023-02-08 02:06:49', '0', '', 2),
('OBAT-411', 'alkes', 'Obat', 'Botol', 'OBAT', 'Bedak salicyl ', 'Batch : 20627802K', 'ETALASE 1 ', 'OBAT-411.jpg', '8000', '2023-05-04 03:27:42', '0', '', 1),
('OBAT-412', 'obat', 'Obat', 'Strip', 'OBAT', 'Fasidol Kaplet ', 'Batch : 24530', 'ETALASE 2', 'OBAT-412.jpg', '3500', '2023-05-25 08:14:50', '0', '', 11),
('OBAT-413', 'obat', 'Obat', 'Strip', 'OBAT', 'Mefinal 500mg ', 'Batch : CH8500', 'ETALASE 3 ', 'OBAT-413.jpg', '18500', '2023-03-01 04:26:18', '0', '', 8),
('OBAT-414', 'obat', 'Obat', 'Strip', 'OBAT', 'Vosea tablet 10mg', 'Batch : SC056G', 'ETALASE 3 ', 'OBAT-414.jpg', '2500', '2023-02-02 07:02:07', '0', '', 10),
('OBAT-415', 'obat', 'Obat', 'Botol', 'OBAT', 'CBR Serbuk pk', 'Batch : WIII01', 'ETALASE 1', 'OBAT-415.jpg', '6500', '2023-02-09 01:32:34', '0', '', 2),
('OBAT-416', 'obat', 'Obat', 'Botol', 'OBAT', 'Anakonidin syr 30ml ', 'Batch : AUG22A011', 'ETALASE 2', 'OBAT-416.jpg', '7500', '2023-05-27 09:43:00', '0', '', 0),
('OBAT-417', 'obat', 'Obat', 'Botol', 'OBAT', 'Anakonidin syr 60ml ', 'Batch : J22A02', 'ETALASE 2', 'OBAT-417.jpg', '12500', '2023-02-09 01:32:34', '0', '', 2),
('OBAT-418', 'obat', 'Obat', 'Botol', 'OBAT', 'Anakonidin OBH 30ml ', 'Batch : J22A01', 'ETALASE 2', 'OBAT-418.jpg', '8500', '2023-02-27 04:39:45', '0', '', 2),
('OBAT-419', 'obat', 'Obat', 'Botol', 'OBAT', 'Anakonidin OBH 60ml ', 'Batch : J22A06', 'ETALASE 2', 'OBAT-419.jpg', '13500', '2023-02-09 01:32:34', '0', '', 2),
('OBAT-42', 'obat', 'Obat', 'Tube', 'KANNA', 'Kanna cream ', 'Batch : S221162', 'ETALASE 1 ', 'OBAT-42.jpg', '11000', '2023-01-26 03:58:53', '0', '', 2),
('OBAT-420', 'obat', 'Obat', 'Botol', 'OBAT', 'Intunal syr 60ml', 'Batch : E2J120', 'ETALASE 2', 'OBAT-420.jpg', '24500', '2023-02-09 01:32:34', '0', '', 1),
('OBAT-421', 'obat', 'Obat', 'Strip', 'OBAT', 'Citikoline 500mg', 'Batch :21714', 'ETALASE 3 ', 'OBAT-421.jpg', '53000', '2023-02-02 07:42:15', '0', '', 3),
('OBAT-422', 'obat', 'Obat', 'Strip', 'OBAT', 'Laxama tab 100', 'Batch : 20131', 'ETALASE 3 ', 'OBAT-422.jpg', '3000', '2023-02-17 04:36:57', '0', '', 9),
('OBAT-423', 'obat', 'Obat', 'Strip', 'OBAT', 'Ester c holisticare str 12', 'Batch : 2ITI2021', 'ETALASE 2', 'OBAT-423.jpg', '6500', '2023-03-01 08:30:35', '0', '', 10),
('OBAT-424', 'obat', 'Obat', 'Botol', 'OBAT', 'Callusol lotion fahrenheit ', 'Batch : 11A1175', 'ETALASE 3 ', 'OBAT-424.jpg', '32000', '2023-02-02 07:14:38', '0', '', 1),
('OBAT-425', 'obat', 'Obat', 'Box', 'OBAT', 'Tropicana slim diabtx 100', 'Batch : CKR-NMI07AT', 'ETALASE 2', 'OBAT-425.jpg', '85000', '2023-02-02 07:14:04', '0', '', 1),
('OBAT-426', 'obat', 'Obat', 'Box', 'OBAT', 'Tropicana slim diabtx 50', 'Batch : CKR-NMJIGAA', 'ETALASE 2', 'OBAT-426.jpg', '47500', '2023-02-02 07:14:04', '0', '', 1),
('OBAT-427', 'obat', 'Obat', 'Botol', 'BETADINE', 'Betadine feminine hygiene 60ml ', 'Batch : FB.22011', 'ETALASE 1 ', 'OBAT-427.jpg', '37000', '2023-02-02 07:14:04', '0', '', 2),
('OBAT-428', 'obat', 'Obat', 'Botol', 'OBAT', 'Tempra forte anggur 30ml ', 'Batch : 2C4651', 'ETALASE 2', 'OBAT-428.jpg', '27500', '2023-02-09 02:28:26', '0', '', 0),
('OBAT-429', 'obat', 'Obat', 'Botol', 'OBAT', 'Tempra drop straw 15ml', 'Batch : 2D5631', 'ETALASE 2', 'OBAT-429.jpg', '50500', '2023-02-02 07:14:04', '0', '', 1),
('OBAT-43', 'obat', 'Obat', 'Botol', 'KAPAK', 'Kapak 10ml', 'Batch : 1111242-2', 'ETALASE 2', 'OBAT-43.jpg', '15500', '2023-01-17 08:06:09', '0', '', 3),
('OBAT-430', 'obat', 'Obat', 'Botol', 'OBAT', 'Mylanta sirup 150ml ', 'Batch : B14L0202', 'ETALASE 2', 'OBAT-430.jpg', '40500', '2023-02-02 07:14:04', '0', '', 1),
('OBAT-431', 'obat', 'Obat', 'Botol', 'OBAT', 'Tempra drop anggur 15ml', 'Batch : 2C4521', 'ETALASE 2', 'OBAT-431.jpg', '50500', '2023-02-02 07:14:04', '0', '', 1),
('OBAT-432', 'obat', 'Obat', 'Botol', 'OBAT', 'Mylanta sirup 50ml ', 'Batch : B14LO521', 'ETALASE 2', 'OBAT-432.jpg', '15000', '2023-02-02 07:14:04', '0', '', 2),
('OBAT-433', 'obat', 'Obat', 'Botol', 'OBAT', 'Imboost force syr 60ml', 'Batch : 22BO302', 'ETALASE 3 ', 'OBAT-433.jpg', '71500', '2023-02-09 06:32:00', '0', '', 1),
('OBAT-434', 'obat', 'Obat', 'Strip', 'Acne', 'Simvastatin 10mg dexa', 'Batch : 53D0370', 'ETALASE 2', 'OBAT-434.jpg', '6500', '2023-05-25 07:32:06', '0', '', 4),
('OBAT-435', 'obat', 'Obat', 'Tube', 'OBAT', 'Apolar cream', 'Batch : R20091001', 'ETALASE 3 ', 'OBAT-435.jpg', '46500', '2023-02-14 01:58:15', '0', '', 1),
('OBAT-436', 'obat', 'Obat', 'Tube', 'OBAT', 'Apolar-N cream', 'Batch : R20061004', 'ETALASE 3', 'OBAT-436.jpg', '52500', '2023-04-04 03:02:58', '0', '', 1),
('OBAT-437', 'obat', 'Obat', 'Strip', 'OBAT', 'Andalan Laktasi Strip', 'Batch : 001748', 'ETALASE 3', 'OBAT-437.jpg', '15500', '2023-02-14 01:58:15', '0', '', 2),
('OBAT-438', 'obat', 'Obat', 'Tube', 'OBAT', 'Sagestam cream', 'Batch : CH9657', 'ETALASE 3 ', 'OBAT-438.jpg', '25000', '2023-02-16 02:10:46', '0', '', 2),
('OBAT-439', 'obat', 'Obat', 'Strip', 'OBAT', 'Magtral mint ', 'Batch : 21J0278', 'ETALASE 3 ', 'OBAT-439.jpg', '3500', '2023-02-22 06:52:22', '0', '', 10),
('OBAT-44', 'obat', 'Obat', 'Botol', 'KAPAK', 'Kapak 14ml', 'Batch : 1111137-1', 'ETALASE 2', 'OBAT-44.jpg', '20500', '2023-01-17 08:06:09', '0', '', 3),
('OBAT-440', 'alkes', 'Obat', 'Botol', 'OBAT', 'My baby EUCALYP  60ml', 'Batch : 1253722', 'ETALASE 2', 'OBAT-440.jpg', '17500', '2023-03-13 08:10:59', '0', '', 3),
('OBAT-441', 'obat', 'Obat', 'Strip', 'OBAT', 'Methylpredinsolone 4mg dexa', 'Batch : 53j4132', 'ETALASE 3 ', 'OBAT-441.jpg', '6500', '2023-05-08 01:50:23', '0', '', 7),
('OBAT-442', 'alkes', 'Obat', 'Botol', 'DETTOL', 'Dettol liq 95ml', 'Batch : 22A0038M', 'ETALASE 1 ', 'OBAT-442.jpg', '25500', '2023-04-04 03:02:58', '0', '', 2),
('OBAT-443', 'obat', 'Obat', 'PCS', 'OBAT', 'L-Bio Granul ', 'Batch : Q0A82', 'ETALASE 2', 'OBAT-443.jpg', '9500', '2023-05-08 07:35:21', '0', '', 27),
('OBAT-444', 'obat', 'Obat', 'Botol', 'OBAT', 'Actifed cough 60 ml merah ', 'Batch : MJ8X', 'ETALASE 2', 'OBAT-444.jpg', '60500', '2023-02-27 04:28:05', '0', '', 1),
('OBAT-445', 'obat', 'Obat', 'Botol', 'OBAT', 'Actifed Syr 60 ml hijau', 'Batch : NP7K', 'ETALASE 2', 'OBAT-445.jpg', '60500', '2023-02-27 04:28:05', '0', '', 1),
('OBAT-446', 'obat', 'Obat', 'Botol', 'OBAT', 'Actifed Syr 60 ml kuning', 'Batch : GJ5M', 'ETALASE 2', 'OBAT-446.jpg', '60500', '2023-02-27 04:28:05', '0', '', 1),
('OBAT-447', 'obat', 'Obat', 'Strip', 'OBAT', 'Becom-C', 'Batch : CE8571', 'ETALASE 2', 'OBAT-447.jpg', '19500', '2023-03-06 02:21:14', '0', '', 10),
('OBAT-448', 'obat', 'Obat', 'Botol', 'OBAT', 'Cortamine syr 60ml ', 'Batch : 5065LO17', 'ETALASE 3 ', 'OBAT-448.jpg', '70500', '2023-03-06 02:21:14', '0', '', 1),
('OBAT-449', 'obat', 'Obat', 'Botol', 'OBAT', 'Vitabulmin syr 60ml ', 'Batch : 22125303', 'ETALASE 2', 'OBAT-449.jpg', '31000', '2023-04-04 03:02:58', '0', '', 2),
('OBAT-45', 'obat', 'Obat', 'Botol', 'KAPAK', 'Kapak 28ml', 'Batch : 1120103-2', 'ETALASE 2', 'OBAT-45.jpg', '35000', '2023-01-17 08:06:09', '0', '', 3),
('OBAT-450', 'obat', 'Obat', 'Botol', 'OBAT', 'Imboost kids 21 tablet mixberry', 'Batch : 22M0042', 'ETALASE 2', 'OBAT-450.jpg', '33500', '2023-03-06 02:55:01', '0', '', 1),
('OBAT-451', 'obat', 'Obat', 'Strip', 'OBAT', 'Hufamag Plus ', 'Batch : L502872', 'ETALASE 1 ', 'OBAT-451.jpg', '3500', '2023-03-16 02:08:33', '0', '', 10),
('OBAT-452', 'obat', 'Obat', 'Strip', 'OBAT', 'Super tetra ', 'Batch : 2BHI873.A', 'ETALASE 3 ', 'OBAT-452.jpg', '11000', '2023-03-27 03:11:15', '0', '', 3),
('OBAT-453', 'obat', 'Obat', 'Strip', 'Acne', 'Eyevit ', 'Batch : N4292', 'ETALASE 2', 'OBAT-453.jpg', '35000', '2023-03-27 03:11:15', '0', '', 2),
('OBAT-454', 'obat', 'Obat', 'Strip', 'OBAT', 'Planotab ', 'Batch : 24014092', 'ETALASE 2', 'OBAT-454.jpg', '7500', '2023-03-27 03:11:15', '0', '', 3),
('OBAT-455', 'obat', 'Obat', 'Strip', 'OBAT', 'Andalan pil kb', 'Batch : 2193154', 'ETALASE 3 ', 'OBAT-455.jpg', '9000', '2023-03-27 03:11:15', '0', '', 3),
('OBAT-456', 'obat', 'Obat', 'Tube', 'OBAT', 'Aloclair gel ', 'Batch : 091241', 'ETALASE 3 ', 'OBAT-456.jpg', '96000', '2023-04-04 02:32:25', '0', '', 1),
('OBAT-457', 'obat', 'Obat', 'Tube', 'OBAT', 'Aloclair plus spray', 'Batch : 300251', 'ETALASE 3 ', 'OBAT-457.jpg', '106000', '2023-04-04 02:32:25', '0', '', 1),
('OBAT-458', 'obat', 'Obat', 'Botol', 'OBAT', 'Imunped syr 60ml', 'Batch : 2B12006', 'ETALASE 2', 'OBAT-458.jpg', '63000', '2023-04-04 02:32:25', '0', '', 1),
('OBAT-459', 'alkes', 'Obat', 'Botol', 'OBAT', 'Minyak telon TJ 100ML band telon 30ml ', 'Batch : 22NOO684', 'ETALASE 2', 'OBAT-459.jpg', '25000', '2023-04-04 02:32:44', '0', '', 2),
('OBAT-46', 'obat', 'Obat', 'Botol', 'KAPAK', 'Kapak 3ml', 'Batch : 110622-1', 'ETALASE 2', 'OBAT-46.jpg', '6000', '2023-01-17 08:06:09', '0', '', 2),
('OBAT-460', 'alkes', 'Obat', 'Botol', 'Acne', 'Dettol liq 45ml', 'Batch : 22L0017MI', 'ETALASE 1 ', 'OBAT-460.jpg', '12500', '2023-04-04 02:32:44', '0', '', 2),
('OBAT-461', 'alkes', 'Obat', 'Botol', 'OBAT', 'Cendo lyteers ', 'Batch : 2L0916', 'ETALASE 3 ', 'OBAT-461.jpg', '27500', '2023-04-04 02:32:44', '0', '', 1),
('OBAT-462', 'obat', 'Obat', 'Botol', 'OBAT', 'Dionicol dry syr 60ml', 'Batch :,32121', 'ETALASE 2', 'OBAT-462.jpg', '10000', '2023-04-04 02:32:44', '0', '', 2),
('OBAT-463', 'obat', 'Obat', 'Strip', 'OBAT', 'Histigo ', 'Batch : 30921', 'ETALASE 3 ', 'OBAT-463.jpg', '6000', '2023-04-04 03:46:42', '0', '', 5),
('OBAT-464', 'alkes', 'Obat', 'Botol', 'ALKES', 'Dettol mosaic 245ml', 'Batch : 21K01584', 'ETALASE 1 ', 'OBAT-464.jpg', '53500', '2023-04-04 03:46:42', '0', '', 1),
('OBAT-465', 'alkes', 'Obat', 'Botol', 'OBAT', 'Pure Kids Inhaler 10ml', 'Batch : 24H538', 'ETALASE 2', 'OBAT-465.jpg', '53500', '2023-04-10 01:49:50', '0', '', 1),
('OBAT-466', 'alkes', 'Obat', 'Botol', 'Acne', 'GPU Pala 30ml', 'Batch : IM00305', 'ETALASE 2', 'OBAT-466.jpg', '10000', '2023-04-10 01:49:50', '0', '', 1),
('OBAT-467', 'alkes', 'Obat', 'PCS', 'OBAT', 'Handsaplast koyo hangat ', 'Batch : 24644081', 'ETALASE 2', 'OBAT-467.jpg', '7000', '2023-05-17 07:24:27', '0', '', 8),
('OBAT-468', 'alkes', 'Obat', 'PCS', 'OBAT', 'Handsaplast koyo Panas', 'Batch : 244536333', 'ETALASE 2', 'OBAT-468.jpg', '7000', '2023-04-10 01:49:50', '0', '', 10),
('OBAT-469', 'obat', 'Obat', 'Strip', 'OBAT', 'Demacolin tab', 'Batch : 22LA037', 'ETALASE 1 ', 'OBAT-469.jpg', '5500', '2023-04-18 02:40:45', '0', '', 8),
('OBAT-47', 'obat', 'Obat', 'Botol', 'KAPAK', 'Kapak 5ml', 'Batch : 1110627-1', 'ETALASE 2', 'OBAT-47.jpg', '10000', '2023-01-17 08:06:09', '0', '', 3),
('OBAT-470', 'obat', 'Obat', 'Botol', 'OBAT', 'Cerebrofort gold orange ', 'Batch : KLCRGA24071', 'ETALASE 2', 'OBAT-470.jpg', '19000', '2023-04-12 01:48:31', '0', '', 1),
('OBAT-471', 'obat', 'Obat', 'Botol', 'OBAT', 'Cerebrofort gold strawberry', 'Batch : KLCROS24036', 'ETALASE 2', 'OBAT-471.jpg', '19000', '2023-04-12 01:48:31', '0', '', 1),
('OBAT-472', 'obat', 'Obat', 'Strip', 'OBAT', 'Mixagrip flu batuk ', 'Batch : STMXGE31939', 'ETALASE 1 ', 'OBAT-472.jpg', '3000', '2023-04-12 01:48:31', '0', '', 25),
('OBAT-473', 'obat', 'Obat', 'Strip', 'OBAT', 'Mixagrip flu', 'Batch : stmxgf26710', 'ETALASE 1 ', 'OBAT-473.jpg', '2500', '2023-05-08 01:38:43', '0', '', 24),
('OBAT-474', 'obat', 'Obat', 'Strip', 'OBAT', 'Fasidol forte ungu', 'Batch : 33321', 'ETALASE 1 ', 'OBAT-474.jpg', '4000', '2023-05-16 08:06:04', '0', '', 10),
('OBAT-475', 'obat', 'Obat', 'Strip', 'OBAT', 'Atorvastatin 10mg ', 'Batch : H21842J', 'ETALASE 3 ', 'OBAT-475.jpg', '9500', '2023-05-25 08:13:13', '0', '', 3),
('OBAT-476', 'obat', 'Obat', 'Strip', 'OBAT', 'Degirol loz kecil ', 'Batch : YX2A096', 'ETALASE 3 ', 'OBAT-476.jpg', '6000', '2023-05-25 08:13:13', '0', '', 5),
('OBAT-477', 'alkes', 'Obat', 'Botol', 'ALKES', 'Lactacyd baby 60ml pink ', 'Batch : CVH1497', 'ETALASE 1 ', 'OBAT-477.jpg', '28500', '2023-05-27 09:43:00', '0', '', 1),
('OBAT-48', 'obat', 'Obat', 'PCS', 'KOMIX', 'Komix ', 'Batch : BL020B', 'ETALASE 1 ', 'OBAT-48.jpg', '1500', '2023-03-06 02:34:33', '0', '', 51),
('OBAT-49', 'alkes', 'Produk Bayi', 'Botol', 'KONICARE', 'Konicare minyak telon 30ml', 'Batch : AUG21A01', 'ETALASE 2', 'OBAT-49.jpg', '12500', '2023-01-17 08:06:09', '0', '', 3),
('OBAT-50', 'alkes', 'Produk Bayi', 'Botol', 'KONICARE', 'Konicare minyak telon plus  30ml', 'Batch : SEP21A02', 'ETALASE 2', 'OBAT-50.jpg', '14000', '2023-01-17 08:06:09', '0', '', 2),
('OBAT-51', 'obat', 'Obat', 'Strip', 'KONIDIN', 'Konidin ', 'Batch : DEC21A30', 'ETALASE 1 ', 'OBAT-51.png', '2500', '2023-02-23 03:56:08', '0', '', 18),
('OBAT-52', 'alkes', 'Obat', 'PCS', 'KOOL FEVER', 'Kool fever kids biru', 'Batch : MFG0702022', 'ETALASE 2', 'OBAT-52.jpg', '6500', '2023-05-27 09:43:00', '0', '', 3),
('OBAT-53', 'alkes', 'Obat', 'PCS', 'KOYO', 'Koyo cabe ', 'Batch : 1220158M', 'ETALASE 2', 'OBAT-53.jpg', '12000', '2023-03-06 06:18:05', '0', '', 3),
('OBAT-54', 'alkes', 'Obat', 'Botol', 'CAP BADAK', 'Larutan botol cap kaki badak ', 'Batch : 11260004', 'ETALASE 2', 'OBAT-54.jpg', '3500', '2023-01-17 08:06:09', '0', '', 6),
('OBAT-55', 'alkes', 'Obat', 'Botol', 'LASERIN', 'Laserin 30ml', 'Batch : 010102', 'ETALASE 2', 'OBAT-55.jpg', '5500', '2023-01-17 08:06:09', '0', '', 3),
('OBAT-56', 'alkes', 'Obat', 'Botol', 'Acne', 'Laserin madu 30ml', 'Batch : 004201', 'ETALASE 2', 'OBAT-56.jpg', '7000', '2023-01-17 08:06:09', '0', '', 3),
('OBAT-57', 'alkes', 'Obat', 'Botol', 'LISTERIN', 'Listerin 100ml', 'Batch : B245A002', 'ETALASE 2', 'OBAT-57.jpg', '9500', '2023-05-23 07:31:57', '0', '', 2),
('OBAT-58', 'alkes', 'Obat', 'PCS', 'MADU', 'Madu Rasa', 'Batch : BFMJ82C', 'ETALASE 2', 'OBAT-58.jpg', '1000', '2023-02-10 02:51:39', '0', '', 9),
('OBAT-59', 'obat', 'Obat', 'Botol', 'MADU', 'Madu Tj kurma', 'Batch : IM02286', 'ETALASE 2', 'OBAT-59.jpg', '16500', '2023-03-16 07:11:32', '0', '', 3),
('OBAT-60', 'obat', 'Obat', 'PCS', 'MICROLAX', 'Microlax', 'Batch : D1L645M', 'ETALASE 1 ', 'OBAT-60.jpg', '22000', '2023-01-17 08:06:09', '0', '', 3),
('OBAT-61', 'obat', 'Obat', 'Strip', 'MYLANTA', 'Mylanta ', 'Batch : 131K274', 'ETALASE 1 ', 'OBAT-61.jpg', '8000', '2023-05-22 07:14:36', '0', '', 1),
('OBAT-62', 'obat', 'Obat', 'PCS', 'MILTON', 'Milton kaleng ', 'Batch : 515301', 'ETALASE 2', 'OBAT-62.jpg', '7000', '2023-01-17 08:06:09', '0', '', 11),
('OBAT-63', 'alkes', 'Obat', 'Botol', 'MKP LANG', 'MKP Lang 120ml ', 'Batch : LA02008', 'ETALASE 2', 'OBAT-63.jpg', '39500', '2023-03-06 03:15:53', '0', '', 3),
('OBAT-64', 'alkes', 'Obat', 'Botol', 'MKP LANG', 'MKP Lang 210ml ', 'Batch : L100611', 'ETALASE 2', 'OBAT-64.jpg', '71500', '2023-05-19 04:29:35', '0', '', 2),
('OBAT-65', 'alkes', 'Obat', 'Botol', 'TELON LANG', 'My baby eucalyp 60ml', 'Batch : 0250322', 'ETALASE 2', 'OBAT-65.jpg', '17000', '2023-02-13 07:29:50', '0', '', 0),
('OBAT-66', 'obat', 'Obat', 'Strip', 'NEUROBION ', 'Neurobion pink', 'Batch : D1414964', 'ETALASE 1', 'OBAT-66.jpg', '41000', '2023-02-02 07:37:54', '0', '', 4),
('OBAT-67', 'obat', 'Obat', 'Botol', 'OBH ', 'OBH Combi plus anak ', 'Batch : 21L099', 'ETALASE 2', 'OBAT-67.jpg', '16500', '2023-02-06 06:43:47', '0', '', 0),
('OBAT-68', 'obat', 'Obat', 'Botol', 'OBH ', 'OBH Combi plus 60ml mentol dewasa', 'Batch : IHM134', 'ETALASE 2', 'OBAT-68.jpg', '15000', '2023-05-02 04:24:54', '0', '', 3),
('OBAT-69', 'obat', 'Obat', 'Strip', 'OSKADON', 'Oskadon ', 'Batch : 120761', 'ETALASE 1', 'OBAT-69.jpg', '2000', '2023-01-31 07:44:07', '0', '', 23),
('OBAT-70', 'obat', 'Obat', 'PCS', 'PAGODA', 'Pagoda pastiles new', 'Batch : 210012', 'ETALASE 2', 'OBAT-70.jpg', '6000', '2023-02-06 08:24:28', '0', '', 9),
('OBAT-71', 'obat', 'Obat', 'Strip', 'PANADOL', 'Panadol merah (extra)', 'Batch : 21A093', 'ETALASE 1 ', 'OBAT-71.jpg', '12500', '2023-01-31 07:44:47', '0', '', 1),
('OBAT-72', 'obat', 'Obat', 'Strip', 'PARAMEX', 'Paramex', 'Batch : NOV21B20', 'ETALASE 1 ', 'OBAT-72.jpg', '2500', '2023-05-23 07:30:30', '0', '', 18),
('OBAT-73', 'alkes', 'Obat', 'Botol', 'POVIDON', 'Povidon ', 'Batch : B20349W', 'ETALASE 1', 'OBAT-73.jpg', '9000', '2023-02-22 03:57:04', '0', '', 2),
('OBAT-74', 'obat', 'Obat', 'Strip', 'PROCOLD', 'Procold flu ', 'Batch : KTPOCB16952', 'ETALASE 1 ', 'OBAT-74.jpg', '4000', '2023-01-31 07:45:45', '0', '', 5),
('OBAT-75', 'obat', 'Obat', 'Strip', 'promagh', 'Promagh ', 'Batch : KTPRGRI6350', 'ETALASE 1 ', 'OBAT-75.jpg', '8000', '2023-04-12 01:56:14', '0', '', 20),
('OBAT-76', 'obat', 'Obat', 'Strip', 'RHEUMACYL', 'Rheumacyl ', 'Batch : 010302', 'ETALASE 1 ', 'OBAT-76.jpg', '9000', '2023-02-09 02:29:40', '0', '', 2),
('OBAT-77', 'obat', 'Obat', 'Botol', 'ROHTO', 'Rohto ', 'Batch : LDRB017', 'ETALASE 1', 'OBAT-77.jpg', '12000', '2023-05-22 07:49:59', '0', '', 1),
('OBAT-78', 'obat', 'Obat', 'Botol', 'ROHTO', 'Rohto Cool', 'Batch : LGRF049', 'ETALASE 1 ', 'OBAT-78.jpg', '17000', '2023-05-08 02:18:25', '0', '', 2),
('OBAT-79', 'obat', 'Obat', 'Botol', 'SAKATONIK', 'Sakatonik ABC ', 'Batch : 3304NI', 'ETALASE 2', 'OBAT-79.jpg', '15500', '2023-01-17 08:06:09', '0', '', 3),
('OBAT-80', 'obat', 'Obat', 'Botol', 'SAKATONIK', 'Sakatonik 100ml', 'Batch : TLSAAA16051', 'ETALASE 2', 'OBAT-80.jpg', '11000', '2023-01-17 08:06:09', '0', '', 3),
('OBAT-81', 'obat', 'Obat', 'Botol', 'SANMOL', 'Sanmol drop ', 'Batch : CJ1865', 'ETALASE 2', 'OBAT-81.jpg', '21000', '2023-05-17 07:24:27', '0', '', 2),
('OBAT-82', 'obat', 'Obat', 'Botol', 'SANMOL', 'Sanmol sirup', 'Batch : BL9798', 'ETALASE 2', 'OBAT-82.jpg', '19000', '2023-03-07 07:45:45', '0', '', 3),
('OBAT-83', 'obat', 'Obat', 'Botol', 'SILADEX', 'Siladex 30ml all ', 'Batch : DEC21A15', 'ETALASE 2', 'OBAT-83.jpg', '8500', '2023-04-10 04:53:51', '0', '', 5),
('OBAT-84', 'alkes', 'Obat', 'Botol', 'SITRONELA', 'Sitronela', 'Batch : LA0022P', 'ETALASE 2', 'OBAT-84.jpg', '10000', '2023-01-17 08:06:09', '0', '', 3),
('OBAT-85', 'alkes', 'Obat', 'Botol', 'TAWON', 'Tawon cc ', 'Batch : 2112', 'ETALASE 2', 'OBAT-85.jpg', '21000', '2023-01-17 08:06:09', '0', '', 3),
('OBAT-86', 'alkes', 'Obat', 'Botol', 'TELON LANG', 'Telon lang 30ml', 'Batch : GK04002', 'ETALASE 2', 'OBAT-86.jpg', '10000', '2023-01-17 08:06:09', '0', '', 3),
('OBAT-87', 'alkes', 'Obat', 'Botol', 'TELON LANG', 'Telon lang 60ml', 'Batch : GI00201', 'ETALASE 2', 'OBAT-87.jpg', '17000', '2023-02-06 08:11:39', '0', '', 2),
('OBAT-88', 'obat', 'Obat', 'Strip', 'ULTRAFLU', 'Ultraflu', 'Batch : 156213', 'ETALASE 1 ', 'OBAT-88.jpg', '3000', '2023-05-08 07:35:21', '0', '', 23),
('OBAT-89', 'obat', 'Obat', 'Tube', 'ULTRASILIN', 'Ultrasilin salep ', 'Batch : 075902', 'ETALASE 1 ', 'OBAT-89.jpg', '9000', '2023-01-17 08:06:09', '0', '', 3),
('OBAT-90', 'obat', 'Obat', 'Botol', 'VICK', 'Vick 44 anak 27ml', 'Batch : 20056298G1', 'ETALASE 2', 'OBAT-90.jpg', '10500', '2023-01-27 02:33:07', '0', '', 3),
('OBAT-91', 'obat', 'Obat', 'Botol', 'VICK', 'Vick 44 anak 54ml', 'Batch : 11806298G1', 'ETALASE 2', 'OBAT-91.jpg', '17500', '2023-01-17 08:06:09', '0', '', 3),
('OBAT-92', 'obat', 'Obat', 'Botol', 'Acne', 'Vick 44 Dewasa  27ml', 'Batch : 13376298b1', 'ETALASE 2', 'OBAT-92.jpg', '10500', '2023-01-27 02:33:07', '0', '', 3),
('OBAT-93', 'obat', 'Obat', 'Botol', 'VICK', 'Vick 44 Dewasa  54ml', 'Batch : 13116298B1', 'ETALASE 2', 'OBAT-93.jpg', '17500', '2023-05-17 07:24:27', '0', '', 2),
('OBAT-94', 'obat', 'Obat', 'PCS', 'Acne', 'Vick Inhaler ', 'Batch : 13016298U3', 'ETALASE 2', 'OBAT-94.jpg', '18500', '2023-02-06 08:08:24', '0', '', 4),
('OBAT-95', 'alkes', 'Obat', 'Botol', 'Acne', 'Vick vap 25 ', 'Batch : 11515298Y1', 'ETALASE 2', 'OBAT-95.jpg', '19500', '2023-05-04 02:05:40', '0', '', 0),
('OBAT-96', 'alkes', 'Obat', 'Botol', 'VICK', 'Vick vap 50', 'Batch : 11196298Y1', 'ETALASE 2', 'OBAT-96.jpg', '33000', '2023-05-04 02:05:59', '0', '', 0),
('OBAT-97', 'obat', 'Obat', 'PCS', 'VIDORAN', 'Vidoran gummy multi', 'Batch : 100011', 'ETALASE 2', 'OBAT-97.jpg', '15000', '2023-05-04 02:06:39', '0', '', 0),
('OBAT-98', 'obat', 'Obat', 'Botol', 'VITAL', 'Vital tetes telinga ', 'Batch : ML9001', 'ETALASE 1 ', 'OBAT-98.jpg', '15000', '2023-04-10 01:08:22', '0', '', 1),
('OBAT-99', 'obat', 'Obat', 'Strip', 'VITALONG C', 'Vitalong c ', 'Batch : KPM03350', 'ETALASE 2', 'OBAT-99.jpg', '6500', '2023-02-06 07:09:54', '0', '', 21);

-- --------------------------------------------------------

--
-- Table structure for table `master_kategori`
--

CREATE TABLE `master_kategori` (
  `id` varchar(100) NOT NULL,
  `waktu_update` timestamp NOT NULL DEFAULT current_timestamp() ON UPDATE current_timestamp()
) ENGINE=InnoDB DEFAULT CHARSET=latin1 COLLATE=latin1_swedish_ci;

--
-- Dumping data for table `master_kategori`
--

INSERT INTO `master_kategori` (`id`, `waktu_update`) VALUES
('Alat Kesehatan ', '2023-01-17 08:28:09'),
('Herbal', '2019-06-13 11:37:54'),
('Kecantikan', '2019-06-13 11:40:14'),
('Kontrasepsi', '2019-06-13 11:39:57'),
('Nutrisi', '2019-06-13 11:37:24'),
('Obat', '2019-06-13 11:36:58'),
('Produk Bayi', '2019-06-13 11:38:18'),
('Stetoskop', '2019-06-13 11:39:34'),
('Suplemen', '2019-06-13 11:37:11'),
('Tensimeter', '2019-06-13 11:39:11');

-- --------------------------------------------------------

--
-- Table structure for table `master_merk`
--

CREATE TABLE `master_merk` (
  `id` varchar(100) NOT NULL,
  `waktu_update` timestamp NOT NULL DEFAULT current_timestamp() ON UPDATE current_timestamp()
) ENGINE=InnoDB DEFAULT CHARSET=latin1 COLLATE=latin1_swedish_ci;

--
-- Dumping data for table `master_merk`
--

INSERT INTO `master_merk` (`id`, `waktu_update`) VALUES
('Acne', '2019-06-13 12:50:41'),
('Adem sari', '2023-01-16 03:42:12'),
('ALKES', '2023-01-17 08:25:29'),
('Ambeven', '2019-06-13 12:24:48'),
('AMOXILIN ', '2023-01-18 04:17:43'),
('ANTANGIN', '2023-01-16 03:42:59'),
('ANTIMO', '2023-01-16 03:43:07'),
('ARBA', '2023-01-16 03:43:20'),
('ASEPSO', '2023-01-16 03:43:28'),
('AZARINE', '2023-01-05 07:40:05'),
('AZURA', '2023-01-05 07:46:01'),
('BAGUS', '2023-01-18 04:16:27'),
('BALM LANG', '2023-01-16 03:43:47'),
('BECOM', '2023-01-16 03:44:06'),
('BETADINE', '2023-01-16 03:44:27'),
('Bintang Toedjo', '2019-06-13 12:44:08'),
('BIORE', '2023-01-05 07:43:49'),
('BODREX', '2023-01-16 03:44:34'),
('BRASOV', '2023-01-05 07:47:05'),
('BUNDA', '2023-01-16 03:50:43'),
('CALADIN', '2023-01-16 03:44:44'),
('CAP BADAK', '2023-01-16 03:51:46'),
('CAZETIN', '2023-01-18 04:17:01'),
('CB HUKI', '2023-01-05 07:39:27'),
('CDR', '2023-01-18 04:16:09'),
('CHARM', '2023-03-01 06:19:26'),
('CITRA', '2023-01-05 07:39:48'),
('COMBATRIN', '2023-01-16 03:44:53'),
('CONFIDENCE', '2023-01-05 07:39:19'),
('COOLING', '2023-01-16 03:45:03'),
('COUNTERPAIN', '2023-01-16 03:45:12'),
('CURCUMA ', '2023-01-16 03:45:19'),
('CUSSON TISU', '2023-01-16 03:45:41'),
('Cussons', '2019-06-13 11:48:37'),
('DAKTARIN', '2023-01-16 03:45:49'),
('DETTOL', '2023-01-05 07:43:22'),
('DIAPET', '2023-01-16 03:46:01'),
('DOVE', '2023-01-05 07:45:04'),
('DULCOLAX', '2023-01-16 03:47:28'),
('DUREX', '2023-01-18 04:16:48'),
('ELIPS', '2023-01-05 07:43:35'),
('EM KAPSUL', '2023-01-16 03:47:38'),
('EMINA', '2023-01-05 07:02:51'),
('ENTROSTOP', '2023-01-16 03:47:46'),
('ERHA', '2023-01-05 07:46:38'),
('ESKULIN', '2023-01-05 07:40:23'),
('EVER E', '2023-01-16 03:47:56'),
('FAIR & LOVELY', '2023-01-05 07:44:08'),
('FIESTA', '2023-01-18 04:16:37'),
('FITKOM', '2023-01-16 03:48:15'),
('FRESCARE', '2023-01-16 03:48:23'),
('GARNIER', '2023-01-05 07:40:50'),
('GELIGA', '2023-01-16 03:48:31'),
('GPU', '2023-01-16 03:48:45'),
('HADALABO', '2023-01-05 07:40:43'),
('HANSAPLAST', '2023-01-16 03:48:56'),
('HEMAVITON', '2023-01-16 06:52:58'),
('HERBORIST', '2023-01-05 07:39:56'),
('HEROCIN', '2023-01-16 03:49:18'),
('HERS', '2023-03-01 06:19:19'),
('HOTCREAM', '2023-01-16 03:49:30'),
('HUFAGRIP', '2023-01-16 07:02:24'),
('INSTO', '2023-01-16 03:49:46'),
('JOYBE', '2023-01-16 03:49:56'),
('KAHF', '2023-01-05 07:45:12'),
('KANNA', '2023-01-16 03:50:09'),
('KAPAK', '2023-01-16 03:50:20'),
('KOMIX', '2023-01-16 03:50:49'),
('KONICARE', '2023-01-16 03:51:02'),
('KONIDIN', '2023-01-16 03:51:10'),
('KOOL FEVER', '2023-01-16 03:51:22'),
('KOYO', '2023-01-16 03:51:35'),
('LACTACYD', '2023-01-18 04:16:19'),
('LASERIN', '2023-01-16 03:51:55'),
('LATULIPE', '2023-01-05 07:45:31'),
('LISTERIN', '2023-01-16 03:52:03'),
('LOREAL', '2023-01-05 07:45:24'),
('LT MEN', '2023-01-05 07:45:40'),
('MADU', '2023-01-16 03:52:15'),
('MARCK', '2023-01-16 03:52:24'),
('MAYBELINE', '2023-01-05 07:46:09'),
('MEDISOFT', '2023-01-05 07:38:59'),
('MICROLAX', '2023-01-16 03:52:34'),
('MILTON', '2023-01-16 03:52:55'),
('MKP LANG', '2023-01-16 03:53:18'),
('MYLANTA', '2023-01-16 03:52:48'),
('NEUROBION ', '2023-01-16 03:54:04'),
('OBAT', '2023-01-18 04:19:50'),
('OBH ', '2023-01-16 03:54:17'),
('OSKADON', '2023-01-16 03:54:27'),
('PAGODA', '2023-01-16 03:55:03'),
('PANADOL', '2023-01-16 03:55:13'),
('PARAMEX', '2023-01-16 03:55:26'),
('PIXY', '2023-01-05 07:46:46'),
('POLAR BEAR', '2023-01-16 03:44:15'),
('PONDS', '2023-01-05 07:44:16'),
('POVIDON', '2023-01-17 01:19:31'),
('PROCOLD', '2023-01-16 03:55:40'),
('PRODUK BAYI', '2023-01-18 04:35:03'),
('promagh', '2023-01-17 01:27:44'),
('REVLON', '2023-01-05 07:45:50'),
('REXONA', '2023-01-05 07:44:59'),
('RHEUMACYL', '2023-01-16 03:55:51'),
('ROHTO', '2023-01-16 03:56:04'),
('ROSE BAY', '2023-01-05 07:46:57'),
('SADA', '2023-01-05 07:45:56'),
('SAFECARE', '2023-01-16 03:56:11'),
('SAKATONIK', '2023-01-16 03:56:41'),
('SALONPAS', '2023-01-16 03:56:54'),
('SANGOBION', '2023-01-16 03:57:02'),
('SANMOL', '2023-01-16 03:57:09'),
('SCARLET', '2023-01-17 01:55:23'),
('SELECTION', '2023-01-05 07:39:08'),
('SENSI', '2023-01-05 07:39:33'),
('SENSODYNE ', '2023-01-30 06:50:01'),
('SILADEX', '2023-01-16 03:57:17'),
('SITRONELA', '2023-01-16 03:57:24'),
('SKIN AQUA', '2023-01-05 07:44:46'),
('SOMETHINC', '2023-01-05 07:46:19'),
('TAWON', '2023-01-16 03:57:40'),
('TELON LANG', '2023-01-16 03:57:52'),
('TESA TISU', '2023-01-05 07:38:43'),
('TOLAK ANGIN', '2023-01-18 04:15:57'),
('ULTRAFLU', '2023-01-16 03:58:02'),
('ULTRASILIN', '2023-01-16 03:58:10'),
('VASELINE', '2023-01-05 07:39:41'),
('VICK', '2023-01-16 03:58:17'),
('VICTORIA', '2023-01-05 07:44:32'),
('VIDORAN', '2023-01-16 03:58:27'),
('VITAL', '2023-01-16 03:58:36'),
('VITALONG C', '2023-01-16 03:58:49'),
('VITAMIN IPI', '2023-01-16 03:59:04'),
('VIVA', '2023-01-05 07:43:42'),
('VIVELLE', '2023-01-05 07:40:33'),
('WARDAH', '2023-01-05 07:44:52'),
('WELMOVE', '2023-01-16 03:59:36'),
('WOODS', '2023-01-16 03:59:43'),
('XONCE', '2023-01-16 03:59:50'),
('YOU', '2023-01-05 07:46:28');

-- --------------------------------------------------------

--
-- Table structure for table `master_pembeli`
--

CREATE TABLE `master_pembeli` (
  `id` int(11) NOT NULL,
  `nama_pembeli` varchar(200) NOT NULL,
  `jenis_kelamin` enum('laki-laki','perempuan') NOT NULL DEFAULT 'laki-laki',
  `alamat` varchar(200) NOT NULL,
  `telepon` varchar(30) NOT NULL,
  `handphone` varchar(30) NOT NULL,
  `email` varchar(100) NOT NULL,
  `kode_dokter` varchar(15) DEFAULT NULL,
  `waktu_update` timestamp NOT NULL DEFAULT current_timestamp() ON UPDATE current_timestamp()
) ENGINE=InnoDB DEFAULT CHARSET=latin1 COLLATE=latin1_swedish_ci;

--
-- Dumping data for table `master_pembeli`
--

INSERT INTO `master_pembeli` (`id`, `nama_pembeli`, `jenis_kelamin`, `alamat`, `telepon`, `handphone`, `email`, `kode_dokter`, `waktu_update`) VALUES
(17, 'Iswatun', 'perempuan', 'Tegal', '', '085943131026', '', '01', '2023-02-07 04:06:59'),
(18, 'Neni', 'perempuan', 'Adiwerna', '', '085801270349', '', '01', '2023-02-07 04:08:11'),
(19, 'serviatri', 'perempuan', 'pangkah', '', '0986544', '', '01', '2023-02-07 06:18:39'),
(20, 'Inggit', 'perempuan', '-', '', '0', '', '01', '2023-02-13 06:24:05'),
(21, 'eksa', 'perempuan', '-', '', '088225131121', '', '01', '2023-02-13 07:42:54'),
(22, 'ika', 'perempuan', '-', '', '-', '', '01', '2023-02-14 06:29:48'),
(23, 'Dina', 'perempuan', '-', '', '-', '', '01', '2023-02-14 06:30:37'),
(24, 'riski', 'laki-laki', '-', '', '-', '', '01', '2023-02-15 06:08:16'),
(25, 'Siqit', 'laki-laki', '-', '', '-', '', '01', '2023-02-15 06:32:37'),
(26, 'Nita', 'perempuan', '-', '', '-', '', '01', '2023-02-15 06:34:16'),
(27, 'DIMAS', 'laki-laki', '-', '', '-', '', '01', '2023-02-16 02:10:21'),
(28, 'DION', 'perempuan', '-', '', '-', '', '01', '2023-02-16 08:38:59'),
(29, 'munir', 'laki-laki', '-', '', '-', '', '01', '2023-02-17 00:51:30'),
(30, 'moro', 'laki-laki', '-', '', '-', '', '01', '2023-02-17 02:03:08'),
(31, 'dani', 'perempuan', '-', '', '-', '', '01', '2023-02-17 03:36:47'),
(32, 'iman', 'perempuan', '-', '', '-', '', '01', '2023-02-17 03:40:49'),
(33, 'setyo', 'laki-laki', '-', '', '-', '', '01', '2023-02-17 06:24:06'),
(34, 'INTAN', 'perempuan', '-', '', '-', '', '01', '2023-02-20 06:19:03'),
(35, 'RENO', 'laki-laki', '-', '', '-', '', NULL, '2023-02-20 06:19:24'),
(36, 'wido', 'perempuan', '-', '', '-', '', '01', '2023-02-20 08:37:18'),
(37, 'diah', 'perempuan', '-', '', '-', '', '01', '2023-02-21 02:51:17'),
(38, 'linda', 'perempuan', '-', '', '-', '', NULL, '2023-02-21 02:57:43'),
(39, 'endang', 'perempuan', '-', '', '-', '', '01', '2023-02-21 04:02:31'),
(40, 'eksa', 'perempuan', '-', '', '-', '', '01', '2023-02-21 04:57:14'),
(41, 'desi', 'perempuan', '-', '', '-', '', '01', '2023-02-21 06:02:27'),
(42, 'rina', 'perempuan', '-', '', '-', '', '01', '2023-02-21 07:04:32'),
(43, 'Muthia', 'perempuan', '-', '', '-', '', '01', '2023-02-22 08:06:54'),
(44, 'arifina', 'perempuan', '-', '', '-', '', '01', '2023-02-23 01:46:52'),
(45, 'ali', 'laki-laki', '-', '', '-', '', '01', '2023-02-23 03:55:44'),
(46, 'Haikal', 'laki-laki', '-', '', '-', '', NULL, '2023-02-23 06:22:14'),
(47, 'nisa', 'perempuan', '-', '', '-', '', '01', '2023-02-23 07:08:47'),
(48, 'arfin', 'laki-laki', '-', '', '-', '', '01', '2023-02-23 07:56:05'),
(49, 'lina', 'perempuan', '-', '', '-', '', '01', '2023-02-24 03:30:28'),
(50, 'INDAH', 'perempuan', '-', '', '-', '', '01', '2023-02-27 03:30:03'),
(51, 'Renita', 'perempuan', '-', '', '-', '', NULL, '2023-02-27 06:06:32'),
(52, 'ahmad', 'laki-laki', '-', '', '-', '', '01', '2023-02-27 06:07:28'),
(53, 'LANA', 'laki-laki', '-', '', '-', '', '01', '2023-02-27 07:38:12'),
(54, 'uli', 'perempuan', '-', '', '-', '', '01', '2023-02-28 02:02:45'),
(55, 'toto', 'laki-laki', '-', '', '-', '', '01', '2023-02-28 03:11:51'),
(56, 'TRI', 'perempuan', '-', '', '-', '', '01', '2023-03-01 03:41:54'),
(57, 'HENDY', 'laki-laki', '-', '', '-', '', '01', '2023-03-01 04:25:41'),
(58, 'nurul', 'perempuan', '-', '', '-', '', NULL, '2023-03-01 08:24:44'),
(59, 'wido', 'perempuan', '-', '', '-', '', '01', '2023-03-03 04:26:41'),
(60, 'esti', 'perempuan', '-', '', '-', '', '01', '2023-03-06 02:00:06'),
(61, 'AZWAR', 'laki-laki', '-', '', '-', '', '01', '2023-03-06 06:18:34'),
(62, 'RISKA', 'perempuan', '-', '', '-', '', '01', '2023-03-06 07:27:15'),
(63, 'wahadi', 'laki-laki', '-', '', '-', '', '01', '2023-03-09 06:09:48'),
(64, 'maulana', 'laki-laki', '-', '', '-', '', '01', '2023-03-10 03:03:07'),
(65, 'AMAL', 'perempuan', '-', '', '-', '', '01', '2023-03-13 03:24:43'),
(66, 'bu ntin', 'perempuan', '-', '', '-', '', '01', '2023-03-13 06:32:20'),
(67, 'yuni', 'perempuan', '-', '', '-', '', '01', '2023-03-13 06:37:43'),
(68, 'AFIF', 'laki-laki', '-', '', '-', '', '01', '2023-03-13 07:26:28'),
(69, 'ossie', 'perempuan', '-', '', '-', '', '01', '2023-03-14 01:17:45'),
(70, 'LATIFAH', 'perempuan', '-', '', '-', '', '01', '2023-03-15 04:05:01'),
(71, 'nurmala', 'perempuan', '-', '', '-', '', '01', '2023-03-15 06:59:06'),
(72, 'ari', 'laki-laki', '-', '', '-', '', '01', '2023-03-17 01:36:41'),
(73, 'INTAN', 'perempuan', '-', '', '-', '', '01', '2023-03-17 02:59:41'),
(74, 'siska', 'perempuan', '-', '', '-', '', '01', '2023-03-20 02:18:09'),
(75, 'lintang', 'perempuan', '-', '', '-', '', '01', '2023-03-27 03:53:18'),
(76, 'mei irawati', 'perempuan', '-', '', '-', '', '01', '2023-03-28 01:34:03'),
(77, 'AGUNG', 'laki-laki', '-', '', '-', '', '01', '2023-03-29 05:40:13'),
(78, 'bu bekti', 'perempuan', '-', '', '-', '', '01', '2023-04-05 05:37:55'),
(79, 'rani', 'perempuan', '-', '', '-', '', '01', '2023-04-05 05:38:46'),
(80, 'ani', 'perempuan', '-', '', '-', '', '01', '2023-04-05 05:39:48'),
(81, 'osie', 'perempuan', '-', '', '-', '', '01', '2023-04-13 01:22:22'),
(82, 'wahadi', 'laki-laki', '-', '', '-', '', '01', '2023-04-27 04:33:38'),
(83, 'IMAM', 'laki-laki', '-', '', '-', '', '01', '2023-05-04 03:10:27'),
(84, 'sri hartati', 'perempuan', '-', '', '-', '', '01', '2023-05-05 04:33:16'),
(85, 'andika', 'laki-laki', '-', '', '-', '', '01', '2023-05-08 06:12:16'),
(86, 'labib ', 'laki-laki', '-', '', '-', '', '01', '2023-05-11 07:26:31'),
(87, 'untung', 'laki-laki', '-', '', '-', '', '01', '2023-05-17 07:24:50');

-- --------------------------------------------------------

--
-- Table structure for table `master_racikan`
--

CREATE TABLE `master_racikan` (
  `id` int(11) NOT NULL,
  `kode_racikan` varchar(100) NOT NULL,
  `kode_obat` varchar(100) NOT NULL,
  `jumlah_obat_dibuat` float NOT NULL,
  `jumlah_obat_dipakai` float NOT NULL,
  `waktu_update` timestamp NOT NULL DEFAULT current_timestamp() ON UPDATE current_timestamp()
) ENGINE=InnoDB DEFAULT CHARSET=latin1 COLLATE=latin1_swedish_ci;

--
-- Dumping data for table `master_racikan`
--

INSERT INTO `master_racikan` (`id`, `kode_racikan`, `kode_obat`, `jumlah_obat_dibuat`, `jumlah_obat_dipakai`, `waktu_update`) VALUES
(3, '8999909028212', '8999909028213', 1, 1, '2019-06-13 14:27:41'),
(4, '8999909028212', '8999909028214', 1, 1, '2019-06-13 14:27:41');

-- --------------------------------------------------------

--
-- Table structure for table `master_satuan`
--

CREATE TABLE `master_satuan` (
  `id` varchar(100) NOT NULL,
  `waktu_update` timestamp NOT NULL DEFAULT current_timestamp() ON UPDATE current_timestamp()
) ENGINE=InnoDB DEFAULT CHARSET=latin1 COLLATE=latin1_swedish_ci;

--
-- Dumping data for table `master_satuan`
--

INSERT INTO `master_satuan` (`id`, `waktu_update`) VALUES
('Botol', '2019-03-23 14:18:45'),
('Box', '2019-06-13 12:23:46'),
('Dus', '2019-03-23 14:18:57'),
('Gram', '2019-02-16 05:53:11'),
('Kapsul', '2019-02-16 05:53:07'),
('PACK', '2023-01-17 08:27:28'),
('Papan', '2019-02-16 05:52:49'),
('PCS', '2023-01-05 07:47:22'),
('Strip', '2023-01-31 06:37:41'),
('Tablet', '2019-02-15 15:50:09'),
('Tube', '2019-06-13 12:50:54');

-- --------------------------------------------------------

--
-- Table structure for table `master_supplier`
--

CREATE TABLE `master_supplier` (
  `id` int(11) NOT NULL,
  `nama_supplier` varchar(200) NOT NULL,
  `kontak_person` varchar(100) NOT NULL,
  `telepon` varchar(30) NOT NULL,
  `alamat` varchar(200) NOT NULL,
  `waktu_update` timestamp NOT NULL DEFAULT current_timestamp() ON UPDATE current_timestamp()
) ENGINE=InnoDB DEFAULT CHARSET=latin1 COLLATE=latin1_swedish_ci;

--
-- Dumping data for table `master_supplier`
--

INSERT INTO `master_supplier` (`id`, `nama_supplier`, `kontak_person`, `telepon`, `alamat`, `waktu_update`) VALUES
(5, 'PT. LESTARI JAYA SEJAHTERA', '082314756215', '0246432680', 'JL. Gatot Subroto Blok K-18 Semarang', '2022-12-28 07:52:24'),
(6, 'TOKO OBAT ARUM TEGAL', '082345678', '467', 'slawi kab tegal', '2022-12-28 08:18:39'),
(7, 'PT GLOBAL PRAMITA FARMA', '085228173732', '', 'JL Gatot subroto industri candi VII/19 Semarang', '2023-01-10 04:32:50'),
(8, 'PT INTI TERA', '082242583151', '', 'Kawasan industri Gatot subroto blok 3 No 26 Semarang', '2023-01-10 04:34:24'),
(9, 'MUTIARA CAHAYA SLAWI ', '0283491309', '', 'JL Letdjen soeprapto No 71 Slawi Kab Tegal', '2023-01-10 04:37:01'),
(10, 'CV AGUNG PRATAMA ', '087833193370', '', 'JL Batang hari No 13 RT 02 RW 05 Mitaragen Kec Tegal Timur Kota tegal', '2023-01-17 08:11:34'),
(11, 'PT TRI PUTRA MULIA FARMASINDO', '082287887087', '', 'JL Pala raya No 90 Cirebon ', '2023-01-25 02:45:02'),
(12, 'PT PRABA BARAKA JAYA ', '083194540382', '', 'Jl Pangeran Derajat No 120 Cirebon ', '2023-01-25 02:48:07'),
(13, 'PT BAYU MEDIKA KATULISTIWA ', '085741146954', '', 'JL Komp Bumi Orange A6 No 9 ', '2023-01-25 02:49:34'),
(14, 'PT SUMBER AGUNG SENTOSA ', '085742049777', '', 'JL Veteran No 2 Palur Mojolaban Sukoharjo', '2023-01-25 02:52:03'),
(15, 'TOKO MASKER', '081774889197', '', 'slawi', '2023-01-31 02:03:15'),
(16, 'ALKES ', '082314756215', '', 'ONLINE SHOP', '2023-02-08 07:26:05'),
(17, 'TOKO LUTFI', '-', '', 'JL Cut Nyak Dhien ', '2023-03-01 06:32:00'),
(18, 'Apotek Kembang ', '082221311571', '', 'JL Raya Selatan No 27 Banjaran Adiwerna Tegal ', '2023-03-27 03:07:19'),
(19, 'PT ENSEVAL PUTERA', '0283342929', '', 'JL DR Sutomo No 66 Slawi Kulon ', '2023-04-12 01:41:05');

-- --------------------------------------------------------

--
-- Table structure for table `modul`
--

CREATE TABLE `modul` (
  `id` int(11) NOT NULL,
  `label` varchar(100) NOT NULL,
  `controller` varchar(100) NOT NULL,
  `nama_function` varchar(100) NOT NULL,
  `aksi_edit` enum('0','1') NOT NULL DEFAULT '1',
  `aksi_hapus` enum('0','1') NOT NULL DEFAULT '1',
  `aksi_tambah` enum('0','1') NOT NULL DEFAULT '1'
) ENGINE=InnoDB DEFAULT CHARSET=latin1 COLLATE=latin1_swedish_ci;

--
-- Dumping data for table `modul`
--

INSERT INTO `modul` (`id`, `label`, `controller`, `nama_function`, `aksi_edit`, `aksi_hapus`, `aksi_tambah`) VALUES
(1, 'Dashboard', 'dashboard', 'index', '0', '0', '0'),
(2, 'Master Data Beranda', 'master', 'index', '0', '0', '0'),
(3, 'Master Data Dokter', 'master', 'dokter', '1', '1', '1'),
(4, 'Master Data pembeli', 'master', 'pembeli', '1', '1', '1'),
(5, 'Master Data Supplier', 'master', 'supplier', '1', '1', '1'),
(6, 'Master Data Kategori Item', 'master', 'itemkategori', '1', '1', '1'),
(7, 'Master Data Satuan Item', 'master', 'satuan', '1', '1', '1'),
(8, 'Master Data Merk', 'master', 'merk', '1', '1', '1'),
(9, 'Master Data Obat dan Alkes', 'master', 'items', '1', '1', '1'),
(10, 'Master Racikan', 'master', 'racikan', '1', '1', '1'),
(11, 'Pembelian Beranda', 'pembelian', 'index', '0', '0', '0'),
(12, 'Purchase Order', 'pembelian', 'po', '1', '1', '1'),
(13, 'Pembelian ke Supplier', 'pembelian', 'langsung', '1', '1', '1'),
(14, 'Penerimaan Barang', 'pembelian', 'penerimaan', '0', '1', '1'),
(15, 'Retur Pembelian', 'pembelian', 'retur', '1', '1', '1'),
(16, 'Stok Beranda', 'stok', 'index', '0', '0', '0'),
(17, 'Stok Keluar Retur Pembelian', 'stok', 'keluar', '0', '1', '1'),
(18, 'Stok Adjustment', 'stok', 'adjustment', '0', '1', '1'),
(19, 'Stok Opname', 'stok', 'opname', '0', '1', '1'),
(20, 'Cetak Barcode', 'stok', 'barcode', '0', '0', '0'),
(21, 'Kartu Stok', 'stok', 'kartustok', '0', '0', '0'),
(22, 'Penjualan Beranda', 'penjualan', 'index', '0', '0', '0'),
(23, 'Diskon Produk', 'penjualan', 'diskon', '0', '1', '1'),
(24, 'Jenis Pembayaran', 'penjualan', 'jenispembayaran', '1', '1', '1'),
(25, 'Kasir / Point Of Sales', 'penjualan', 'kasir', '0', '0', '0'),
(26, 'Keuangan Beranda', 'keuangan', 'index', '0', '0', '0'),
(27, 'Kode Rekening', 'keuangan', 'koderekening', '1', '1', '1'),
(28, 'Hutang', 'keuangan', 'hutang', '0', '1', '1'),
(29, 'Cash in Cash Out', 'keuangan', 'cashinout', '1', '1', '1'),
(30, 'Laporan Beranda', 'laporan', 'index', '0', '0', '0'),
(31, 'Laporan Purchase Order', 'laporan', 'po', '0', '0', '0'),
(32, 'Laporan Pembelian', 'laporan', 'pembelian', '0', '0', '0'),
(33, 'Laporan Penerimaan Barang', 'laporan', 'penerimaan', '0', '0', '0'),
(34, 'Laporan Stok', 'laporan', 'stok', '0', '0', '0'),
(35, 'Laporan Penjualan', 'laporan', 'penjualan', '0', '0', '0'),
(36, 'Laporan Keuangan', 'laporan', 'keuangan', '0', '0', '0'),
(37, 'User Beranda', 'user', 'index', '0', '0', '0'),
(38, 'Kategori User', 'user', 'kategori', '1', '1', '1'),
(39, 'Data User', 'user', 'user', '1', '1', '1'),
(40, 'Tools Beranda', 'tools', 'index', '0', '0', '0'),
(41, 'Profil Apotek', 'tools', 'profil', '1', '0', '0'),
(42, 'Import Produk', 'tools', 'import_item', '0', '0', '1'),
(43, 'Edit Password', 'password', 'index', '1', '0', '0');

-- --------------------------------------------------------

--
-- Table structure for table `pembelian_langsung`
--

CREATE TABLE `pembelian_langsung` (
  `nomor_faktur` varchar(100) NOT NULL,
  `kategori` enum('Pembelian Langsung','Purchase Order') NOT NULL DEFAULT 'Pembelian Langsung',
  `nomor_po` varchar(100) DEFAULT NULL,
  `tgl_pembelian` date NOT NULL,
  `termin` int(5) NOT NULL,
  `pembayaran` enum('cash','hutang','lain-lain') NOT NULL DEFAULT 'cash',
  `supplier` int(11) NOT NULL,
  `total` decimal(20,0) NOT NULL,
  `keterangan` varchar(500) NOT NULL,
  `waktu_update_pembelian` timestamp NOT NULL DEFAULT current_timestamp() ON UPDATE current_timestamp()
) ENGINE=InnoDB DEFAULT CHARSET=latin1 COLLATE=latin1_swedish_ci;

--
-- Dumping data for table `pembelian_langsung`
--

INSERT INTO `pembelian_langsung` (`nomor_faktur`, `kategori`, `nomor_po`, `tgl_pembelian`, `termin`, `pembayaran`, `supplier`, `total`, `keterangan`, `waktu_update_pembelian`) VALUES
('F0103230032', 'Purchase Order', 'PO0103230032', '2023-03-01', 0, 'cash', 17, '47800', 'beli pembalut', '2023-03-01 06:48:20'),
('F0202230017', 'Purchase Order', 'PO3101230017', '2023-01-01', 0, 'cash', 15, '148575', 'pembelian masker ', '2023-02-02 01:16:44'),
('F0202230018', 'Purchase Order', 'PO0202230018', '2023-01-13', 0, 'cash', 5, '1330766', 'PEMBELIAN OBAT', '2023-02-02 03:33:36'),
('F0202230019', 'Purchase Order', 'PO0202230019', '2023-01-20', 0, 'cash', 11, '97524', 'pembe;lian obat', '2023-02-02 04:33:29'),
('F0202230020', 'Purchase Order', 'PO0202230020', '2023-01-20', 0, 'cash', 5, '358939', 'PEMBELIAN OBAT ', '2023-02-02 07:13:24'),
('F0202230021', 'Purchase Order', 'PO0202230021', '2023-01-18', 0, 'cash', 11, '220162', 'pembelian obat', '2023-02-02 07:41:51'),
('F0404230037', 'Purchase Order', 'PO0404230037', '2023-04-04', 0, 'cash', 14, '231879', 'PEMBELIAN OBAT', '2023-04-04 02:31:50'),
('F0404230038', 'Purchase Order', 'PO0404230038', '2023-04-04', 0, 'cash', 5, '162196', 'PEMBELIAN OBAT', '2023-04-04 02:32:02'),
('F0404230039', 'Purchase Order', 'PO0404230039', '2023-04-04', 0, 'cash', 11, '153949', 'PEMBELIAN OBAT', '2023-04-04 03:46:18'),
('F0603230033', 'Purchase Order', 'PO0603230033', '2023-03-01', 0, 'cash', 12, '218000', 'PEMBELIAN OBAT', '2023-03-06 02:16:33'),
('F0603230034', 'Purchase Order', 'PO0603230034', '2023-03-01', 0, 'cash', 5, '53146', 'PEMBELIAN OBAT', '2023-03-06 02:54:32'),
('F0902230022', 'Purchase Order', 'PO0802230022', '2023-02-06', 0, 'cash', 5, '105390', 'PEMBELIAN OBAT', '2023-02-09 06:29:59'),
('F0902230023', 'Purchase Order', 'PO0802230023', '2023-02-06', 0, 'cash', 16, '558500', 'PEMBELIAN ALKES ', '2023-02-09 06:31:02'),
('F1004230040', 'Purchase Order', 'PO1004230040', '2023-04-07', 0, 'cash', 12, '162835', 'pembelian obat', '2023-04-10 01:49:16'),
('F1104230041', 'Purchase Order', 'PO1104230041', '2023-04-10', 0, 'cash', 5, '44600', 'OBAT', '2023-04-11 06:50:13'),
('F1201230002', 'Purchase Order', 'PO1201230002', '2022-12-31', 0, 'cash', 9, '83607', 'Pembelian kosmetik', '2023-01-12 07:22:24'),
('F1201230004', 'Purchase Order', 'PO1101230001', '2022-12-31', 0, 'cash', 9, '9900615', 'Pembelian kosmetik', '2023-01-12 07:07:28'),
('F1204230042', 'Purchase Order', 'PO1204230042', '2023-04-12', 0, 'cash', 19, '133215', 'pembelian obat', '2023-04-12 01:48:01'),
('F1302230024', 'Purchase Order', 'PO1302230024', '2023-02-03', 0, 'cash', 16, '167000', 'pembelian alkes ', '2023-02-13 02:39:02'),
('F1302230025', 'Purchase Order', 'PO1302230025', '2023-02-13', 0, 'cash', 14, '38148', 'PEMBELIAN', '2023-02-13 07:41:48'),
('F1402230026', 'Purchase Order', 'PO1402230026', '2023-02-13', 0, 'cash', 14, '97374', 'PEMBELIAN OBAT', '2023-02-14 01:57:55'),
('F1602230027', 'Purchase Order', 'PO1602230027', '2023-02-06', 0, 'cash', 6, '61500', 'PEMBELIAN', '2023-02-16 02:09:44'),
('F1603230035', 'Purchase Order', 'PO1603230035', '2023-03-16', 0, 'cash', 11, '26450', 'PEMBELIAN STOK OBAT', '2023-03-16 02:08:10'),
('F1605230043', 'Purchase Order', 'PO1605230043', '2023-05-15', 0, 'cash', 11, '31600', 'BELI  OBAT', '2023-05-16 08:05:46'),
('F1701230003', 'Purchase Order', 'PO1701230003', '2022-12-31', 0, 'cash', 6, '4456802', 'Pembelian Obat', '2023-02-07 01:22:27'),
('F1801230004', 'Purchase Order', 'PO1801230004', '2022-12-31', 0, 'cash', 10, '2622900', 'Pembelian alat kesehatan ', '2023-01-18 03:41:52'),
('F1801230005', 'Purchase Order', 'PO1801230005', '2022-12-31', 0, 'cash', 8, '1495351', 'Pembelian obat ', '2023-01-18 08:32:41'),
('F1901230006', 'Purchase Order', 'PO1901230006', '2022-12-31', 0, 'cash', 5, '1727885', 'Pembelian obat', '2023-01-19 04:49:43'),
('F1901230007', 'Purchase Order', 'PO1901230007', '2022-12-31', 0, 'cash', 5, '862680', 'Pembelian obat', '2023-01-19 07:09:59'),
('F2202230028', 'Purchase Order', 'PO2202230028', '2023-02-21', 0, 'cash', 11, '102194', 'PEMBELIAN BARANG DAGANG', '2023-02-22 06:50:38'),
('F2302230029', 'Purchase Order', 'PO2302230029', '2023-02-06', 0, 'cash', 5, '40550', 'pembelian', '2023-02-23 06:30:29'),
('F2401230008', 'Purchase Order', 'PO2401230008', '2022-12-31', 0, 'cash', 5, '345534', 'Pembelian obat', '2023-01-24 07:07:25'),
('F2402230030', 'Purchase Order', 'PO2402230030', '2023-02-23', 0, 'cash', 5, '271583', 'PEMBELIAN OBAT', '2023-02-24 02:33:39'),
('F2501230009', 'Purchase Order', 'PO2501230009', '2023-01-01', 0, 'cash', 8, '1468982', 'Pembelian obat ', '2023-01-25 02:37:55'),
('F2501230010', 'Purchase Order', 'PO2501230010', '2023-01-01', 0, 'cash', 7, '363712', 'Pembelian Obat ', '2023-01-25 03:51:12'),
('F2501230011', 'Purchase Order', 'PO2501230011', '2023-01-01', 0, 'cash', 11, '817088', 'Pembelian obat', '2023-01-25 07:48:28'),
('F2505230044', 'Purchase Order', 'PO2505230044', '2023-05-25', 0, 'cash', 5, '103024', 'PEMBELIAN OBAT', '2023-05-25 08:12:54'),
('F2601230012', 'Purchase Order', 'PO2601230012', '2023-01-01', 0, 'cash', 5, '1030961', 'Pembelian obat', '2023-01-26 03:50:36'),
('F2701230013', 'Purchase Order', 'PO2701230013', '2023-01-08', 0, 'cash', 12, '870614', 'Pembelian Obat ', '2023-01-27 02:18:44'),
('F2702230031', 'Purchase Order', 'PO2702230031', '2023-02-24', 0, 'cash', 11, '150000', 'PEMBELIAN OBAT', '2023-02-27 04:27:42'),
('F2703230036', 'Purchase Order', 'PO2703230036', '2023-03-20', 0, 'cash', 18, '133500', 'pembelian obat', '2023-03-27 03:10:46'),
('F3001230014', 'Purchase Order', 'PO3001230014', '2023-01-09', 0, 'cash', 13, '453980', 'Pembelian Obat ', '2023-01-30 04:42:36'),
('F3001230015', 'Purchase Order', 'PO3001230015', '2023-01-13', 0, 'cash', 14, '702640', 'Pembelian obat ', '2023-01-30 07:21:57'),
('F3001230016', 'Purchase Order', 'PO3001230016', '2023-01-13', 0, 'cash', 7, '226241', 'Pembelian Obat ', '2023-01-30 08:15:05');

-- --------------------------------------------------------

--
-- Table structure for table `pembelian_langsung_detail`
--

CREATE TABLE `pembelian_langsung_detail` (
  `idd` int(11) NOT NULL,
  `nomor_faktur` varchar(100) NOT NULL,
  `kode_item` varchar(100) NOT NULL,
  `sku` varchar(200) NOT NULL,
  `nama_item` varchar(200) NOT NULL,
  `tgl_expired` date NOT NULL,
  `harga` decimal(10,0) NOT NULL,
  `satuan_besar` varchar(100) NOT NULL,
  `satuan_kecil` varchar(100) NOT NULL,
  `konversi` int(5) NOT NULL,
  `kuantiti` int(5) NOT NULL,
  `total_harga` decimal(10,0) NOT NULL,
  `diskon` float NOT NULL
) ENGINE=InnoDB DEFAULT CHARSET=latin1 COLLATE=latin1_swedish_ci;

--
-- Dumping data for table `pembelian_langsung_detail`
--

INSERT INTO `pembelian_langsung_detail` (`idd`, `nomor_faktur`, `kode_item`, `sku`, `nama_item`, `tgl_expired`, `harga`, `satuan_besar`, `satuan_kecil`, `konversi`, `kuantiti`, `total_harga`, `diskon`) VALUES
(29, 'F2812220001', '8999909028230', '8999909028230', 'BIOVISION STRIP 10 KAPSUL', '2022-12-31', '10000', 'DUS', 'Tablet', 0, 10, '0', 0),
(30, 'F2812220002', 'N-01', 'N-01', 'Adem Sari', '2022-12-31', '1500', 'DUS', 'sacshet', 0, 12, '0', 0),
(31, 'F1101230002', 'KOS-01', 'KOS-01', 'Emina Daily mate cream 02', '2022-12-31', '9000', 'DUS', 'Tube', 0, 1, '0', 0),
(47, 'F1101230003', 'KOS', 'KOS', 'Emina Daily mate cream 01', '2025-08-15', '26500', 'PCS', 'Tube', 0, 1, '0', 0),
(48, 'F1101230003', 'KOS-01', 'KOS-01', 'Emina Daily mate cream 02', '2025-08-16', '26500', 'PCS', 'Tube', 0, 1, '0', 0),
(49, 'F1101230003', 'KOS-13', 'KOS-13', 'Emina brigt stuff louse powder ', '2025-07-29', '21200', 'PCS', 'PCS', 0, 1, '0', 0),
(50, 'F1101230003', 'KOS-14', 'KOS-14', 'Medisoft kapas ', '2027-08-10', '9000', 'PCS', 'PCS', 0, 1, '0', 0),
(51, 'F1101230003', 'KOS-16', 'KOS-16', 'Tesa Tissu', '2027-09-22', '2050', 'PCS', 'PCS', 0, 0, '0', 0),
(52, 'F1101230003', 'KOS-17', 'KOS-17', 'Confident adult pants L4', '2026-08-15', '37017', 'PCS', 'PCS', 0, 0, '0', 0),
(53, 'F1101230003', 'KOS-18', 'KOS-18', 'Confident adult pants XL 3', '2026-05-08', '46500', 'PCS', 'PCS', 0, 0, '0', 0),
(54, 'F1101230003', 'KOS-19', 'KOS-19', 'Cb huki cotton bad', '2027-08-05', '3900', 'PCS', 'PCS', 0, 0, '0', 0),
(55, 'F1101230003', 'KOS-02', 'KOS-02', 'Vaseline hw perfect', '2024-05-30', '24250', 'PCS', 'PCS', 0, 2, '0', 0),
(56, 'F1101230003', 'KOS-03', 'KOS-03', 'Citra HBL Golden glow', '2024-08-20', '13650', 'PCS', 'Botol', 0, 2, '0', 0),
(57, 'F1101230003', 'KOS-04', 'KOS-04', 'Citra HBL pearly white', '2024-08-22', '13400', 'PCS', 'Botol', 0, 2, '0', 0),
(58, 'F1101230003', 'KOS-05', 'KOS-05', 'Citra HBL Bengkuang ', '2024-07-11', '13400', 'PCS', 'Botol', 0, 2, '0', 0),
(59, 'F1101230003', 'KOS-06', 'KOS-06', 'Herborist body butter zaitun', '2025-03-01', '22250', 'PCS', 'Tube', 0, 0, '0', 0),
(60, 'F1101230003', 'KOS-07', 'KOS-07', 'Herborist body butter choco', '2025-07-01', '22100', 'PCS', 'Tube', 0, 0, '0', 0),
(61, 'F1101230003', 'KOS-08', 'KOS-08', 'Herborist body butter straw', '2025-08-01', '22500', 'PCS', 'Tube', 0, 0, '0', 0),
(62, 'F1201230004', 'KOS', 'KOS', 'Emina Daily mate cream 01', '2025-08-15', '26500', 'Tube', 'Tube', 1, 1, '26500', 0),
(63, 'F1201230004', 'KOS-01', 'KOS-01', 'Emina Daily mate cream 02', '2025-08-16', '26500', 'Tube', 'Tube', 1, 3, '79500', 0),
(64, 'F1201230004', 'KOS-13', 'KOS-13', 'Emina brigt stuff louse powder ', '2025-07-29', '21200', 'PCS', 'PCS', 1, 4, '84800', 0),
(65, 'F1201230004', 'KOS-14', 'KOS-14', 'Medisoft kapas ', '2027-08-10', '9000', 'PCS', 'PCS', 1, 1, '9000', 0),
(66, 'F1201230004', 'KOS-16', 'KOS-16', 'Tesa Tissu', '2027-09-22', '2050', 'PCS', 'PCS', 1, 3, '6150', 0),
(67, 'F1201230004', 'KOS-19', 'KOS-19', 'Cb huki cotton bad', '2027-08-05', '3900', 'PCS', 'PCS', 1, 1, '3900', 0),
(68, 'F1201230004', 'KOS-02', 'KOS-02', 'Vaseline hw perfect', '2024-05-30', '24250', 'PCS', 'PCS', 1, 1, '24250', 0),
(69, 'F1201230004', 'KOS-03', 'KOS-03', 'Citra HBL Golden glow', '2024-08-20', '13650', 'Botol', 'Botol', 1, 1, '13650', 0),
(70, 'F1201230004', 'KOS-04', 'KOS-04', 'Citra HBL pearly white', '2025-08-24', '13400', 'Botol', 'Botol', 1, 1, '13400', 0),
(71, 'F1201230004', 'KOS-05', 'KOS-05', 'Citra HBL Bengkuang ', '2025-07-11', '13400', 'Botol', 'Botol', 1, 1, '13400', 0),
(72, 'F1201230004', 'KOS-06', 'KOS-06', 'Herborist body butter zaitun', '2025-03-01', '22250', 'Tube', 'Tube', 1, 1, '22250', 0),
(73, 'F1201230004', 'KOS-07', 'KOS-07', 'Herborist body butter choco', '2025-07-01', '22100', 'Tube', 'Tube', 1, 1, '22100', 0),
(74, 'F1201230004', 'KOS-08', 'KOS-08', 'Herborist body butter straw', '2025-08-01', '22500', 'Tube', 'Tube', 1, 1, '22500', 0),
(75, 'F1201230004', 'KOS-11', 'KOS-11', 'Azarine acne gentle cleansing foam', '2025-02-09', '26700', 'Tube', 'Tube', 1, 1, '26700', 0),
(76, 'F1201230004', 'KOS-21', 'KOS-21', 'Azarine Sunscren serum gagical', '2025-02-09', '76500', 'Tube', 'Tube', 1, 1, '76500', 0),
(77, 'F1201230004', 'KOS-12', 'KOS-12', 'Azarine fresh radiant bright scrub', '2025-02-06', '20250', 'Tube', 'Tube', 1, 1, '20250', 0),
(78, 'F1201230004', 'KOS-09', 'KOS-09', 'Herborist minyak zaitun 150 ', '2025-07-01', '30750', 'Botol', 'Botol', 1, 2, '61500', 0),
(79, 'F1201230004', 'KOS-10', 'KOS-10', 'Herborist minyak zaitun 50 ', '2025-09-01', '20300', 'Botol', 'Botol', 1, 3, '60900', 0),
(80, 'F1201230004', 'KOS-22', 'KOS-22', 'Herborist FF Trea Free ', '2025-07-01', '22050', 'PCS', 'PCS', 1, 1, '22050', 0),
(81, 'F1201230004', 'KOS-23', 'KOS-23', 'Herborist scrup apple', '2025-08-01', '20300', 'Tube', 'Tube', 1, 1, '20300', 0),
(82, 'F1201230004', 'KOS-24', 'KOS-24', 'Herborist Face scrub rasbery and tomato', '2025-10-01', '20400', 'Tube', 'Tube', 1, 1, '20400', 0),
(83, 'F1201230004', 'KOS-25', 'KOS-25', 'Herborist FF Zaetun', '2025-09-01', '22600', 'Tube', 'Tube', 1, 1, '22600', 0),
(84, 'F1201230004', 'KOS-26', 'KOS-26', 'Herborist FW G ell rose', '2025-05-01', '16450', 'Tube', 'Tube', 1, 1, '16450', 0),
(85, 'F1201230004', 'KOS-27', 'KOS-27', 'Acnes FW Oil Control ', '2025-04-01', '16800', 'Tube', 'Tube', 1, 1, '16800', 0),
(86, 'F1201230004', 'KOS-28', 'KOS-28', 'Acnes Fw Complit White ', '2025-06-01', '16600', 'Tube', 'Tube', 1, 1, '16600', 0),
(87, 'F1201230004', 'KOS-29', 'KOS-29', 'Acnes FW Yougurt touch', '2025-06-01', '16800', 'Tube', 'Tube', 1, 1, '16800', 0),
(88, 'F1201230004', 'KOS-30', 'KOS-30', 'Eskulin Cologne dazling purple', '2025-03-01', '20048', 'Botol', 'Botol', 1, 1, '20048', 0),
(89, 'F1201230004', 'KOS-31', 'KOS-31', 'Eskulin cologne pink blosoom', '2025-03-01', '19404', 'Botol', 'Botol', 1, 1, '19404', 0),
(90, 'F1201230004', 'KOS-32', 'KOS-32', 'Vivile masker bengkuang ', '2025-01-20', '7900', 'PCS', 'PCS', 1, 1, '7900', 0),
(91, 'F1201230004', 'KOS-33', 'KOS-33', 'Vivile masker pomergrate', '2025-01-03', '7900', 'PCS', 'PCS', 1, 1, '7900', 0),
(92, 'F1201230004', 'KOS-34', 'KOS-34', 'Vivile masker colagen masker colegenanti ac', '2025-01-07', '7900', 'PCS', 'PCS', 1, 1, '7900', 0),
(93, 'F1201230004', 'KOS-35', 'KOS-35', 'Vivile masker chorcoal', '2025-01-31', '7900', 'PCS', 'PCS', 1, 1, '7900', 0),
(94, 'F1201230004', 'KOS-36', 'KOS-36', 'Hadalabo gkj face wash ', '2025-07-01', '37500', 'Tube', 'Tube', 1, 1, '37500', 0),
(95, 'F1201230004', 'KOS-37', 'KOS-37', 'Hadalabo srj face wash', '2025-09-01', '37500', 'Tube', 'Tube', 1, 1, '37500', 0),
(96, 'F1201230004', 'KOS-38', 'KOS-38', 'Hadalabo facewash white 50 ml', '2025-03-01', '22700', 'Tube', 'Tube', 1, 1, '22700', 0),
(97, 'F1201230004', 'KOS-39', 'KOS-39', 'Garnier sakura serum mask ', '2024-12-01', '20600', 'PCS', 'PCS', 1, 1, '20600', 0),
(98, 'F1201230004', 'KOS-40', 'KOS-40', 'Garnier Sakura white serum mask', '2024-04-01', '20600', 'PCS', 'PCS', 1, 1, '20600', 0),
(99, 'F1201230004', 'KOS-41', 'KOS-41', 'Garnier face mask clear up', '2024-05-01', '20300', 'PCS', 'PCS', 1, 1, '20300', 0),
(100, 'F1201230004', 'KOS-42', 'KOS-42', 'Garnier serum mask hb hijau', '2024-10-01', '20350', 'PCS', 'PCS', 1, 1, '20350', 0),
(101, 'F1201230004', 'KOS-43', 'KOS-43', 'Dettol SF Fresh ', '2024-04-01', '22100', 'Botol', 'Botol', 1, 1, '22100', 0),
(102, 'F1201230004', 'KOS-44', 'KOS-44', 'Dettol SF Original', '2024-03-01', '22100', 'Botol', 'Botol', 1, 1, '22100', 0),
(103, 'F1201230004', 'KOS-45', 'KOS-45', 'Dettol SF cool', '2024-04-01', '21950', 'Botol', 'Botol', 1, 1, '21950', 0),
(104, 'F1201230004', 'KOS-46', 'KOS-46', 'Dettol SF skincare', '2024-11-01', '21950', 'Botol', 'Botol', 1, 1, '21950', 0),
(105, 'F1201230004', 'KOS-47', 'KOS-47', 'Elips Hair mask repair ', '2025-04-01', '8300', 'PCS', 'PCS', 1, 2, '16600', 0),
(106, 'F1201230004', 'KOS-48', 'KOS-48', 'Elips Hair mask smooth slyking', '2025-09-01', '8300', 'PCS', 'PCS', 1, 1, '8300', 0),
(107, 'F1201230004', 'KOS-49', 'KOS-49', 'Elips Hair mask silky b sc ', '2025-03-01', '8300', 'PCS', 'PCS', 1, 3, '24900', 0),
(108, 'F1201230004', 'KOS-50', 'KOS-50', 'Viva air mawar', '2025-07-01', '4900', 'Botol', 'Botol', 1, 2, '9800', 0),
(109, 'F1201230004', 'KOS-51', 'KOS-51', 'Viva milk cleanser spirulina ', '2025-08-01', '6300', 'Botol', 'Botol', 1, 1, '6300', 0),
(110, 'F1201230004', 'KOS-52', 'KOS-52', 'Viva cucumber', '2025-05-01', '5700', 'Botol', 'Botol', 1, 1, '5700', 0),
(111, 'F1201230004', 'KOS-53', 'KOS-53', 'Biore BF Relax ', '2025-08-15', '11300', 'Botol', 'Botol', 1, 1, '11300', 0),
(112, 'F1201230004', 'KOS-54', 'KOS-54', 'Biore BF E mild', '2025-08-29', '11300', 'Botol', 'Botol', 1, 1, '11300', 0),
(113, 'F1201230004', 'KOS-55', 'KOS-55', 'Vaseline repair baby ', '2025-08-01', '31650', 'PCS', 'PCS', 1, 3, '94950', 0),
(114, 'F1201230004', 'KOS-56', 'KOS-56', 'Fair & Lovely 2 in 1 powder CR ', '2024-04-19', '24650', 'Tube', 'Tube', 1, 2, '49300', 0),
(115, 'F1201230004', 'KOS-57', 'KOS-57', 'Acne creamy wash ', '2025-05-01', '15900', 'Tube', 'Tube', 1, 2, '31800', 0),
(116, 'F1201230004', 'KOS-58', 'KOS-58', 'Citra hazeline pearly white', '2024-08-26', '42450', 'PCS', 'PCS', 1, 1, '42450', 0),
(117, 'F1201230004', 'KOS-59', 'KOS-59', 'Ponds WB tone up milk cream ', '2025-07-15', '30000', 'PCS', 'PCS', 1, 1, '30000', 0),
(118, 'F1201230004', 'KOS-60', 'KOS-60', 'Ponds WB pinkish white cream ', '2025-08-30', '29000', 'PCS', 'PCS', 1, 1, '29000', 0),
(119, 'F1201230004', 'KOS-61', 'KOS-61', 'Ponds AM Night cream ', '2025-08-12', '38300', 'PCS', 'PCS', 1, 1, '38300', 0),
(120, 'F1201230004', 'KOS-62', 'KOS-62', 'Garnier miceler watter pink 125', '2025-02-01', '26650', 'Botol', 'Botol', 1, 1, '26650', 0),
(121, 'F1201230004', 'KOS-63', 'KOS-63', 'Garnier miceler watter blue 125', '2025-04-01', '26650', 'Botol', 'Botol', 1, 1, '26650', 0),
(122, 'F1201230004', 'KOS-64', 'KOS-64', 'Garnier miceler watter pink 50', '2025-03-01', '17200', 'Botol', 'Botol', 1, 1, '17200', 0),
(123, 'F1201230004', 'KOS-65', 'KOS-65', 'Herborist face scrub orange ', '2025-08-01', '20700', 'Tube', 'Tube', 1, 1, '20700', 0),
(124, 'F1201230004', 'KOS-66', 'KOS-66', 'Viva milk cleanser green tea ', '2025-07-01', '6300', 'Botol', 'Botol', 1, 1, '6300', 0),
(125, 'F1201230004', 'KOS-67', 'KOS-67', 'Elips hair vitamin coklat', '2025-06-01', '12000', 'PCS', 'PCS', 1, 1, '12000', 0),
(126, 'F1201230004', 'KOS-68', 'KOS-68', 'Elips merah recovery', '2025-03-01', '12000', 'PCS', 'PCS', 1, 1, '12000', 0),
(127, 'F1201230004', 'KOS-69', 'KOS-69', 'Elips ungu', '2025-03-01', '12150', 'Botol', 'Botol', 1, 1, '12150', 0),
(128, 'F1201230004', 'KOS-70', 'KOS-70', 'Elips keratin silky black ', '2025-06-01', '12000', 'PCS', 'PCS', 1, 1, '12000', 0),
(129, 'F1201230004', 'KOS-71', 'KOS-71', 'Elips keratin smoothy & silky', '2025-04-01', '12000', 'PCS', 'PCS', 1, 1, '12000', 0),
(130, 'F1201230004', 'KOS-72', 'KOS-72', 'Victoria teens clg gel winnter', '2025-08-01', '9000', 'Botol', 'Botol', 1, 1, '9000', 0),
(131, 'F1201230004', 'KOS-73', 'KOS-73', 'Victoria teens clg gel antum', '2025-09-01', '8950', 'Botol', 'Botol', 1, 1, '8950', 0),
(132, 'F1201230004', 'KOS-74', 'KOS-74', 'Victoria teens clg gel rainbow', '2025-06-01', '8800', 'Botol', 'Botol', 1, 1, '8800', 0),
(133, 'F1201230004', 'KOS-75', 'KOS-75', 'Victoria teens clg gel spring', '2025-08-01', '8950', 'Botol', 'Botol', 1, 1, '8950', 0),
(134, 'F1201230004', 'KOS-76', 'KOS-76', 'Acnes jel 9 ', '2025-08-28', '17700', 'Tube', 'Tube', 1, 2, '35400', 0),
(135, 'F1201230004', 'KOS-77', 'KOS-77', 'Acnes sport care 120', '2025-05-01', '33450', 'Tube', 'Tube', 1, 2, '66900', 0),
(136, 'F1201230004', 'KOS-78', 'KOS-78', 'Eskulin hijab perfect ', '2025-05-01', '15593', 'Botol', 'Botol', 1, 1, '15593', 0),
(137, 'F1201230004', 'KOS-79', 'KOS-79', 'Eskulin gel dream', '2025-05-01', '15741', 'Botol', 'Botol', 1, 1, '15741', 0),
(138, 'F1201230004', 'KOS-80', 'KOS-80', 'Eskulin gel friday', '2025-09-01', '15741', 'Botol', 'Botol', 1, 1, '15741', 0),
(139, 'F1201230004', 'KOS-81', 'KOS-81', 'Eskulin gel monday', '2025-05-01', '15741', 'Botol', 'Botol', 1, 1, '15741', 0),
(140, 'F1201230004', 'KOS-81', 'KOS-81', 'Eskulin gel monday', '2025-06-01', '15741', 'Botol', 'Botol', 1, 1, '15741', 0),
(141, 'F1201230004', 'KOS-82', 'KOS-82', 'Eskulin gel romantic', '2025-06-01', '15543', 'Botol', 'Botol', 1, 1, '15543', 0),
(142, 'F1201230004', 'KOS-83', 'KOS-83', 'Eskulin hijab fresh', '2025-07-01', '15593', 'Botol', 'Botol', 1, 1, '15593', 0),
(143, 'F1201230004', 'KOS-84', 'KOS-84', 'Garnier LC white serum spf 19 20 ', '2026-06-01', '26100', 'Tube', 'Tube', 1, 2, '52200', 0),
(144, 'F1201230004', 'KOS-85', 'KOS-85', 'Skin aqua UV Mild milk 4', '2026-03-01', '49850', 'PCS', 'PCS', 1, 1, '49850', 0),
(145, 'F1201230004', 'KOS-86', 'KOS-86', 'Rexona RO Glowing white ', '2023-05-06', '14400', 'PCS', 'PCS', 1, 1, '14400', 0),
(146, 'F1201230004', 'KOS-87', 'KOS-87', 'Rexona women rool on invible', '2024-08-19', '17700', 'PCS', 'PCS', 1, 1, '17700', 0),
(147, 'F1201230004', 'KOS-88', 'KOS-88', 'Rexona women ro adv white', '2024-07-21', '20850', 'PCS', 'PCS', 1, 1, '20850', 0),
(148, 'F1201230004', 'KOS-89', 'KOS-89', 'Rexona ro dreamy white ', '2024-08-19', '14500', 'PCS', 'PCS', 1, 1, '14500', 0),
(149, 'F1201230004', 'KOS-90', 'KOS-90', 'Vaselin repair aloejo', '2025-07-12', '28200', 'PCS', 'PCS', 1, 2, '56400', 0),
(150, 'F1201230004', 'KOS-91', 'KOS-91', 'Kahf edt humbling 35 ml', '2025-06-22', '63000', 'Botol', 'Botol', 1, 1, '63000', 0),
(151, 'F1201230004', 'KOS-92', 'KOS-92', 'Kahf edt true brotherhood 35 ml', '2025-05-17', '63000', 'Botol', 'Botol', 1, 1, '63000', 0),
(152, 'F1201230004', 'KOS-93', 'KOS-93', 'Kahf edt revered out 35ml', '2025-08-18', '66100', 'Botol', 'Botol', 1, 1, '66100', 0),
(153, 'F1201230004', 'KOS-94', 'KOS-94', 'Kahf face wash acne ', '2025-09-26', '34800', 'Tube', 'Tube', 1, 1, '34800', 0),
(154, 'F1201230004', 'KOS-95', 'KOS-95', 'Kahf edt invigething', '2025-05-30', '63000', 'Botol', 'Botol', 1, 1, '63000', 0),
(155, 'F1201230004', 'KOS-96', 'KOS-96', 'Kahf face wash brighte', '2025-09-27', '34800', 'Tube', 'Tube', 1, 1, '34800', 0),
(156, 'F1201230004', 'KOS-97', 'KOS-97', 'Kahf face wash triple action oil', '2025-09-06', '36800', 'Tube', 'Tube', 1, 1, '36800', 0),
(157, 'F1201230004', 'KOS-98', 'KOS-98', 'Kahf gentle face scrub ', '2025-09-23', '34800', 'Tube', 'Tube', 1, 1, '34800', 0),
(158, 'F1201230004', 'KOS-99', 'KOS-99', 'Kahf deodorant', '2025-08-29', '22000', 'Botol', 'Botol', 1, 2, '44000', 0),
(159, 'F1201230004', 'KOS-100', 'KOS-100', 'Emina bright stuff sheet mask ', '2025-07-26', '13200', 'PCS', 'PCS', 1, 2, '26400', 0),
(160, 'F1201230004', 'KOS-101', 'KOS-101', 'Emina sugar rush lip scrub ', '2024-07-18', '34900', 'PCS', 'PCS', 1, 1, '34900', 0),
(161, 'F1201230004', 'KOS-102', 'KOS-102', 'Emina bright stuff moisturizing cream ', '2025-09-19', '22000', 'Tube', 'Tube', 1, 2, '44000', 0),
(162, 'F1201230004', 'KOS-103', 'KOS-103', 'Emina Sun battle spf 30', '2025-09-27', '27000', 'Tube', 'Tube', 1, 2, '54000', 0),
(163, 'F1201230004', 'KOS-104', 'KOS-104', 'Emina magic potion 05', '2025-06-09', '42800', 'PCS', 'PCS', 1, 1, '42800', 0),
(164, 'F1201230004', 'KOS-106', 'KOS-106', 'Wardah uv shield essent gell ', '2025-10-05', '31000', 'Tube', 'Tube', 1, 3, '93000', 0),
(165, 'F1201230004', 'KOS-107', 'KOS-107', 'Wardah exclusive matte lip cream 03', '2025-03-29', '55700', 'PCS', 'PCS', 1, 1, '55700', 0),
(166, 'F1201230004', 'KOS-108', 'KOS-108', 'Wardah exclusive matte lip cream 09', '2025-08-25', '56700', 'PCS', 'PCS', 1, 1, '56700', 0),
(167, 'F1201230004', 'KOS-109', 'KOS-109', 'Wardah color fit last all day lip paint 14', '2025-01-15', '39250', 'PCS', 'PCS', 1, 1, '39250', 0),
(168, 'F1201230004', 'KOS-110', 'KOS-110', 'Wardah color fit last velvet matte lip mouse 08', '2025-06-30', '67000', 'PCS', 'PCS', 1, 1, '67000', 0),
(169, 'F1201230004', 'KOS-111', 'KOS-111', 'Wardah color fit last velvet matte lip mouse 09', '2025-06-10', '67000', 'PCS', 'PCS', 1, 1, '67000', 0),
(170, 'F1201230004', 'KOS-112', 'KOS-112', 'Wardah scetsation bliss bodymist ', '2025-05-12', '33500', 'Botol', 'Botol', 1, 1, '33500', 0),
(171, 'F1201230004', 'KOS-113', 'KOS-113', 'Wardah scetsation purity bodymist ', '2025-10-04', '33500', 'Botol', 'Botol', 1, 1, '33500', 0),
(172, 'F1201230004', 'KOS-114', 'KOS-114', 'Wardah scetsation passion bodymist ', '2025-05-31', '33500', 'Botol', 'Botol', 1, 1, '33500', 0),
(173, 'F1201230004', 'KOS-115', 'KOS-115', 'Wardah scetsation joyfull bodymist ', '2025-06-16', '33500', 'Botol', 'Botol', 1, 1, '33500', 0),
(174, 'F1201230004', 'KOS-116', 'KOS-116', 'Wardah lightening face mist ', '2025-07-28', '25100', 'Botol', 'Botol', 1, 2, '50200', 0),
(175, 'F1201230004', 'KOS-117', 'KOS-117', 'Wardah lightening bb cream natural', '2025-07-26', '29850', 'Tube', 'Tube', 1, 1, '29850', 0),
(176, 'F1201230004', 'KOS-118', 'KOS-118', 'Wardah everyday bb cream light ', '2025-08-13', '25600', 'Tube', 'Tube', 1, 1, '25600', 0),
(177, 'F1201230004', 'KOS-119', 'KOS-119', 'Wardah eyepert liner black ', '2025-05-20', '50800', 'PCS', 'PCS', 1, 1, '50800', 0),
(178, 'F1201230004', 'KOS-120', 'KOS-120', 'Wardah eyepert liftflash mascara', '2025-08-10', '54300', 'PCS', 'PCS', 1, 1, '54300', 0),
(179, 'F1201230004', 'KOS-121', 'KOS-121', 'Loreal crystal essence ', '2023-08-01', '56750', 'Botol', 'Botol', 1, 2, '113500', 0),
(180, 'F1201230004', 'KOS-122', 'KOS-122', 'La tulipe hydraluronik serum', '2025-04-01', '53300', 'Botol', 'Botol', 1, 1, '53300', 0),
(181, 'F1201230004', 'KOS-123', 'KOS-123', 'La tulipe sunscren crem', '2024-08-01', '35150', 'Tube', 'Tube', 1, 1, '35150', 0),
(182, 'F1201230004', 'KOS-124', 'KOS-124', 'La tulipe colagen serum ', '2025-07-01', '57200', 'Botol', 'Botol', 1, 1, '57200', 0),
(183, 'F1201230004', 'KOS-125', 'KOS-125', 'La tulipe sunscren gel', '2024-12-01', '30500', 'Tube', 'Tube', 1, 2, '61000', 0),
(184, 'F1201230004', 'KOS-126', 'KOS-126', 'La tulipe bright sheet mask ', '2024-07-01', '22000', 'PCS', 'PCS', 1, 1, '22000', 0),
(185, 'F1201230004', 'KOS-127', 'KOS-127', 'LT Men facial wash cool sens ', '2025-09-01', '19500', 'Tube', 'Tube', 1, 1, '19500', 0),
(186, 'F1201230004', 'KOS-128', 'KOS-128', 'LT Men refreshing cream ', '2025-07-01', '37600', 'Tube', 'Tube', 1, 1, '37600', 0),
(187, 'F1201230004', 'KOS-129', 'KOS-129', 'La tulipe shimmeing touch starlight ', '2025-02-01', '53350', 'PCS', 'PCS', 1, 1, '53350', 0),
(188, 'F1201230004', 'KOS-130', 'KOS-130', 'La tulipe exfloating serum ', '2025-01-01', '66000', 'Botol', 'Botol', 1, 1, '66000', 0),
(189, 'F1201230004', 'KOS-131', 'KOS-131', 'La tulipe hydrating sheet mask ', '2025-05-01', '22000', 'PCS', 'PCS', 1, 1, '22000', 0),
(190, 'F1201230004', 'KOS-132', 'KOS-132', 'La tulipe bb cushion 02', '2025-06-01', '110000', 'PCS', 'PCS', 1, 1, '110000', 0),
(191, 'F1201230004', 'KOS-133', 'KOS-133', 'La tulipe countur kit med 10', '2027-02-01', '60000', 'PCS', 'PCS', 1, 1, '60000', 0),
(192, 'F1201230004', 'KOS-135', 'KOS-135', 'La tulipe liptint butterscotch ', '2025-05-01', '40000', 'PCS', 'PCS', 1, 1, '40000', 0),
(193, 'F1201230004', 'KOS-220', 'KOS-220', 'La tulipe shadowkit dark brown', '2027-03-01', '70700', 'PCS', 'PCS', 1, 1, '70700', 0),
(194, 'F1201230004', 'KOS-136', 'KOS-136', 'La tulipe liptint cottion candy ', '2025-11-01', '40000', 'PCS', 'PCS', 1, 1, '40000', 0),
(195, 'F1201230004', 'KOS-137', 'KOS-137', 'La tulipe liptint red velvet', '2025-08-01', '42000', 'PCS', 'PCS', 1, 1, '42000', 0),
(196, 'F1201230004', 'KOS-138', 'KOS-138', 'La tulipe bare mate lip cream 10', '2025-10-01', '55000', 'PCS', 'PCS', 1, 1, '55000', 0),
(197, 'F1201230004', 'KOS-139', 'KOS-139', 'La tulipe bare mate lip cream 01', '2025-11-01', '55700', 'PCS', 'PCS', 1, 1, '55700', 0),
(198, 'F1201230004', 'KOS-140', 'KOS-140', 'Revlon colorsik bold brown ', '2023-10-01', '61500', 'Botol', 'Botol', 1, 1, '61500', 0),
(199, 'F1201230004', 'KOS-141', 'KOS-141', 'Revlon colorsik med maho brown', '2023-10-01', '61500', 'Botol', 'Botol', 1, 1, '61500', 0),
(200, 'F1201230004', 'KOS-142', 'KOS-142', 'Revlon charlie edt gold', '2026-08-15', '131000', 'Botol', 'Botol', 1, 1, '131000', 0),
(201, 'F1201230004', 'KOS-144', 'KOS-144', 'Revlon t&g compact soft beige', '2026-01-01', '51500', 'PCS', 'PCS', 1, 1, '51500', 0),
(202, 'F1201230004', 'KOS-143', 'KOS-143', 'Revlon nail granite', '2024-11-01', '42500', 'Botol', 'Botol', 1, 1, '42500', 0),
(203, 'F1201230004', 'KOS-145', 'KOS-145', 'Revlon nail slate ', '2024-11-01', '42500', 'Botol', 'Botol', 1, 1, '42500', 0),
(204, 'F1201230004', 'KOS-146', 'KOS-146', 'Revlon nail moonlit nauve', '2024-11-01', '42500', 'Botol', 'Botol', 1, 1, '42500', 0),
(205, 'F1201230004', 'KOS-147', 'KOS-147', 'Revlon nail top speed top coat', '2025-03-01', '42500', 'Botol', 'Botol', 1, 1, '42500', 0),
(206, 'F1201230004', 'KOS-148', 'KOS-148', 'Sada khelir liptint ceri bon-bon ', '2025-03-01', '61500', 'PCS', 'PCS', 1, 1, '61500', 0),
(207, 'F1201230004', 'KOS-149', 'KOS-149', 'Sada khelir liptint rosi-rosi', '2025-06-01', '70000', 'PCS', 'PCS', 1, 1, '70000', 0),
(208, 'F1201230004', 'KOS-150', 'KOS-150', 'Sada khelir liptint sweet sica', '2025-02-01', '61500', 'PCS', 'PCS', 1, 1, '61500', 0),
(209, 'F1201230004', 'KOS-151', 'KOS-151', 'Sada khelir liptint golden coco', '2025-06-01', '61500', 'PCS', 'PCS', 1, 1, '61500', 0),
(210, 'F1201230004', 'KOS-152', 'KOS-152', 'Sada khelir liptint lia love', '2025-03-01', '61500', 'PCS', 'PCS', 1, 1, '61500', 0),
(211, 'F1201230004', 'KOS-153', 'KOS-153', 'Azura mate lipcream 04 perfect nude ', '2025-10-14', '39200', 'PCS', 'PCS', 1, 1, '39200', 0),
(212, 'F1201230004', 'KOS-154', 'KOS-154', 'Azura mate lipcream 08 peach', '2025-02-16', '40000', 'PCS', 'PCS', 1, 1, '40000', 0),
(213, 'F1201230004', 'KOS-155', 'KOS-155', 'Azura mate lipcream 02 peach', '2023-02-04', '40000', 'PCS', 'PCS', 1, 1, '40000', 0),
(214, 'F1201230004', 'KOS-156', 'KOS-156', 'Maybeline fit me c powder 112', '2025-04-01', '61500', 'PCS', 'PCS', 1, 1, '61500', 0),
(215, 'F1201230004', 'KOS-157', 'KOS-157', 'Maybeline fit me c powder 120', '2025-01-01', '61500', 'PCS', 'PCS', 1, 1, '61500', 0),
(216, 'F1201230004', 'KOS-158', 'KOS-158', 'Maybeline fit me c powder 118', '2025-06-01', '61500', 'PCS', 'PCS', 1, 1, '61500', 0),
(217, 'F1201230004', 'KOS-159', 'KOS-159', 'Maybeline fit me c powder 128', '2025-12-01', '61500', 'PCS', 'PCS', 1, 1, '61500', 0),
(218, 'F1201230004', 'KOS-160', 'KOS-160', 'Maybeline remover make up 70 ml', '2025-03-01', '64900', 'Botol', 'Botol', 1, 2, '129800', 0),
(219, 'F1201230004', 'KOS-161', 'KOS-161', 'Maybeline vol ex hypercurl maskara', '2025-05-01', '59840', 'PCS', 'PCS', 1, 3, '179520', 0),
(220, 'F1201230004', 'KOS-162', 'KOS-162', 'Maybeline instant age rewind 110', '2024-11-01', '122000', 'PCS', 'PCS', 1, 1, '122000', 0),
(221, 'F1201230004', 'KOS-163', 'KOS-163', 'Maybeline instant age rewind 122', '2024-11-01', '122000', 'PCS', 'PCS', 1, 1, '122000', 0),
(222, 'F1201230004', 'KOS-164', 'KOS-164', 'Maybeline fit me twc spf 118', '2024-10-01', '122000', 'PCS', 'PCS', 1, 1, '122000', 0),
(223, 'F1201230004', 'KOS-165', 'KOS-165', 'Maybeline fit me blush on', '2024-04-01', '90000', 'PCS', 'PCS', 1, 2, '180000', 0),
(224, 'F1201230004', 'KOS-166', 'KOS-166', 'Maybeline lips vinyl 65', '2025-03-01', '106000', 'PCS', 'PCS', 1, 1, '106000', 0),
(225, 'F1201230004', 'KOS-167', 'KOS-167', 'Maybeline fit me primer spf ', '2025-06-01', '90000', 'PCS', 'PCS', 1, 1, '90000', 0),
(226, 'F1201230004', 'KOS-168', 'KOS-168', 'Maybeline eyeliner line tatto ', '2024-11-01', '67500', 'Botol', 'Botol', 1, 2, '135000', 0),
(227, 'F1201230004', 'KOS-169', 'KOS-169', 'Maybeline line tatto crayon black', '2025-01-01', '97500', 'PCS', 'PCS', 1, 1, '97500', 0),
(228, 'F1201230004', 'KOS-170', 'KOS-170', 'Maybeline line tatto crayon brown', '2025-01-01', '97500', 'PCS', 'PCS', 1, 1, '97500', 0),
(229, 'F1201230004', 'KOS-171', 'KOS-171', 'Azarine niacinamide serum', '2025-02-08', '52500', 'Botol', 'Botol', 1, 1, '52500', 0),
(230, 'F1201230004', 'KOS-172', 'KOS-172', 'Azarine aha bha pha serum', '2025-02-06', '43600', 'Botol', 'Botol', 1, 1, '43600', 0),
(231, 'F1201230004', 'KOS-173', 'KOS-173', 'Azarine revitalizing antiaging serum', '2025-02-07', '52000', 'Botol', 'Botol', 1, 1, '52000', 0),
(232, 'F1201230004', 'KOS-174', 'KOS-174', 'Azarine retinol serum', '2025-02-08', '52500', 'Botol', 'Botol', 1, 1, '52500', 0),
(233, 'F1201230004', 'KOS-175', 'KOS-175', 'Something mugwortellla mask ', '2024-09-30', '79000', 'PCS', 'PCS', 1, 1, '79000', 0),
(234, 'F1201230004', 'KOS-176', 'KOS-176', 'Something salmon dna ', '2023-08-24', '136800', 'Botol', 'Botol', 1, 1, '136800', 0),
(235, 'F1201230004', 'KOS-177', 'KOS-177', 'Something bakuchiol oil serum ', '2025-01-18', '79000', 'Botol', 'Botol', 1, 1, '79000', 0),
(236, 'F1201230004', 'KOS-178', 'KOS-178', 'Something glowing up ss stick ', '2024-01-25', '125000', 'PCS', 'PCS', 1, 1, '125000', 0),
(237, 'F1201230004', 'KOS-179', 'KOS-179', 'Something loose powder beige ', '2024-11-29', '102500', 'PCS', 'PCS', 1, 1, '102500', 0),
(238, 'F1201230004', 'KOS-180', 'KOS-180', 'Something dna powder foundie sand beige ', '2025-03-15', '113500', 'PCS', 'PCS', 1, 1, '113500', 0),
(239, 'F1201230004', 'KOS-181', 'KOS-181', 'You triple uv elixir ', '2025-07-25', '52100', 'Tube', 'Tube', 1, 1, '52100', 0),
(240, 'F1201230004', 'KOS-182', 'KOS-182', 'You tone up  uv elixir 50', '2025-07-01', '63250', 'Tube', 'Tube', 1, 1, '63250', 0),
(241, 'F1201230004', 'KOS-183', 'KOS-183', 'You radiance white bb cream 01 vanila ', '2024-10-05', '45700', 'Tube', 'Tube', 1, 1, '45700', 0),
(242, 'F1201230004', 'KOS-184', 'KOS-184', 'You radiance white bb cream 03 mocha', '2024-10-04', '46000', 'Botol', 'Botol', 1, 1, '46000', 0),
(243, 'F1201230004', 'KOS-185', 'KOS-185', 'You radiance white bb cream 02 almond', '2024-10-09', '46000', 'Tube', 'Tube', 1, 1, '46000', 0),
(244, 'F1201230004', 'KOS-186', 'KOS-186', 'You simplicity bb cream 02 honey ', '2025-04-11', '43550', 'Tube', 'Tube', 1, 1, '43550', 0),
(245, 'F1201230004', 'KOS-187', 'KOS-187', 'You simplicity bb cream 01 vanila ', '2025-03-28', '44000', 'Tube', 'Tube', 1, 1, '44000', 0),
(246, 'F1201230004', 'KOS-188', 'KOS-188', 'You ink black lip liner ', '2025-03-21', '36500', 'PCS', 'PCS', 1, 1, '36500', 0),
(247, 'F1201230004', 'KOS-189', 'KOS-189', 'You lashtenshion mascara ', '2024-06-26', '46400', 'PCS', 'PCS', 1, 1, '46400', 0),
(248, 'F1201230004', 'KOS-190', 'KOS-190', 'You stay pen eyeliner ', '2025-05-31', '64650', 'PCS', 'PCS', 1, 1, '64650', 0),
(249, 'F1201230004', 'KOS-191', 'KOS-191', 'You eye shadow squad ', '2025-03-27', '47000', 'PCS', 'PCS', 1, 2, '94000', 0),
(250, 'F1201230004', 'KOS-192', 'KOS-192', 'You matte lip colour ', '2025-05-08', '46800', 'PCS', 'PCS', 1, 2, '93600', 0),
(251, 'F1201230004', 'KOS-193', 'KOS-193', ' You noutriwear cushion W805', '2024-09-13', '131500', 'PCS', 'PCS', 1, 1, '131500', 0),
(252, 'F1201230004', 'KOS-194', 'KOS-194', 'Erha youvit x collagen gummy ', '2023-09-07', '54500', 'PCS', 'PCS', 1, 1, '54500', 0),
(253, 'F1201230004', 'KOS-195', 'KOS-195', 'Erha skintive goothing facial mask ', '2024-11-07', '26500', 'PCS', 'PCS', 1, 1, '26500', 0),
(254, 'F1201230004', 'KOS-196', 'KOS-196', 'Erha 21 df brightening facial mask ', '2025-04-05', '26500', 'PCS', 'PCS', 1, 1, '26500', 0),
(255, 'F1201230004', 'KOS-197', 'KOS-197', 'Emina pop rouge pressed eye shadow nude ', '2025-07-13', '39600', 'PCS', 'PCS', 1, 1, '39600', 0),
(256, 'F1201230004', 'KOS-198', 'KOS-198', 'Emina cheek lip pressed blush cotton c ', '2025-07-20', '35000', 'PCS', 'PCS', 1, 2, '70000', 0),
(257, 'F1201230004', 'KOS-199', 'KOS-199', 'Emina squexe me up browcara woody', '2025-04-26', '48350', 'PCS', 'PCS', 1, 3, '145050', 0),
(258, 'F1201230004', 'KOS-200', 'KOS-200', 'Emina glosy stain 02 ', '2025-04-11', '43300', 'PCS', 'PCS', 1, 2, '86600', 0),
(259, 'F1201230004', 'KOS-201', 'KOS-201', 'Emina poppon mate the 90 edition 07 ', '2025-01-25', '43400', 'PCS', 'PCS', 1, 1, '43400', 0),
(260, 'F1201230004', 'KOS-202', 'KOS-202', 'Emina cheek lip blush stick pink ', '2024-06-14', '48550', 'Botol', 'Botol', 1, 1, '48550', 0),
(261, 'F1201230004', 'KOS-203', 'KOS-203', 'Emina lip mask 9gr', '2025-06-14', '35000', 'PCS', 'PCS', 1, 1, '35000', 0),
(262, 'F1201230004', 'KOS-204', 'KOS-204', 'Emina lip mask orange squash ', '2024-11-12', '34000', 'Botol', 'Botol', 1, 1, '34000', 0),
(263, 'F1201230004', 'KOS-205', 'KOS-205', 'Emina pop rouge pressed eye shadow romantic ', '2025-01-24', '37450', 'PCS', 'PCS', 1, 1, '37450', 0),
(264, 'F1201230004', 'KOS-206', 'KOS-206', 'Emina glosy stain 04', '2025-03-15', '43300', 'Botol', 'Botol', 1, 1, '43300', 0),
(265, 'F1201230004', 'KOS-207', 'KOS-207', 'Emina poppon mate the 90 edition 10', '2025-01-24', '43400', 'Botol', 'Botol', 1, 1, '43400', 0),
(266, 'F1201230004', 'KOS-208', 'KOS-208', 'Emina bright stuff serum ', '2025-09-10', '15000', 'Tube', 'Tube', 1, 2, '30000', 0),
(267, 'F1201230004', 'KOS-209', 'KOS-209', 'Pixy aqua beauty protection ', '2025-06-01', '28500', 'Botol', 'Botol', 1, 1, '28500', 0),
(268, 'F1201230004', 'KOS-210', 'KOS-210', 'Pixy mate in love 106', '2025-02-01', '40500', 'PCS', 'PCS', 1, 1, '40500', 0),
(269, 'F1201230004', 'KOS-211', 'KOS-211', 'Viva eye brow pencil ', '2025-04-01', '31000', 'PCS', 'PCS', 1, 2, '62000', 0),
(270, 'F1201230004', 'KOS-212', 'KOS-212', 'Viva pensil alis ', '2025-06-01', '29300', 'PCS', 'PCS', 1, 2, '58600', 0),
(271, 'F1201230004', 'KOS-213', 'KOS-213', 'Rose bay body mist mini pack ', '2025-08-01', '18375', 'Botol', 'Botol', 1, 4, '73500', 0),
(272, 'F1201230004', 'KOS-214', 'KOS-214', 'Brasov edp sport hitam 100ml', '2026-12-23', '22500', 'Botol', 'Botol', 1, 1, '22500', 0),
(273, 'F1201230004', 'KOS-215', 'KOS-215', 'Brasov edp sport abu-abu 100ml', '2027-01-08', '22500', 'Botol', 'Botol', 1, 1, '22500', 0),
(274, 'F1201230004', 'KOS-216', 'KOS-216', 'Rose bay body mist alice springs', '2025-08-01', '37000', 'Botol', 'Botol', 1, 1, '37000', 0),
(275, 'F1201230004', 'KOS-217', 'KOS-217', 'Rose bay body mist bondi beach', '2025-08-01', '37000', 'Botol', 'Botol', 1, 1, '37000', 0),
(276, 'F1201230004', 'KOS-218', 'KOS-218', 'Rose bay body mist botanical garden', '2025-08-01', '37000', 'Botol', 'Botol', 1, 1, '37000', 0),
(277, 'F1201230004', 'KOS-219', 'KOS-219', 'Rose bay body mist hyde park', '2025-08-01', '37000', 'Botol', 'Botol', 1, 1, '37000', 0),
(278, 'F1201230002', 'KOS-17', 'KOS-17', 'Confident adult pants L4', '2026-08-08', '37107', 'PCS', 'PCS', 1, 1, '37107', 0),
(279, 'F1201230002', 'KOS-18', 'KOS-18', 'Confident adult pants XL 3', '2026-08-08', '46500', 'PCS', 'PCS', 1, 1, '46500', 0),
(397, 'F1801230004', 'ALKES', 'ALKES', 'Alkohol 70 100ml', '2026-07-01', '6500', 'Botol', 'Botol', 1, 1, '6500', 0),
(398, 'F1801230004', 'ALKES-01', 'ALKES-01', 'Alkohol 70 300ml', '2025-12-01', '16500', 'Botol', 'Botol', 1, 3, '49500', 0),
(399, 'F1801230004', 'ALKES-02', 'ALKES-02', 'Celana sunat UK S ', '2027-12-01', '18000', 'PCS', 'PCS', 1, 2, '36000', 0),
(400, 'F1801230004', 'ALKES-03', 'ALKES-03', 'Celana sunat UK M', '2027-12-01', '18000', 'PCS', 'PCS', 1, 2, '36000', 0),
(401, 'F1801230004', 'ALKES-04', 'ALKES-04', 'Celana sunat UK L', '2027-12-01', '18000', 'PCS', 'PCS', 1, 2, '36000', 0),
(402, 'F1801230004', 'ALKES-05', 'ALKES-05', 'Celana sunat UK XL', '2027-12-01', '18000', 'PCS', 'PCS', 1, 2, '36000', 0),
(403, 'F1801230004', 'ALKES-06', 'ALKES-06', 'Celana sunat UK XXL', '2027-12-01', '18000', 'PCS', 'PCS', 1, 2, '36000', 0),
(404, 'F1801230004', 'ALKES-07', 'ALKES-07', 'Dermafic 10x12', '2026-05-01', '10000', 'PCS', 'PCS', 1, 2, '20000', 0),
(405, 'F1801230004', 'ALKES-08', 'ALKES-08', 'Dermafic 25x10', '2027-04-01', '25000', 'PCS', 'PCS', 1, 2, '50000', 0),
(406, 'F1801230004', 'ALKES-09', 'ALKES-09', 'Dermafic 5x7', '2027-05-01', '5000', 'PCS', 'PCS', 1, 2, '10000', 0),
(407, 'F1801230004', 'ALKES-10', 'ALKES-10', 'Kapsul kosong 0', '2026-12-01', '63750', 'PACK', 'PACK', 1, 1, '63750', 0),
(408, 'F1801230004', 'ALKES-11', 'ALKES-11', 'Kapsul kosong 00', '2027-03-01', '100000', 'PACK', 'PACK', 1, 1, '100000', 0),
(409, 'F1801230004', 'ALKES-12', 'ALKES-12', 'Kapsul kosong 1', '2027-06-01', '58750', 'PACK', 'PACK', 1, 1, '58750', 0),
(410, 'F1801230004', 'ALKES-13', 'ALKES-13', 'Kapsul kosong 2', '2027-07-01', '57500', 'PACK', 'PACK', 1, 1, '57500', 0),
(411, 'F1801230004', 'ALKES-14', 'ALKES-14', 'Kapsul kosong 3', '2027-07-01', '57500', 'PACK', 'PACK', 1, 1, '57500', 0),
(412, 'F1801230004', 'ALKES-15', 'ALKES-15', 'Kertas lakmus biru', '2025-12-01', '65000', 'PACK', 'PACK', 1, 1, '65000', 0),
(413, 'F1801230004', 'ALKES-17', 'ALKES-17', 'Kertas lakmus merah', '2025-12-01', '85000', 'PACK', 'PACK', 1, 1, '85000', 0),
(414, 'F1801230004', 'ALKES-16', 'ALKES-16', 'Kertas PH', '2025-12-01', '80000', 'PACK', 'PACK', 1, 1, '80000', 0),
(415, 'F1801230004', 'ALKES-18', 'ALKES-18', 'Lancet isi 100', '2025-11-01', '25000', 'PACK', 'PACK', 1, 1, '25000', 0),
(416, 'F1801230004', 'ALKES-19', 'ALKES-19', 'Mikropore 1/2', '2027-12-01', '17000', 'PCS', 'PCS', 1, 1, '17000', 0),
(417, 'F1801230004', 'ALKES-20', 'ALKES-20', 'Mikropore 1', '2027-12-01', '34000', 'PCS', 'PCS', 1, 1, '34000', 0),
(418, 'F1801230004', 'ALKES-21', 'ALKES-21', 'Mikropore 2', '2027-12-01', '68000', 'PCS', 'PCS', 1, 1, '68000', 0),
(419, 'F1801230004', 'ALKES-22', 'ALKES-22', 'Nasal 02 anak ', '2025-10-01', '15000', 'PCS', 'PCS', 1, 2, '30000', 0),
(420, 'F1801230004', 'ALKES-23', 'ALKES-23', 'Nasal 02 bayi', '2025-10-01', '20000', 'PCS', 'PCS', 1, 2, '40000', 0),
(421, 'F1801230004', 'ALKES-24', 'ALKES-24', 'Nasal 02 dewasa', '2026-08-01', '20000', 'PCS', 'PCS', 1, 2, '40000', 0),
(422, 'F1801230004', 'ALKES-25', 'ALKES-25', 'Pipet panjang ', '2027-12-01', '2500', 'PCS', 'PCS', 1, 20, '50000', 0),
(423, 'F1801230004', 'ALKES-26', 'ALKES-26', 'Pipet pendek', '2027-12-01', '1700', 'PCS', 'PCS', 1, 20, '34000', 0),
(424, 'F1801230004', 'ALKES-27', 'ALKES-27', 'Pot salep 5gr', '2027-12-01', '1000', 'PCS', 'PCS', 1, 10, '10000', 0),
(425, 'F1801230004', 'ALKES-28', 'ALKES-28', 'Pot salep 10gr', '2027-12-01', '1000', 'PCS', 'PCS', 1, 10, '10000', 0),
(426, 'F1801230004', 'ALKES-29', 'ALKES-29', 'Pot salep 15gr', '2027-12-01', '1000', 'PCS', 'PCS', 1, 10, '10000', 0),
(427, 'F1801230004', 'ALKES-30', 'ALKES-30', 'Pot salep 20gr', '2027-12-01', '1500', 'PCS', 'PCS', 1, 10, '15000', 0),
(428, 'F1801230004', 'ALKES-31', 'ALKES-31', 'Pot salep 30gr', '2027-12-01', '1500', 'PCS', 'PCS', 1, 10, '15000', 0),
(429, 'F1801230004', 'ALKES-32', 'ALKES-32', 'Sendok obat', '2027-12-01', '1000', 'PCS', 'PCS', 1, 20, '20000', 0),
(430, 'F1801230004', 'ALKES-33', 'ALKES-33', 'Sendok tanduk ', '2027-12-01', '30000', 'PCS', 'PCS', 1, 5, '150000', 0),
(431, 'F1801230004', 'ALKES-34', 'ALKES-34', 'Sendok spatula logam ', '2027-12-01', '30000', 'PCS', 'PCS', 1, 5, '150000', 0),
(432, 'F1801230004', 'ALKES-35', 'ALKES-35', 'Spuit 1 cc one med ', '2026-06-01', '1000', 'PCS', 'PCS', 1, 100, '100000', 0),
(433, 'F1801230004', 'ALKES-36', 'ALKES-36', 'Spuit 3 cc one med ', '2026-12-01', '850', 'PCS', 'PCS', 1, 100, '85000', 0),
(434, 'F1801230004', 'ALKES-37', 'ALKES-37', 'Spuit 5 cc one med ', '2026-12-01', '900', 'PCS', 'PCS', 1, 100, '90000', 0),
(435, 'F1801230004', 'ALKES-38', 'ALKES-38', 'Tabung reaksi ', '2027-12-01', '15000', 'PCS', 'PCS', 1, 10, '150000', 0),
(436, 'F1801230004', 'ALKES-39', 'ALKES-39', 'Termometer lentur ', '2027-12-01', '40000', 'PCS', 'PCS', 1, 1, '40000', 0),
(437, 'F1801230004', 'ALKES-40', 'ALKES-40', 'Termometer standar', '2027-12-01', '35000', 'PCS', 'PCS', 1, 1, '35000', 0),
(438, 'F1801230004', 'ALKES-41', 'ALKES-41', 'Test pack one med ', '2025-08-01', '2200', 'PCS', 'PCS', 1, 37, '81400', 0),
(439, 'F1801230004', 'ALKES-42', 'ALKES-42', 'Test kesuburan', '2025-08-01', '9000', 'PCS', 'PCS', 1, 5, '45000', 0),
(440, 'F1801230004', 'ALKES-43', 'ALKES-43', 'Urinal laki-laki', '2027-12-01', '27500', 'PCS', 'PCS', 1, 2, '55000', 0),
(441, 'F1801230004', 'ALKES-44', 'ALKES-44', 'Urinal perempuan', '2027-12-01', '15000', 'PCS', 'PCS', 1, 2, '30000', 0),
(442, 'F1801230004', 'ALKES-45', 'ALKES-45', 'Urin bag', '2026-08-01', '9000', 'PCS', 'PCS', 1, 2, '18000', 0),
(443, 'F1801230004', 'ALKES-46', 'ALKES-46', 'Rivanol 100ml', '2025-06-01', '4000', 'Botol', 'Botol', 1, 3, '12000', 0),
(444, 'F1801230004', 'ALKES-47', 'ALKES-47', 'Rivanol 300ml', '2026-06-01', '8500', 'Botol', 'Botol', 1, 3, '25500', 0),
(445, 'F1801230004', 'ALKES-48', 'ALKES-48', 'Kotak P3K', '2026-10-01', '35000', 'PCS', 'PCS', 1, 2, '70000', 0),
(446, 'F1801230004', 'ALKES-49', 'ALKES-49', 'Sarung tangan UK M ', '2027-03-20', '1500', 'PCS', 'PCS', 1, 51, '76500', 0),
(447, 'F1801230004', 'ALKES-50', 'ALKES-50', 'Sarung tangan UK L', '2027-03-20', '1500', 'PCS', 'PCS', 1, 37, '55500', 0),
(448, 'F1801230004', 'ALKES-51', 'ALKES-51', 'Sarung tangan UK S', '2027-03-20', '1500', 'PCS', 'PCS', 1, 35, '52500', 0),
(693, 'F2701230013', 'OBAT-305', 'OBAT-305', 'Kalpanak cream ', '2024-11-30', '19532', 'Tube', 'Tube', 1, 1, '19532', 0),
(694, 'F2701230013', 'OBAT-306', 'OBAT-306', 'My baby powder 100 fresh fruity ', '2026-04-30', '5615', 'Botol', 'Botol', 1, 1, '5615', 0),
(695, 'F2701230013', 'OBAT-307', 'OBAT-307', 'My baby powder 100 soft gentle biru', '2026-03-31', '5615', 'Botol', 'Botol', 1, 1, '5615', 0),
(696, 'F2701230013', 'OBAT-308', 'OBAT-308', 'My baby powder 100 ef telon plus', '2025-10-31', '5615', 'Botol', 'Botol', 1, 1, '5615', 0),
(697, 'F2701230013', 'OBAT-309', 'OBAT-309', 'My baby powder 100 sf pink ', '2025-11-30', '5615', 'Botol', 'Botol', 1, 1, '5615', 0),
(698, 'F2701230013', 'OBAT-310', 'OBAT-310', 'My baby powder 50 fresh fruity ', '2025-12-31', '2697', 'Botol', 'Botol', 1, 1, '2697', 0),
(699, 'F2701230013', 'OBAT-311', 'OBAT-311', 'My baby powder 50 sf pink', '2026-04-30', '2697', 'Botol', 'Botol', 1, 1, '2697', 0),
(700, 'F2701230013', 'OBAT-312', 'OBAT-312', 'My baby powder 50 soft gentle biru', '2026-01-31', '2697', 'Botol', 'Botol', 1, 1, '2697', 0),
(701, 'F2701230013', 'OBAT-313', 'OBAT-313', 'My baby powder 50 telon plus ', '2025-10-31', '2697', 'Botol', 'Botol', 1, 1, '2697', 0),
(702, 'F2701230013', 'OBAT-314', 'OBAT-314', 'My baby powder 75 telon plus ', '2025-05-31', '4534', 'Botol', 'Botol', 1, 1, '4534', 0),
(703, 'F2701230013', 'OBAT-315', 'OBAT-315', 'Plossa citrus herbal ', '2024-09-30', '9318', 'PCS', 'PCS', 1, 2, '18636', 0),
(704, 'F2701230013', 'OBAT-316', 'OBAT-316', 'Curcuma sharpy blackurrant ', '2024-09-30', '12400', 'Botol', 'Botol', 1, 1, '12400', 0),
(705, 'F2701230013', 'OBAT-317', 'OBAT-317', 'Curcuma sharpy strawbery', '2024-09-30', '12400', 'Botol', 'Botol', 1, 1, '12400', 0),
(706, 'F2701230013', 'OBAT-318', 'OBAT-318', 'Curvit syr', '2024-08-31', '23350', 'Botol', 'Botol', 1, 1, '23350', 0),
(707, 'F2701230013', 'OBAT-319', 'OBAT-319', 'Ferriz drop', '2024-03-31', '35000', 'Botol', 'Botol', 1, 2, '70000', 0),
(708, 'F2701230013', 'OBAT-320', 'OBAT-320', 'Ferriz syr', '2025-09-30', '35000', 'Botol', 'Botol', 1, 1, '35000', 0),
(709, 'F2701230013', 'OBAT-321', 'OBAT-321', 'Lelap 3x4 kap', '2025-09-30', '13067', 'PCS', 'PCS', 1, 3, '39201', 0),
(710, 'F2701230013', 'OBAT-322', 'OBAT-322', 'Mastin ', '2026-10-31', '83000', 'Botol', 'Botol', 1, 1, '83000', 0),
(711, 'F2701230013', 'OBAT-323', 'OBAT-323', 'Plossa mini eucalyptus', '2024-10-31', '5350', 'PCS', 'PCS', 1, 2, '10700', 0),
(712, 'F2701230013', 'OBAT-324', 'OBAT-324', 'Plossa mini red hot ', '2024-08-31', '5350', 'PCS', 'PCS', 1, 2, '10700', 0),
(713, 'F2701230013', 'OBAT-325', 'OBAT-325', 'Plossa red hot besar', '2024-09-30', '9318', 'PCS', 'PCS', 1, 2, '18636', 0),
(714, 'F2701230013', 'OBAT-326', 'OBAT-326', 'Plossa eucalyptus besar', '2024-11-30', '9318', 'PCS', 'PCS', 1, 2, '18636', 0),
(715, 'F2701230013', 'OBAT-327', 'OBAT-327', 'Paratusin syr 60ml ', '2024-06-30', '30200', 'Botol', 'Botol', 1, 1, '30200', 0),
(716, 'F2701230013', 'OBAT-328', 'OBAT-328', 'OBH Combi anak 60ml apel ', '2024-12-31', '12500', 'Botol', 'Botol', 1, 2, '25000', 0),
(717, 'F2701230013', 'OBAT-329', 'OBAT-329', 'OBH Combi anak 60ml orange ', '2024-11-30', '12500', 'Botol', 'Botol', 1, 2, '25000', 0),
(718, 'F2701230013', 'OBAT-330', 'OBAT-330', 'OBH Combi anak 60ml strawberry ', '2024-12-31', '12500', 'Botol', 'Botol', 1, 2, '25000', 0),
(719, 'F2701230013', 'OBAT-331', 'OBAT-331', 'OBH Combi plus 100 mentol dewasa', '2024-08-31', '15300', 'Botol', 'Botol', 1, 2, '30600', 0),
(720, 'F2701230013', 'OBAT-332', 'OBAT-332', 'OBH Combi 60ml jahe dewasa', '2024-06-30', '11000', 'Botol', 'Botol', 1, 2, '22000', 0),
(721, 'F2701230013', 'OBAT-333', 'OBAT-333', 'OBH Combi 100ml jahe dewasa', '2024-07-31', '15300', 'Botol', 'Botol', 1, 2, '30600', 0),
(722, 'F2701230013', 'OBAT-334', 'OBAT-334', 'OBH Combi 100ml madu dewasa', '2024-06-30', '15300', 'Botol', 'Botol', 1, 2, '30600', 0),
(723, 'F2701230013', 'OBAT-335', 'OBAT-335', 'OBH Combi 60ml madu dewasa', '2024-06-30', '11000', 'Botol', 'Botol', 1, 2, '22000', 0),
(724, 'F2701230013', 'OBAT-336', 'OBAT-336', 'OBH Combi antitusive 60ml ', '2024-07-31', '12784', 'Botol', 'Botol', 1, 2, '25568', 0),
(725, 'F2701230013', 'OBAT-337', 'OBAT-337', 'Vick 44 dewasa 100ml', '2024-06-30', '21962', 'Botol', 'Botol', 1, 2, '43924', 0),
(726, 'F2701230013', 'OBAT-338', 'OBAT-338', 'Komix herbal jahe sach ', '2024-01-31', '1415', 'PCS', 'PCS', 1, 6, '8490', 0),
(727, 'F2701230013', 'OBAT-339', 'OBAT-339', 'Komix herbal jeruk nipis', '2024-02-29', '1415', 'PCS', 'PCS', 1, 6, '8490', 0),
(728, 'F2701230013', 'OBAT-340', 'OBAT-340', 'Komix herbal lemon ', '2024-01-31', '1360', 'PCS', 'PCS', 1, 4, '5440', 0),
(729, 'F2701230013', 'OBAT-341', 'OBAT-341', 'Renovit gold strip', '2024-03-31', '10629', 'PCS', 'PCS', 1, 3, '31887', 0),
(730, 'F2701230013', 'OBAT-342', 'OBAT-342', 'Safecare euca kayu putih rool on ', '2026-07-01', '11628', 'PCS', 'PCS', 1, 2, '23256', 0),
(731, 'F2701230013', 'OBAT-343', 'OBAT-343', 'Safecare strong aromatherapy ', '2025-04-01', '13566', 'PCS', 'PCS', 1, 2, '27132', 0),
(732, 'F2701230013', 'OBAT-345', 'OBAT-345', 'Momilen nursing ', '2025-06-30', '22727', 'Tube', 'Tube', 1, 1, '22727', 0),
(733, 'F2701230013', 'OBAT-346', 'OBAT-346', 'Momilen diaper baby', '2025-08-31', '22727', 'Tube', 'Tube', 1, 1, '22727', 0),
(734, 'F3001230014', 'OBAT-347', 'OBAT-347', 'Metronidazole tablet 500mg ', '2026-09-30', '2508', 'Tablet', 'Tablet', 1, 10, '25080', 0),
(735, 'F3001230014', 'OBAT-348', 'OBAT-348', 'Attapulgit tab ', '2024-09-30', '2923', 'Tablet', 'Tablet', 1, 10, '29230', 0),
(736, 'F3001230014', 'OBAT-349', 'OBAT-349', 'Furosemide 40mg ', '2024-11-30', '2536', 'Tablet', 'Tablet', 1, 10, '25360', 0),
(737, 'F3001230014', 'OBAT-350', 'OBAT-350', 'Roverton kap', '2026-10-31', '1765', 'Kapsul', 'Kapsul', 1, 10, '17650', 0),
(738, 'F3001230014', 'OBAT-351', 'OBAT-351', 'Polysilane susp 100ml ', '2025-07-31', '10000', 'Botol', 'Botol', 1, 2, '20000', 0),
(739, 'F3001230014', 'OBAT-352', 'OBAT-352', 'Polysilane tablet ', '2024-07-31', '7600', 'PCS', 'PCS', 1, 5, '38000', 0),
(740, 'F3001230014', 'OBAT-353', 'OBAT-353', 'Proris susp forte', '2024-08-31', '27000', 'Botol', 'Botol', 1, 2, '54000', 0),
(741, 'F3001230014', 'OBAT-356', 'OBAT-356', 'Paratusin tab', '2024-10-31', '12233', 'Tablet', 'Tablet', 1, 20, '244660', 0),
(766, 'F3101230017', 'ALKES-58', 'ALKES-58', 'Masker KN 95 Pro ', '2030-12-31', '10000', 'PCS', 'PCS', 1, 4, '40000', 0),
(767, 'F3101230017', 'ALKES-59', 'ALKES-59', 'Masker KF 94', '2030-12-31', '10000', 'PCS', 'PCS', 1, 5, '50000', 0),
(768, 'F3101230017', 'ALKES-60', 'ALKES-60', 'Masker Duckbil care warna ', '2030-12-31', '22500', 'PCS', 'PCS', 1, 2, '45000', 0),
(886, 'F1801230005', 'OBAT-106', 'OBAT-106', 'Tolak angin ', '2024-06-30', '3125', 'PCS', 'PCS', 1, 14, '43750', 0),
(887, 'F1801230005', 'OBAT-107', 'OBAT-107', 'Lactacyd baby 60ml biru', '2024-02-29', '26193', 'Botol', 'Botol', 1, 1, '26193', 0),
(888, 'F1801230005', 'OBAT-108', 'OBAT-108', 'Bagus kapur semut', '2024-12-31', '2943', 'PCS', 'PCS', 1, 18, '52974', 0),
(889, 'F1801230005', 'OBAT-109', 'OBAT-109', 'Fiesta 3 max dotted', '2026-12-31', '10930', 'PCS', 'PCS', 1, 1, '10930', 0),
(890, 'F1801230005', 'OBAT-110', 'OBAT-110', 'Fiesta 3 ultra safe', '2025-12-31', '10930', 'PCS', 'PCS', 1, 1, '10930', 0),
(891, 'F1801230005', 'OBAT-111', 'OBAT-111', 'Durex 3 performa ', '2027-01-31', '26659', 'PCS', 'PCS', 1, 1, '26659', 0),
(892, 'F1801230005', 'OBAT-112', 'OBAT-112', 'Durex 3 closefit', '2026-12-31', '19357', 'PCS', 'PCS', 1, 1, '19357', 0),
(893, 'F1801230005', 'OBAT-113', 'OBAT-113', 'Durex 2 invisible ', '2026-11-30', '32834', 'PCS', 'PCS', 1, 1, '32834', 0),
(894, 'F1801230005', 'OBAT-114', 'OBAT-114', 'CDR Jeruk ', '2024-02-29', '41489', 'Botol', 'Botol', 1, 1, '41489', 0),
(895, 'F1801230005', 'OBAT-115', 'OBAT-115', 'Cazetin drops ', '2024-07-30', '18000', 'PCS', 'PCS', 1, 2, '36000', 0),
(896, 'F1801230005', 'OBAT-116', 'OBAT-116', 'Amoxilin dry sirup nova ', '2024-08-31', '4300', 'Botol', 'Botol', 1, 2, '8600', 0),
(897, 'F1801230005', 'OBAT-117', 'OBAT-117', 'Betadine kumur 190ml ', '2024-07-31', '30659', 'Botol', 'Botol', 1, 1, '30659', 0),
(898, 'F1801230005', 'OBAT-118', 'OBAT-118', 'Alletrol comp eye drop ', '2024-01-31', '14616', 'Botol', 'Botol', 1, 2, '29232', 0),
(899, 'F1801230005', 'OBAT-119', 'OBAT-119', 'Cendo xytrol 5ml ', '2024-12-31', '30248', 'Botol', 'Botol', 1, 1, '30248', 0),
(900, 'F1801230005', 'OBAT-127', 'OBAT-127', 'Allopurinol 100mg ', '2024-08-31', '4275', 'Strip', 'Strip', 1, 10, '42750', 0),
(901, 'F1801230005', 'OBAT-121', 'OBAT-121', 'Amplodipine 10mg ', '2024-06-30', '3400', 'Strip', 'Strip', 1, 9, '30600', 0),
(902, 'F1801230005', 'OBAT-122', 'OBAT-122', 'Amplodipine 5mg', '2027-02-28', '2200', 'Strip', 'Strip', 1, 4, '8800', 0),
(903, 'F1801230005', 'OBAT-123', 'OBAT-123', 'Captopril 25mg dexa ', '2025-04-30', '1312', 'Strip', 'Strip', 1, 10, '13120', 0),
(904, 'F1801230005', 'OBAT-124', 'OBAT-124', 'Captopril 12,5mg dexa ', '2026-03-31', '970', 'Strip', 'Strip', 1, 10, '9700', 0),
(905, 'F1801230005', 'OBAT-125', 'OBAT-125', 'Ciprofloxacin 500mg', '2026-07-31', '4300', 'Strip', 'Strip', 1, 9, '38700', 0),
(906, 'F1801230005', 'OBAT-126', 'OBAT-126', 'Cetirizine 10mg ', '2024-07-31', '1765', 'Strip', 'Strip', 1, 6, '10590', 0),
(907, 'F1801230005', 'OBAT-127', 'OBAT-127', 'Allopurinol 100mg ', '2024-09-30', '1766', 'Strip', 'Strip', 1, 10, '17660', 0),
(908, 'F1801230005', 'OBAT-128', 'OBAT-128', 'Ambroxol 30mg tab ', '2024-09-30', '1030', 'Strip', 'Strip', 1, 6, '6180', 0),
(909, 'F1801230005', 'OBAT-129', 'OBAT-129', 'Cefixime 100mg ', '2025-05-31', '7350', 'Strip', 'Strip', 1, 10, '73500', 0),
(910, 'F1801230005', 'OBAT-130', 'OBAT-130', 'Piroxicam 10mg ', '2027-04-30', '1575', 'Strip', 'Strip', 1, 10, '15750', 0),
(911, 'F1801230005', 'OBAT-131', 'OBAT-131', 'Piroxicam 20mg ', '2027-06-30', '1791', 'Strip', 'Strip', 1, 10, '17910', 0),
(912, 'F1801230005', 'OBAT-132', 'OBAT-132', 'Glibenclamide 5mg ', '2024-08-31', '1541', 'Strip', 'Strip', 1, 8, '12328', 0),
(913, 'F1801230005', 'OBAT-134', 'OBAT-134', 'Omeprazole 20mg ', '2024-04-30', '3296', 'Strip', 'Strip', 1, 10, '32960', 0),
(914, 'F1801230005', 'OBAT-135', 'OBAT-135', 'Amoxilin 500mg ', '2024-07-31', '4262', 'Strip', 'Strip', 1, 18, '76716', 0),
(915, 'F1801230005', 'OBAT-136', 'OBAT-136', 'Cataflam 25mg', '2024-12-31', '33999', 'Strip', 'Strip', 1, 4, '135996', 0),
(916, 'F1801230005', 'OBAT-137', 'OBAT-137', 'Cefadroxile 500mg', '2027-01-31', '7250', 'Strip', 'Strip', 1, 10, '72500', 0),
(917, 'F1801230005', 'OBAT-138', 'OBAT-138', 'Dexteem plus tab ', '2026-08-31', '2575', 'Strip', 'Strip', 1, 4, '10300', 0),
(918, 'F1801230005', 'OBAT-139', 'OBAT-139', 'Diane-35tab ', '2025-03-31', '145529', 'Strip', 'Strip', 1, 1, '145529', 0),
(919, 'F1801230005', 'OBAT-140', 'OBAT-140', 'Peditox', '2024-07-31', '8154', 'Botol', 'Botol', 1, 3, '24462', 0),
(920, 'F1801230005', 'OBAT-141', 'OBAT-141', 'Ibu profen 200mg ', '2027-07-31', '1917', 'Strip', 'Strip', 1, 9, '17253', 0),
(921, 'F1801230005', 'OBAT-142', 'OBAT-142', 'Bioplacenton jelly ', '2024-06-30', '23177', 'Tube', 'Tube', 1, 3, '69531', 0),
(922, 'F1801230005', 'OBAT-143', 'OBAT-143', 'Mometasone furoate 5gr', '2025-04-30', '11388', 'Tube', 'Tube', 1, 2, '22776', 0),
(923, 'F1801230005', 'OBAT-144', 'OBAT-144', 'Cendo catarlent 15ml', '2024-02-29', '31274', 'Botol', 'Botol', 1, 1, '31274', 0),
(924, 'F1801230005', 'OBAT-145', 'OBAT-145', 'Erlamycetin tetes mata ', '2024-01-31', '8973', 'Botol', 'Botol', 1, 2, '17946', 0),
(925, 'F1801230005', 'OBAT-146', 'OBAT-146', 'Bufacomp cr 5gr', '2026-08-31', '22755', 'Tube', 'Tube', 1, 2, '45510', 0),
(926, 'F1801230005', 'OBAT-147', 'OBAT-147', 'Cendo augentonic ', '2025-07-31', '27889', 'Botol', 'Botol', 1, 1, '27889', 0),
(927, 'F1801230005', 'OBAT-148', 'OBAT-148', 'Cendo Astenof ', '2024-11-30', '23310', 'Botol', 'Botol', 1, 1, '23310', 0),
(928, 'F1801230005', 'OBAT-149', 'OBAT-149', 'Betadine kumur 100ml ', '2025-04-30', '21978', 'Botol', 'Botol', 1, 2, '43956', 0),
(929, 'F1901230006', 'OBAT-150', 'OBAT-150', 'Fitkom gummy fruit & veggie ', '2023-10-31', '13600', 'Box', 'Box', 1, 1, '13600', 0),
(930, 'F1901230006', 'OBAT-151', 'OBAT-151', 'Carmed cr 10 40gr', '2025-07-31', '32500', 'Tube', 'Tube', 1, 1, '32500', 0),
(931, 'F1901230006', 'OBAT-152', 'OBAT-152', 'Betametasone ', '2024-09-30', '2800', 'Tube', 'Tube', 1, 8, '22400', 0),
(932, 'F1901230006', 'OBAT-153', 'OBAT-153', 'Carmed cr 20 40gr', '2025-06-30', '41185', 'Tube', 'Tube', 1, 1, '41185', 0),
(933, 'F1901230006', 'OBAT-154', 'OBAT-154', 'CTM Pt pim ', '2027-07-31', '1425', 'Strip', 'Strip', 1, 23, '32775', 0),
(934, 'F1901230006', 'OBAT-155', 'OBAT-155', 'FG Troches ', '2025-05-31', '13333', 'Strip', 'Strip', 1, 9, '119997', 0),
(935, 'F1901230006', 'OBAT-156', 'OBAT-156', 'Betahistine 6mg', '2024-04-30', '8392', 'Strip', 'Strip', 1, 10, '83920', 0),
(936, 'F1901230006', 'OBAT-157', 'OBAT-157', 'Acyclovir 200mg tab', '2025-05-31', '5557', 'Strip', 'Strip', 1, 10, '55570', 0),
(937, 'F1901230006', 'OBAT-158', 'OBAT-158', 'Cimitidine 200mg ', '2024-11-30', '3873', 'Strip', 'Strip', 1, 10, '38730', 0),
(938, 'F1901230006', 'OBAT-159', 'OBAT-159', 'Clindamicin 300mg', '2025-05-31', '10650', 'Strip', 'Strip', 1, 5, '53250', 0),
(939, 'F1901230006', 'OBAT-160', 'OBAT-160', 'Acetylcystein 200mg', '2024-05-31', '10000', 'Strip', 'Strip', 1, 10, '100000', 0),
(940, 'F1901230006', 'OBAT-161', 'OBAT-161', 'MKP Lang 15ml ', '2027-05-31', '4917', 'Botol', 'Botol', 1, 2, '9834', 0);
INSERT INTO `pembelian_langsung_detail` (`idd`, `nomor_faktur`, `kode_item`, `sku`, `nama_item`, `tgl_expired`, `harga`, `satuan_besar`, `satuan_kecil`, `konversi`, `kuantiti`, `total_harga`, `diskon`) VALUES
(941, 'F1901230006', 'OBAT-162', 'OBAT-162', 'MKP Lang 30ml ', '2027-08-31', '9000', 'Botol', 'Botol', 1, 1, '9000', 0),
(942, 'F1901230006', 'OBAT-163', 'OBAT-163', 'Nebacetine powder ', '2025-08-31', '20000', 'Botol', 'Botol', 1, 3, '60000', 0),
(943, 'F1901230006', 'OBAT-164', 'OBAT-164', 'Scabimite cr 30gr', '2025-05-31', '77500', 'Tube', 'Tube', 1, 1, '77500', 0),
(944, 'F1901230006', 'OBAT-165', 'OBAT-165', 'Scabimite cr 10gr', '2025-06-30', '46500', 'Tube', 'Tube', 1, 1, '46500', 0),
(945, 'F1901230006', 'OBAT-166', 'OBAT-166', 'Neuropyron v tab ', '2024-08-31', '9500', 'Strip', 'Strip', 1, 9, '85500', 0),
(946, 'F1901230006', 'OBAT-167', 'OBAT-167', 'Ranitidine tab hexapram ', '2024-08-31', '2300', 'Strip', 'Strip', 1, 10, '23000', 0),
(947, 'F1901230006', 'OBAT-168', 'OBAT-168', 'Salbutamol 2mg ', '2025-05-31', '1800', 'Strip', 'Strip', 1, 9, '16200', 0),
(948, 'F1901230006', 'OBAT-169', 'OBAT-169', 'Salbutamol 4mg ', '2024-03-31', '1200', 'Strip', 'Strip', 1, 10, '12000', 0),
(949, 'F1901230006', 'OBAT-170', 'OBAT-170', 'Metformin 500mg ', '2024-08-31', '2000', 'Strip', 'Strip', 1, 20, '40000', 0),
(950, 'F1901230006', 'OBAT-171', 'OBAT-171', 'Ondansetron 4mg', '2024-05-31', '14000', 'Strip', 'Strip', 1, 5, '70000', 0),
(951, 'F1901230006', 'OBAT-172', 'OBAT-172', 'Thrombophob hijau oint', '2026-04-30', '42500', 'Tube', 'Tube', 1, 1, '42500', 0),
(952, 'F1901230006', 'OBAT-173', 'OBAT-173', 'Thrombophob kecil 10gr', '2026-07-31', '37500', 'Tube', 'Tube', 1, 1, '37500', 0),
(953, 'F1901230006', 'OBAT-174', 'OBAT-174', 'Stimuno forte kaps', '2023-08-31', '70550', 'Botol', 'Botol', 1, 2, '141100', 0),
(954, 'F1901230006', 'OBAT-175', 'OBAT-175', 'Transpulmin kids 20gr', '2025-06-30', '61000', 'Tube', 'Tube', 1, 1, '61000', 0),
(955, 'F1901230006', 'OBAT-176', 'OBAT-176', 'Thrombophob merah gel 20gr', '2026-04-30', '53500', 'Tube', 'Tube', 1, 1, '53500', 0),
(956, 'F1901230006', 'OBAT-177', 'OBAT-177', 'SP Troches strawbery', '2025-04-30', '9943', 'PCS', 'PCS', 1, 2, '19886', 0),
(957, 'F1901230006', 'OBAT-178', 'OBAT-178', 'SP Troches melon', '2025-04-30', '9943', 'PCS', 'PCS', 1, 2, '19886', 0),
(958, 'F1901230006', 'OBAT-179', 'OBAT-179', 'Voltadex 50mg', '2025-02-28', '4500', 'Strip', 'Strip', 1, 2, '9000', 0),
(959, 'F1901230006', 'OBAT-188', 'OBAT-188', 'Ketokonazole tab', '2025-01-31', '6364', 'Strip', 'Strip', 1, 11, '70004', 0),
(960, 'F1901230006', 'OBAT-181', 'OBAT-181', 'Kejibeling', '2026-09-30', '4318', 'Strip', 'Strip', 1, 10, '43180', 0),
(961, 'F1901230006', 'OBAT-182', 'OBAT-182', 'Ichtiol zalf ', '2026-08-31', '4804', 'Botol', 'Botol', 1, 12, '57648', 0),
(962, 'F1901230006', 'OBAT-183', 'OBAT-183', 'Hot cream 60ml putih', '2024-06-30', '12400', 'Botol', 'Botol', 1, 2, '24800', 0),
(963, 'F1901230006', 'OBAT-184', 'OBAT-184', 'Hot cream strong tube 60ml', '2025-05-31', '15700', 'Tube', 'Tube', 1, 1, '15700', 0),
(964, 'F1901230006', 'OBAT-185', 'OBAT-185', 'Hot cream tube 60ml', '2025-07-31', '15700', 'Tube', 'Tube', 1, 1, '15700', 0),
(965, 'F1901230006', 'OBAT-186', 'OBAT-186', 'Hot cream aromatherapy tube 60ml', '2025-08-31', '15700', 'Tube', 'Tube', 1, 1, '15700', 0),
(966, 'F1901230006', 'OBAT-187', 'OBAT-187', 'Likokalk capl', '2027-08-31', '2200', 'Strip', 'Strip', 1, 9, '19800', 0),
(967, 'F1901230006', 'OBAT-188', 'OBAT-188', 'Ketokonazole tab', '2025-02-28', '4800', 'Strip', 'Strip', 1, 5, '24000', 0),
(968, 'F1901230006', 'OBAT-189', 'OBAT-189', 'Methylpredinsolone 4mg', '2024-06-30', '1690', 'Strip', 'Strip', 1, 8, '13520', 0),
(969, 'F1901230007', 'OBAT-190', 'OBAT-190', 'Betason-N cr 5gr', '2025-05-31', '14800', 'Tube', 'Tube', 1, 3, '44400', 0),
(970, 'F1901230007', 'OBAT-191', 'OBAT-191', 'Chloramfecort cream 10gr', '2024-02-29', '13226', 'Tube', 'Tube', 1, 3, '39678', 0),
(971, 'F1901230007', 'OBAT-192', 'OBAT-192', 'Erlamycetin plus tetes mata ', '2024-02-29', '11000', 'Botol', 'Botol', 1, 1, '11000', 0),
(972, 'F1901230007', 'OBAT-193', 'OBAT-193', 'Genoint tetes mata', '2024-05-31', '8416', 'Botol', 'Botol', 1, 1, '8416', 0),
(973, 'F1901230007', 'OBAT-194', 'OBAT-194', 'Dumin tab', '2023-12-31', '5080', 'Strip', 'Strip', 1, 10, '50800', 0),
(974, 'F1901230007', 'OBAT-195', 'OBAT-195', 'Sanmol tab', '2024-04-30', '1500', 'Strip', 'Strip', 1, 41, '61500', 0),
(975, 'F1901230007', 'OBAT-197', 'OBAT-197', 'Glimepiride 2mg ', '2026-05-31', '2120', 'Strip', 'Strip', 1, 17, '36040', 0),
(976, 'F1901230007', 'OBAT-198', 'OBAT-198', 'Sangobion ', '2024-04-30', '15500', 'Strip', 'Strip', 1, 25, '387500', 0),
(977, 'F1901230007', 'ALKES-52', 'ALKES-52', 'Handsaplast kids mickey and freinds ', '2023-11-30', '7651', 'PCS', 'PCS', 1, 2, '15302', 0),
(978, 'F1901230007', 'ALKES-53', 'ALKES-53', 'Handsaplast kids marvel avendgers', '2023-11-30', '8263', 'PCS', 'PCS', 1, 2, '16526', 0),
(979, 'F1901230007', 'ALKES-54', 'ALKES-54', 'Handsaplast kids disney princes', '2023-11-30', '7651', 'PCS', 'PCS', 1, 2, '15302', 0),
(980, 'F1901230007', 'ALKES-55', 'ALKES-55', 'Handsaplast transparan ', '2024-07-31', '6948', 'PCS', 'PCS', 1, 2, '13896', 0),
(981, 'F1901230007', 'OBAT-196', 'OBAT-196', 'Mefenamid acid ', '2024-08-31', '2350', 'Strip', 'Strip', 1, 20, '47000', 0),
(982, 'F1901230007', 'OBAT-199', 'OBAT-199', 'Domperidone tab', '2024-06-30', '3666', 'Strip', 'Strip', 1, 10, '36660', 0),
(983, 'F1901230007', 'OBAT-200', 'OBAT-200', 'Dexaharsen 0,5mg', '2026-04-30', '1843', 'Strip', 'Strip', 1, 20, '36860', 0),
(984, 'F1901230007', 'OBAT-201', 'OBAT-201', 'Dexaharsen 0,75mg', '2026-03-31', '2090', 'Strip', 'Strip', 1, 20, '41800', 0),
(985, 'F2401230008', 'OBAT-203', 'OBAT-203', 'Stimuno sirup grape 60ml ', '2024-07-31', '24850', 'Botol', 'Botol', 1, 2, '49700', 0),
(986, 'F2401230008', 'OBAT-204', 'OBAT-204', 'Vit C Ipi ', '2024-04-30', '4900', 'Botol', 'Botol', 1, 6, '29400', 0),
(987, 'F2401230008', 'ALKES-56', 'ALKES-56', 'Oxycan green ', '2024-10-31', '36470', 'Botol', 'Botol', 1, 2, '72940', 0),
(988, 'F2401230008', 'OBAT-205', 'OBAT-205', 'Promagh suspensi ', '2024-05-31', '10000', 'Botol', 'Botol', 1, 3, '30000', 0),
(989, 'F2401230008', 'OBAT-206', 'OBAT-206', 'Bisolvon kids ', '2024-08-31', '37237', 'Botol', 'Botol', 1, 2, '74474', 0),
(990, 'F2401230008', 'OBAT-207', 'OBAT-207', 'Panadol capl ', '2025-10-31', '8902', 'Strip', 'Strip', 1, 10, '89020', 0),
(991, 'F2501230009', 'OBAT-208', 'OBAT-208', 'Promagh herbal ', '2024-06-30', '1800', 'PCS', 'PCS', 1, 6, '10800', 0),
(992, 'F2501230009', 'OBAT-209', 'OBAT-209', 'Tolak angin flu ', '2024-07-31', '3458', 'PCS', 'PCS', 1, 24, '82992', 0),
(993, 'F2501230009', 'OBAT-210', 'OBAT-210', 'Tolak angin anak ', '2024-06-30', '2417', 'PCS', 'PCS', 1, 12, '29004', 0),
(994, 'F2501230009', 'OBAT-211', 'OBAT-211', 'Tolak linu 15ml coklat', '2024-05-31', '1028', 'PCS', 'PCS', 1, 24, '24672', 0),
(995, 'F2501230009', 'OBAT-212', 'OBAT-212', 'CDR Fortos', '2024-04-30', '42319', 'Botol', 'Botol', 1, 2, '84638', 0),
(996, 'F2501230009', 'OBAT-213', 'OBAT-213', 'Frescare 10ml citrus ', '2025-06-30', '12832', 'Botol', 'Botol', 1, 2, '25664', 0),
(997, 'F2501230009', 'OBAT-214', 'OBAT-214', 'Frescare 10ml Strong ', '2025-07-31', '12832', 'Botol', 'Botol', 1, 2, '25664', 0),
(998, 'F2501230009', 'OBAT-215', 'OBAT-215', 'Frescare 10ml lavender ', '2025-05-31', '12832', 'Botol', 'Botol', 1, 2, '25664', 0),
(999, 'F2501230009', 'OBAT-216', 'OBAT-216', 'Safecare 10ml original ', '2026-08-15', '12832', 'Botol', 'Botol', 1, 3, '38496', 0),
(1000, 'F2501230009', 'OBAT-217', 'OBAT-217', 'Medicated hijau 6ml ', '2025-10-31', '9990', 'Botol', 'Botol', 1, 2, '19980', 0),
(1001, 'F2501230009', 'OBAT-218', 'OBAT-218', 'Medicated hijau 40ml ', '2025-09-30', '37740', 'Botol', 'Botol', 1, 2, '75480', 0),
(1002, 'F2501230009', 'OBAT-219', 'OBAT-219', 'Medicated hijau 20ml ', '2025-10-31', '23310', 'Botol', 'Botol', 1, 2, '46620', 0),
(1003, 'F2501230009', 'OBAT-220', 'OBAT-220', 'Medicated hijau 12ml ', '2025-09-30', '16650', 'Botol', 'Botol', 1, 2, '33300', 0),
(1004, 'F2501230009', 'KOS-235', 'KOS-235', 'Marck teens 12gr', '2027-07-31', '22200', 'PCS', 'PCS', 1, 2, '44400', 0),
(1005, 'F2501230009', 'ALKES-57', 'ALKES-57', 'Handsaplast ', '2025-06-30', '283', 'PCS', 'PCS', 1, 100, '28300', 0),
(1006, 'F2501230009', 'OBAT-221', 'OBAT-221', 'SM C Lemon ', '2025-09-30', '8000', 'Botol', 'Botol', 1, 10, '80000', 0),
(1007, 'F2501230009', 'OBAT-222', 'OBAT-222', 'Imboost tab ', '2025-09-30', '35453', 'Strip', 'Strip', 1, 5, '177265', 0),
(1008, 'F2501230009', 'OBAT-223', 'OBAT-223', 'Alba pastiles', '2024-05-31', '10850', 'PCS', 'PCS', 1, 6, '65100', 0),
(1009, 'F2501230009', 'OBAT-224', 'OBAT-224', 'Imboost kids 21 tablet hisap ', '2024-11-30', '29082', 'Botol', 'Botol', 1, 1, '29082', 0),
(1010, 'F2501230009', 'OBAT-225', 'OBAT-225', 'Imboost syr 60ml ori ', '2024-09-30', '35409', 'Botol', 'Botol', 1, 1, '35409', 0),
(1011, 'F2501230009', 'OBAT-226', 'OBAT-226', 'Mucos sirup 60ml ', '2024-09-30', '18315', 'Botol', 'Botol', 1, 1, '18315', 0),
(1012, 'F2501230009', 'OBAT-227', 'OBAT-227', 'Mucos drop 20ml ', '2026-02-28', '38295', 'Botol', 'Botol', 1, 1, '38295', 0),
(1013, 'F2501230009', 'OBAT-228', 'OBAT-228', 'Neurobion biru', '2024-12-31', '22332', 'Strip', 'Strip', 1, 5, '111660', 0),
(1014, 'F2501230009', 'OBAT-229', 'OBAT-229', 'Vastigo 6mg', '2024-06-30', '11700', 'Strip', 'Strip', 1, 10, '117000', 0),
(1015, 'F2501230009', 'KOS-236', 'KOS-236', 'Selection kapas 75gr', '2027-10-31', '12182', 'PCS', 'PCS', 1, 12, '146184', 0),
(1016, 'F2501230009', 'OBAT-230', 'OBAT-230', 'Dumin syr strawberry 60ml', '2027-05-31', '27499', 'Botol', 'Botol', 1, 2, '54998', 0),
(1017, 'F2501230010', 'OBAT-231', 'OBAT-231', 'Neuralgin rx kalbe ', '2024-07-31', '8000', 'Strip', 'Strip', 1, 10, '80000', 0),
(1018, 'F2501230010', 'OBAT-232', 'OBAT-232', 'Lopamid ', '2024-08-31', '2102', 'Strip', 'Strip', 1, 10, '21020', 0),
(1019, 'F2501230010', 'OBAT-234', 'OBAT-234', 'Antasidadoen', '2026-10-31', '993', 'Strip', 'Strip', 1, 10, '9930', 0),
(1020, 'F2501230010', 'OBAT-235', 'OBAT-235', 'Bromex ', '2026-11-30', '1458', 'Strip', 'Strip', 1, 10, '14580', 0),
(1021, 'F2501230010', 'OBAT-236', 'OBAT-236', 'Gentamicin ', '2026-09-30', '3854', 'Strip', 'Strip', 1, 3, '11562', 0),
(1022, 'F2501230010', 'OBAT-237', 'OBAT-237', 'Erlamycetin sm eye', '2026-11-30', '8103', 'Tube', 'Tube', 1, 3, '24309', 0),
(1023, 'F2501230010', 'OBAT-238', 'OBAT-238', 'Yusimox syr ', '2025-11-30', '4478', 'Botol', 'Botol', 1, 2, '8956', 0),
(1024, 'F2501230010', 'OBAT-239', 'OBAT-239', 'Hufagrip forte ', '2024-06-30', '4112', 'Strip', 'Strip', 1, 10, '41120', 0),
(1025, 'F2501230010', 'OBAT-240', 'OBAT-240', 'Intunal + Tablet kuning ', '2025-06-30', '2520', 'Strip', 'Strip', 1, 25, '63000', 0),
(1026, 'F2501230010', 'OBAT-241', 'OBAT-241', 'Alpara Kaplet', '2025-10-31', '5949', 'Strip', 'Strip', 1, 15, '89235', 0),
(1027, 'F2501230011', 'OBAT-242', 'OBAT-242', 'Acyclovir cr 5%', '2024-10-31', '3885', 'Tube', 'Tube', 1, 3, '11655', 0),
(1028, 'F2501230011', 'OBAT-243', 'OBAT-243', 'Afolat', '2027-09-30', '1302', 'Strip', 'Strip', 1, 10, '13020', 0),
(1029, 'F2501230011', 'OBAT-245', 'OBAT-245', 'Betadine sol 5ml ', '2026-06-30', '4920', 'Botol', 'Botol', 1, 6, '29520', 0),
(1030, 'F2501230011', 'OBAT-246', 'OBAT-246', 'Natur E Cap 16', '2024-04-30', '3973', 'Strip', 'Strip', 1, 4, '15892', 0),
(1031, 'F2501230011', 'OBAT-247', 'OBAT-247', 'GG Tab 10 x 10', '2025-06-30', '742', 'Strip', 'Strip', 1, 10, '7420', 0),
(1032, 'F2501230011', 'OBAT-248', 'OBAT-248', 'Spasminal ', '2024-07-31', '9500', 'Strip', 'Strip', 1, 10, '95000', 0),
(1033, 'F2501230011', 'OBAT-249', 'OBAT-249', 'Zambux 25gr', '2024-07-31', '33102', 'PCS', 'PCS', 1, 1, '33102', 0),
(1034, 'F2501230011', 'OBAT-250', 'OBAT-250', 'Bersih darah kembang bulan ', '2027-04-30', '12162', 'Botol', 'Botol', 1, 3, '36486', 0),
(1035, 'F2501230011', 'OBAT-251', 'OBAT-251', 'Salep 2-4 15gr', '2027-11-30', '3775', 'Botol', 'Botol', 1, 5, '18875', 0),
(1036, 'F2501230011', 'OBAT-252', 'OBAT-252', 'Hico gell 15gr', '2024-09-30', '13943', 'Tube', 'Tube', 1, 2, '27886', 0),
(1037, 'F2501230011', 'OBAT-253', 'OBAT-253', 'Thermolyte diet sugar', '2024-05-31', '33000', 'PCS', 'PCS', 1, 1, '33000', 0),
(1038, 'F2501230011', 'OBAT-254', 'OBAT-254', 'Thermolyte Plus', '2024-09-30', '57000', 'PCS', 'PCS', 1, 1, '57000', 0),
(1039, 'F2501230011', 'OBAT-255', 'OBAT-255', 'Redoxon DA Blackcur', '2023-07-31', '36902', 'PCS', 'PCS', 1, 1, '36902', 0),
(1040, 'F2501230011', 'OBAT-256', 'OBAT-256', 'Redoxon EF', '2023-12-04', '36902', 'PCS', 'PCS', 1, 1, '36902', 0),
(1041, 'F2501230011', 'OBAT-257', 'OBAT-257', 'Y Rins 2x12ml', '2025-10-31', '15000', 'PCS', 'PCS', 1, 2, '30000', 0),
(1042, 'F2501230011', 'OBAT-258', 'OBAT-258', 'Nephrolit tab ', '2024-08-31', '1725', 'Strip', 'Strip', 1, 20, '34500', 0),
(1043, 'F2501230011', 'OBAT-259', 'OBAT-259', 'Teosal tab ', '2025-04-30', '1221', 'Strip', 'Strip', 1, 10, '12210', 0),
(1044, 'F2501230011', 'OBAT-260', 'OBAT-260', 'Simvasastin 10mg ', '2025-04-30', '2481', 'Strip', 'Strip', 1, 3, '7443', 0),
(1045, 'F2501230011', 'OBAT-261', 'OBAT-261', 'Simvasastin 20mg ', '2024-11-30', '1920', 'Strip', 'Strip', 1, 10, '19200', 0),
(1046, 'F2501230011', 'OBAT-262', 'OBAT-262', 'Proris syr 60ml', '2024-10-31', '23000', 'Botol', 'Botol', 1, 2, '46000', 0),
(1047, 'F2501230011', 'OBAT-263', 'OBAT-263', 'Praxion 120mg syr 60ml', '2024-12-31', '23000', 'Botol', 'Botol', 1, 2, '46000', 0),
(1048, 'F2501230011', 'OBAT-264', 'OBAT-264', 'Sucralfate suspensi 100ml', '2024-10-31', '12473', 'Botol', 'Botol', 1, 1, '12473', 0),
(1049, 'F2501230011', 'OBAT-265', 'OBAT-265', 'Hydrocortisone ', '2024-11-30', '5429', 'Tube', 'Tube', 1, 3, '16287', 0),
(1050, 'F2501230011', 'OBAT-266', 'OBAT-266', 'Guanystrep syr 60ml ', '2026-10-31', '5240', 'Botol', 'Botol', 1, 2, '10480', 0),
(1051, 'F2501230011', 'OBAT-267', 'OBAT-267', 'Zinc sulfate tab ', '2024-10-31', '3800', 'Strip', 'Strip', 1, 10, '38000', 0),
(1052, 'F2501230011', 'OBAT-268', 'OBAT-268', 'Zinc Syr 60ml', '2026-10-31', '4200', 'Botol', 'Botol', 1, 1, '4200', 0),
(1053, 'F2501230011', 'OBAT-269', 'OBAT-269', 'Meloxicam 7,5mg ', '2026-07-31', '2756', 'Strip', 'Strip', 1, 5, '13780', 0),
(1054, 'F2501230011', 'OBAT-270', 'OBAT-270', 'Meloxicam 15mg ', '2025-06-30', '3167', 'Strip', 'Strip', 1, 5, '15835', 0),
(1055, 'F2501230011', 'OBAT-271', 'OBAT-271', 'Bye bye fever baby', '2025-10-31', '5802', 'PCS', 'PCS', 1, 10, '58020', 0),
(1056, 'F2601230012', 'OBAT-272', 'OBAT-272', 'Cap kaki tiga anak strawbery ', '2025-11-30', '4400', 'Botol', 'Botol', 1, 1, '4400', 0),
(1057, 'F2601230012', 'OBAT-273', 'OBAT-273', 'Imunped drops 15ml', '2023-09-30', '48500', 'Botol', 'Botol', 1, 1, '48500', 0),
(1058, 'F2601230012', 'OBAT-274', 'OBAT-274', 'Tropicana slim ', '2025-09-30', '21000', 'PCS', 'PCS', 1, 1, '21000', 0),
(1059, 'F2601230012', 'OBAT-275', 'OBAT-275', 'Mercotin drop 20ml', '2024-08-31', '87028', 'Botol', 'Botol', 1, 1, '87028', 0),
(1060, 'F2601230012', 'OBAT-276', 'OBAT-276', 'Inerson ointment ', '2026-10-31', '88500', 'Tube', 'Tube', 1, 1, '88500', 0),
(1061, 'F2601230012', 'OBAT-277', 'OBAT-277', 'Cap kaki tiga guava ', '2025-07-31', '4900', 'Botol', 'Botol', 1, 2, '9800', 0),
(1062, 'F2601230012', 'OBAT-278', 'OBAT-278', 'Cap kaki tiga grape', '2025-09-30', '4900', 'Botol', 'Botol', 1, 2, '9800', 0),
(1063, 'F2601230012', 'OBAT-279', 'OBAT-279', 'Cap kaki tiga leci', '2025-10-31', '4900', 'Botol', 'Botol', 1, 2, '9800', 0),
(1064, 'F2601230012', 'OBAT-280', 'OBAT-280', 'Cap kaki tiga jeruk nipis ', '2025-09-30', '4900', 'Botol', 'Botol', 1, 2, '9800', 0),
(1065, 'F2601230012', 'OBAT-281', 'OBAT-281', 'Tolak angin permen ', '2024-10-31', '1633', 'PCS', 'PCS', 1, 15, '24495', 0),
(1066, 'F2601230012', 'OBAT-282', 'OBAT-282', 'Vick vap 10gr ', '2024-11-30', '6410', 'PCS', 'PCS', 1, 1, '6410', 0),
(1067, 'F2601230012', 'OBAT-283', 'OBAT-283', 'Strepsil reg merah ', '2024-09-30', '8031', 'PCS', 'PCS', 1, 2, '16062', 0),
(1068, 'F2601230012', 'OBAT-284', 'OBAT-284', 'Antimo tab ', '2027-07-31', '4300', 'Strip', 'Strip', 1, 12, '51600', 0),
(1069, 'F2601230012', 'OBAT-285', 'OBAT-285', 'MKP Lang aromatherapy rose 30ml ', '2026-07-31', '9917', 'Botol', 'Botol', 1, 2, '19834', 0),
(1070, 'F2601230012', 'OBAT-286', 'OBAT-286', 'MKP Lang aromatherapy greentea 30ml ', '2027-01-31', '9917', 'Botol', 'Botol', 1, 2, '19834', 0),
(1071, 'F2601230012', 'OBAT-287', 'OBAT-287', 'MKP Lang aromatherapy original 30ml ', '2027-01-31', '9917', 'Botol', 'Botol', 1, 2, '19834', 0),
(1072, 'F2601230012', 'OBAT-288', 'OBAT-288', 'MKP Lang aromatherapy greentea 60ml ', '2027-01-31', '19084', 'Botol', 'Botol', 1, 2, '38168', 0),
(1073, 'F2601230012', 'OBAT-289', 'OBAT-289', 'MKP Lang aromatherapy original 60ml ', '2027-03-31', '19085', 'Botol', 'Botol', 1, 2, '38170', 0),
(1074, 'F2601230012', 'OBAT-290', 'OBAT-290', 'MKP Lang aromatherapy lavender 60ml ', '2027-05-31', '19086', 'Botol', 'Botol', 1, 2, '38172', 0),
(1075, 'F2601230012', 'OBAT-291', 'OBAT-291', 'Herocyn baby bedak 200gr', '2027-01-31', '11750', 'Botol', 'Botol', 1, 1, '11750', 0),
(1076, 'F2601230012', 'OBAT-292', 'OBAT-292', 'Herocyn baby bedak 100gr', '2027-06-30', '7500', 'Botol', 'Botol', 1, 1, '7500', 0),
(1077, 'F2601230012', 'OBAT-293', 'OBAT-293', 'Entrakid rasa vanila ', '2024-04-30', '49000', 'PCS', 'PCS', 1, 1, '49000', 0),
(1078, 'F2601230012', 'OBAT-294', 'OBAT-294', 'Entrakid rasa coklat', '2024-04-30', '49000', 'PCS', 'PCS', 1, 1, '49000', 0),
(1079, 'F2601230012', 'OBAT-295', 'OBAT-295', 'Bisolvon extra ', '2025-06-30', '40138', 'Botol', 'Botol', 1, 1, '40138', 0),
(1080, 'F2601230012', 'OBAT-296', 'OBAT-296', 'MKP Lang 60ml ', '2027-09-30', '17334', 'Botol', 'Botol', 1, 3, '52002', 0),
(1081, 'F2601230012', 'OBAT-297', 'OBAT-297', 'Freshcare sandalwood 10ml', '2024-05-31', '11560', 'PCS', 'PCS', 1, 2, '23120', 0),
(1082, 'F2601230012', 'OBAT-298', 'OBAT-298', 'Frescare mix eucalyptus 5ml', '2024-05-31', '11560', 'PCS', 'PCS', 1, 2, '23120', 0),
(1083, 'F2601230012', 'OBAT-299', 'OBAT-299', 'Frescare splash fruity 10ml', '2025-08-31', '11560', 'PCS', 'PCS', 1, 2, '23120', 0),
(1084, 'F2601230012', 'OBAT-300', 'OBAT-300', 'Frescare green tea rool on 10ml', '2025-10-31', '11560', 'PCS', 'PCS', 1, 2, '23120', 0),
(1085, 'F2601230012', 'OBAT-301', 'OBAT-301', 'Salonpas hot koyo merah ', '2025-08-31', '5182', 'PCS', 'PCS', 1, 10, '51820', 0),
(1086, 'F2601230012', 'OBAT-302', 'OBAT-302', 'Salonpas superkoyo', '2025-08-31', '5182', 'PCS', 'PCS', 1, 10, '51820', 0),
(1087, 'F2601230012', 'OBAT-303', 'OBAT-303', 'Strepsil cool', '2025-04-30', '16061', 'PCS', 'PCS', 1, 2, '32122', 0),
(1088, 'F2601230012', 'OBAT-304', 'OBAT-304', 'Strepsil lemon kuning ', '2024-12-31', '16061', 'PCS', 'PCS', 1, 2, '32122', 0),
(1089, 'F3001230015', 'OBAT-355', 'OBAT-355', 'Bodrex migra ', '2025-09-30', '2050', 'Strip', 'Strip', 1, 25, '51250', 0),
(1090, 'F3001230015', 'KOS-237', 'KOS-237', 'Caladine powder active fresh ', '2027-06-30', '9990', 'Botol', 'Botol', 1, 1, '9990', 0),
(1091, 'F3001230015', 'KOS-238', 'KOS-238', 'Caladine powder soft comfort ', '2027-05-31', '9990', 'Botol', 'Botol', 1, 1, '9990', 0),
(1092, 'F3001230015', 'OBAT-356', 'OBAT-356', 'Cavicur tab ', '2025-04-30', '5800', 'Strip', 'Strip', 1, 10, '58000', 0),
(1093, 'F3001230015', 'OBAT-357', 'OBAT-357', 'Glucosamine mpl ', '2027-03-31', '11766', 'Strip', 'Strip', 1, 10, '117660', 0),
(1094, 'F3001230015', 'OBAT-358', 'OBAT-358', 'Neuralgin rhema cap', '2024-06-30', '7992', 'Strip', 'Strip', 1, 10, '79920', 0),
(1095, 'F3001230015', 'KOS-239', 'KOS-239', 'Parasol spf 30 100gr ', '2025-05-31', '117105', 'Botol', 'Botol', 1, 1, '117105', 0),
(1096, 'F3001230015', 'KOS-240', 'KOS-240', 'Parasol spf 30 50gr ', '2024-01-31', '64380', 'Botol', 'Botol', 1, 1, '64380', 0),
(1097, 'F3001230015', 'OBAT-359', 'OBAT-359', 'Sanadryl expect syr 60ml ', '2024-08-31', '12820', 'Botol', 'Botol', 1, 2, '25640', 0),
(1098, 'F3001230015', 'KOS-241', 'KOS-241', 'Sensodyne cool gel 100gr ', '2024-01-31', '28971', 'Tube', 'Tube', 1, 1, '28971', 0),
(1099, 'F3001230015', 'KOS-242', 'KOS-242', 'Sensodyne F mint 100gr ', '2025-02-28', '28971', 'Tube', 'Tube', 1, 1, '28971', 0),
(1100, 'F3001230015', 'KOS-243', 'KOS-243', 'Sensodyne gen white 100gr ', '2024-10-31', '31413', 'Tube', 'Tube', 1, 1, '31413', 0),
(1101, 'F3001230015', 'OBAT-360', 'OBAT-360', 'Gemfibrozil 300mg tab ', '2026-03-31', '4440', 'Strip', 'Strip', 1, 10, '44400', 0),
(1102, 'F3001230015', 'OBAT-361', 'OBAT-361', 'Spironalactone 25mg ', '2024-05-31', '3495', 'Strip', 'Strip', 1, 10, '34950', 0),
(1103, 'F3001230016', 'OBAT-362', 'OBAT-362', 'Decadryl exp 120ml ', '2025-08-31', '17520', 'Botol', 'Botol', 1, 1, '17520', 0),
(1104, 'F3001230016', 'OBAT-363', 'OBAT-363', 'Decadryl exp 60ml ', '2025-10-31', '13578', 'Botol', 'Botol', 1, 1, '13578', 0),
(1105, 'F3001230016', 'OBAT-364', 'OBAT-364', 'Lansoprazole ', '2024-10-31', '5602', 'Strip', 'Strip', 1, 2, '11204', 0),
(1106, 'F3001230016', 'OBAT-365', 'OBAT-365', 'Bisoprolol 5mg ', '2025-11-30', '1622', 'Strip', 'Strip', 1, 5, '8110', 0),
(1107, 'F3001230016', 'OBAT-366', 'OBAT-366', 'Nifedipine 10mg ', '2026-10-31', '1567', 'Strip', 'Strip', 1, 10, '15670', 0),
(1108, 'F3001230016', 'OBAT-367', 'OBAT-367', 'Cotrimoxazole tablet', '2026-09-30', '2214', 'Strip', 'Strip', 1, 10, '22140', 0),
(1109, 'F3001230016', 'OBAT-368', 'OBAT-368', 'Asifit ', '2024-06-30', '21133', 'Strip', 'Strip', 1, 3, '63399', 0),
(1110, 'F3001230016', 'OBAT-369', 'OBAT-369', 'Glimepiride 1mg ', '2025-06-30', '1784', 'Strip', 'Strip', 1, 10, '17840', 0),
(1111, 'F3001230016', 'OBAT-370', 'OBAT-370', 'Glimepiride 3mg ', '2025-05-31', '2759', 'Strip', 'Strip', 1, 10, '27590', 0),
(1112, 'F3001230016', 'OBAT-371', 'OBAT-371', 'Glimepiride 4mg ', '2025-04-30', '2919', 'Strip', 'Strip', 1, 10, '29190', 0),
(1113, 'F0202230017', 'ALKES-58', 'ALKES-58', 'Masker KN 95 Pro ', '2030-12-31', '10000', 'PCS', 'PCS', 1, 4, '40000', 0),
(1114, 'F0202230017', 'ALKES-59', 'ALKES-59', 'Masker KF 94', '2030-12-31', '10000', 'PCS', 'PCS', 1, 5, '50000', 0),
(1115, 'F0202230017', 'ALKES-60', 'ALKES-60', 'Masker Duckbil care warna ', '2030-12-31', '1775', 'PCS', 'PCS', 1, 33, '58575', 0),
(1162, 'F0202230019', 'OBAT-415', 'OBAT-415', 'CBR Serbuk pk', '2026-10-31', '5182', 'Botol', 'Botol', 1, 2, '10364', 0),
(1163, 'F0202230019', 'OBAT-416', 'OBAT-416', 'Anakonidin syr 30ml ', '2025-08-31', '6050', 'Botol', 'Botol', 1, 2, '12100', 0),
(1164, 'F0202230019', 'OBAT-417', 'OBAT-417', 'Anakonidin syr 60ml ', '2025-10-31', '9990', 'Botol', 'Botol', 1, 2, '19980', 0),
(1165, 'F0202230019', 'OBAT-418', 'OBAT-418', 'Anakonidin OBH 30ml ', '2024-10-31', '6650', 'Botol', 'Botol', 1, 2, '13300', 0),
(1166, 'F0202230019', 'OBAT-419', 'OBAT-419', 'Anakonidin OBH 60ml ', '2024-10-31', '10890', 'Botol', 'Botol', 1, 2, '21780', 0),
(1167, 'F0202230019', 'OBAT-420', 'OBAT-420', 'Intunal syr 60ml', '2025-09-30', '20000', 'Botol', 'Botol', 1, 1, '20000', 0),
(1168, 'F0202230018', 'OBAT-372', 'OBAT-372', 'Minyak telon lang 100ml ', '2025-07-31', '23083', 'Botol', 'Botol', 1, 2, '46166', 0),
(1169, 'F0202230018', 'OBAT-373', 'OBAT-373', 'Minyak telon lang plus 150ml ', '2027-04-30', '33417', 'Botol', 'Botol', 1, 1, '33417', 0),
(1170, 'F0202230018', 'OBAT-374', 'OBAT-374', 'Minyak telon lang plus 30ml ', '2027-07-31', '8334', 'Botol', 'Botol', 1, 1, '8334', 0),
(1171, 'F0202230018', 'OBAT-375', 'OBAT-375', 'Minyak telon lang plus 100ml ', '2027-07-31', '23666', 'Botol', 'Botol', 1, 1, '23666', 0),
(1172, 'F0202230018', 'OBAT-376', 'OBAT-376', 'Minyak telon lang plus 60ml ', '2027-11-30', '14666', 'Botol', 'Botol', 1, 1, '14666', 0),
(1173, 'F0202230018', 'OBAT-377', 'OBAT-377', 'Minyak telon lang plus 15ml ', '2027-12-31', '4663', 'Botol', 'Botol', 1, 1, '4663', 0),
(1174, 'F0202230018', 'OBAT-378', 'OBAT-378', 'My baby eucalyp 150ml ', '2024-11-30', '30000', 'Botol', 'Botol', 1, 2, '60000', 0),
(1175, 'F0202230018', 'OBAT-379', 'OBAT-379', 'My baby eucalyp 90ml ', '2024-11-30', '18800', 'Botol', 'Botol', 1, 2, '37600', 0),
(1176, 'F0202230018', 'OBAT-380', 'OBAT-380', 'Nourish skin ultimate ', '2025-03-31', '120000', 'PCS', 'PCS', 1, 1, '120000', 0),
(1177, 'F0202230018', 'OBAT-381', 'OBAT-381', 'Nourish skin kecil ', '2025-04-30', '109000', 'PCS', 'PCS', 1, 1, '109000', 0),
(1178, 'F0202230018', 'OBAT-382', 'OBAT-382', 'My baby telon plus 90ml orange ', '2024-09-30', '21000', 'Botol', 'Botol', 1, 1, '21000', 0),
(1179, 'F0202230018', 'OBAT-383', 'OBAT-383', 'My baby lavender 60ml ungu', '2024-06-30', '14000', 'Botol', 'Botol', 1, 2, '28000', 0),
(1180, 'F0202230018', 'OBAT-384', 'OBAT-384', 'My baby lavender 90ml ungu', '2024-06-30', '19000', 'Botol', 'Botol', 1, 2, '38000', 0),
(1181, 'F0202230018', 'OBAT-385', 'OBAT-385', 'My baby telon plus 60ml', '2024-07-31', '15900', 'Botol', 'Botol', 1, 1, '15900', 0),
(1182, 'F0202230018', 'OBAT-386', 'OBAT-386', 'My baby telon plus 150ml', '2024-09-30', '34000', 'Botol', 'Botol', 1, 1, '34000', 0),
(1183, 'F0202230018', 'OBAT-387', 'OBAT-387', 'My baby lavender 150ml ungu', '2024-10-31', '30000', 'Botol', 'Botol', 1, 2, '60000', 0),
(1184, 'F0202230018', 'OBAT-388', 'OBAT-388', 'Lactulose syr 60ml ', '2024-08-31', '28400', 'Botol', 'Botol', 1, 1, '28400', 0),
(1185, 'F0202230018', 'OBAT-389', 'OBAT-389', 'Loratadine 10mg tab ', '2027-05-31', '3025', 'Strip', 'Strip', 1, 5, '15125', 0),
(1186, 'F0202230018', 'OBAT-390', 'OBAT-390', 'Genoint salep mata ', '2024-11-30', '7167', 'Tube', 'Tube', 1, 2, '14334', 0),
(1187, 'F0202230018', 'OBAT-391', 'OBAT-391', 'Omepros mini cap ', '2025-07-31', '22500', 'PCS', 'PCS', 1, 1, '22500', 0),
(1188, 'F0202230018', 'OBAT-392', 'OBAT-392', 'Praxion drops 100mg', '2024-11-30', '23200', 'Botol', 'Botol', 1, 1, '23200', 0),
(1189, 'F0202230018', 'OBAT-393', 'OBAT-393', 'OBH Berlico jeruk nipis ', '2024-05-31', '7000', 'Botol', 'Botol', 1, 2, '14000', 0),
(1190, 'F0202230018', 'OBAT-394', 'OBAT-394', 'Tempra syr anggur 60ml ', '2024-04-30', '38600', 'Botol', 'Botol', 1, 1, '38600', 0),
(1191, 'F0202230018', 'OBAT-395', 'OBAT-395', 'Tempra syr anggur 30ml ', '2024-05-31', '20200', 'Botol', 'Botol', 1, 2, '40400', 0),
(1192, 'F0202230018', 'OBAT-396', 'OBAT-396', 'Vosea syrup 30ml', '2025-07-31', '5392', 'Botol', 'Botol', 1, 1, '5392', 0),
(1193, 'F0202230018', 'OBAT-397', 'OBAT-397', 'Paracetamol tab 50mg ', '2025-10-31', '1900', 'Strip', 'Strip', 1, 10, '19000', 0),
(1194, 'F0202230018', 'OBAT-398', 'OBAT-398', 'Kalpanak cream 5gr', '2024-06-30', '10909', 'Tube', 'Tube', 1, 1, '10909', 0),
(1195, 'F0202230018', 'OBAT-399', 'OBAT-399', 'Voltadex gel', '2024-07-31', '20500', 'Tube', 'Tube', 1, 2, '41000', 0),
(1196, 'F0202230018', 'OBAT-400', 'OBAT-400', 'Kanna whitening 30gr ', '2024-10-31', '19100', 'Tube', 'Tube', 1, 1, '19100', 0),
(1197, 'F0202230018', 'OBAT-401', 'OBAT-401', 'Kanna whitening 15gr ', '2026-11-30', '11082', 'Tube', 'Tube', 1, 1, '11082', 0),
(1198, 'F0202230018', 'OBAT-402', 'OBAT-402', 'GPU Krim hot lang 120gr', '2024-09-30', '13645', 'Botol', 'Botol', 1, 1, '13645', 0),
(1199, 'F0202230018', 'OBAT-403', 'OBAT-403', 'Krim GPU 60gr', '2025-09-30', '7533', 'PCS', 'PCS', 1, 1, '7533', 0),
(1200, 'F0202230018', 'OBAT-404', 'OBAT-404', 'Krim GPU 150gr', '2025-09-30', '14584', 'PCS', 'PCS', 1, 1, '14584', 0),
(1201, 'F0202230018', 'OBAT-405', 'OBAT-405', 'Erymed cream 20gr', '2023-10-31', '28700', 'Tube', 'Tube', 1, 1, '28700', 0),
(1202, 'F0202230018', 'OBAT-406', 'OBAT-406', 'Synalten cream 5gr', '2025-08-31', '4384', 'Tube', 'Tube', 1, 2, '8768', 0),
(1203, 'F0202230018', 'OBAT-407', 'OBAT-407', 'Kalmicetine salep kulit 15gr ', '2024-06-30', '13000', 'Tube', 'Tube', 1, 2, '26000', 0),
(1204, 'F0202230018', 'OBAT-408', 'OBAT-408', 'Melanox cream 15gr', '2025-03-31', '30000', 'Tube', 'Tube', 1, 1, '30000', 0),
(1205, 'F0202230018', 'OBAT-409', 'OBAT-409', 'Kloderma cream 5gr', '2025-11-30', '22450', 'Tube', 'Tube', 1, 1, '22450', 0),
(1206, 'F0202230018', 'OBAT-410', 'OBAT-410', 'Candasartan 8mg', '2025-05-31', '11250', 'Strip', 'Strip', 1, 3, '33750', 0),
(1207, 'F0202230018', 'OBAT-411', 'OBAT-411', 'Bedak salicyl ', '2026-08-31', '6532', 'Botol', 'Botol', 1, 1, '6532', 0),
(1208, 'F0202230018', 'OBAT-412', 'OBAT-412', 'Fasidol Kaplet ', '2026-10-31', '2285', 'Strip', 'Strip', 1, 10, '22850', 0),
(1209, 'F0202230018', 'OBAT-413', 'OBAT-413', 'Mefinal 500mg ', '2024-08-31', '14000', 'Strip', 'Strip', 1, 10, '140000', 0),
(1210, 'F0202230018', 'OBAT-414', 'OBAT-414', 'Vosea tablet 10mg', '2026-03-31', '1850', 'Strip', 'Strip', 1, 10, '18500', 0),
(1220, 'F0202230020', 'OBAT-424', 'OBAT-424', 'Callusol lotion fahrenheit ', '2024-09-30', '26000', 'Botol', 'Botol', 1, 1, '26000', 0),
(1221, 'F0202230020', 'OBAT-425', 'OBAT-425', 'Tropicana slim diabtx 100', '2025-06-30', '70000', 'Box', 'Box', 1, 1, '70000', 0),
(1222, 'F0202230020', 'OBAT-426', 'OBAT-426', 'Tropicana slim diabtx 50', '2025-07-31', '39000', 'Box', 'Box', 1, 1, '39000', 0),
(1223, 'F0202230020', 'OBAT-427', 'OBAT-427', 'Betadine feminine hygiene 60ml ', '2024-05-31', '30400', 'Botol', 'Botol', 1, 2, '60800', 0),
(1224, 'F0202230020', 'OBAT-428', 'OBAT-428', 'Tempra forte anggur 30ml ', '2024-03-31', '22500', 'Botol', 'Botol', 1, 1, '22500', 0),
(1225, 'F0202230020', 'OBAT-429', 'OBAT-429', 'Tempra drop straw 15ml', '2024-04-30', '41500', 'Botol', 'Botol', 1, 1, '41500', 0),
(1226, 'F0202230020', 'OBAT-430', 'OBAT-430', 'Mylanta sirup 150ml ', '2025-03-31', '33059', 'Botol', 'Botol', 1, 1, '33059', 0),
(1227, 'F0202230020', 'OBAT-431', 'OBAT-431', 'Tempra drop anggur 15ml', '2024-03-31', '41500', 'Botol', 'Botol', 1, 1, '41500', 0),
(1228, 'F0202230020', 'OBAT-432', 'OBAT-432', 'Mylanta sirup 50ml ', '2025-05-31', '12290', 'Botol', 'Botol', 1, 2, '24580', 0),
(1229, 'F0202230021', 'OBAT-421', 'OBAT-421', 'Citikoline 500mg', '2026-07-31', '44444', 'Strip', 'Strip', 1, 3, '133332', 0),
(1230, 'F0202230021', 'OBAT-422', 'OBAT-422', 'Laxama tab 100', '2026-11-30', '2383', 'Botol', 'Botol', 1, 10, '23830', 0),
(1231, 'F0202230021', 'OBAT-423', 'OBAT-423', 'Ester c holisticare str 12', '2024-12-31', '5250', 'Strip', 'Strip', 1, 12, '63000', 0),
(1232, 'F1701230003', 'OBAT', 'OBAT', 'Adem Sari', '2023-06-24', '1818', 'PCS', 'PCS', 1, 24, '43632', 0),
(1233, 'F1701230003', 'OBAT-01', 'OBAT-01', 'Ambeven', '2024-11-01', '15000', 'PCS', 'PCS', 1, 3, '45000', 0),
(1234, 'F1701230003', 'OBAT-02', 'OBAT-02', 'Antangin cair dewasa', '2023-12-01', '2727', 'PCS', 'PCS', 1, 2, '5454', 0),
(1235, 'F1701230003', 'OBAT-03', 'OBAT-03', 'Antimo Anak ', '2023-09-01', '1300', 'PCS', 'PCS', 1, 10, '13000', 0),
(1236, 'F1701230003', 'OBAT-04', 'OBAT-04', 'Sabun Asepso', '2024-10-21', '6750', 'PCS', 'PCS', 1, 2, '13500', 0),
(1237, 'F1701230003', 'OBAT-05', 'OBAT-05', 'Balm lang 10gr', '2026-09-01', '4500', 'Botol', 'Botol', 1, 3, '13500', 0),
(1238, 'F1701230003', 'OBAT-06', 'OBAT-06', 'Balm lang 20gr', '2026-12-01', '7750', 'Botol', 'Botol', 1, 3, '23250', 0),
(1239, 'F1701230003', 'OBAT-07', 'OBAT-07', 'Becom-zet', '2023-07-01', '23700', 'Strip', 'Strip', 1, 5, '118500', 0),
(1240, 'F1701230003', 'OBAT-08', 'OBAT-08', 'Beruang minyak (Polar Bear)', '2025-08-01', '25500', 'Botol', 'Botol', 1, 2, '51000', 0),
(1241, 'F1701230003', 'OBAT-09', 'OBAT-09', 'Betadine salep 5gr', '2024-02-01', '11750', 'Tube', 'Tube', 1, 3, '35250', 0),
(1242, 'F1701230003', 'OBAT-10', 'OBAT-10', 'Bodrex', '2026-11-01', '3625', 'Strip', 'Strip', 1, 4, '14500', 0),
(1243, 'F1701230003', 'OBAT-11', 'OBAT-11', 'Bodrex extra', '2024-12-01', '1880', 'Strip', 'Strip', 1, 22, '41360', 0),
(1244, 'F1701230003', 'OBAT-12', 'OBAT-12', 'Bodrex flu batuk ', '2024-12-01', '1680', 'Strip', 'Strip', 1, 21, '35280', 0),
(1245, 'F1701230003', 'OBAT-13', 'OBAT-13', 'Caladin Lotion', '2023-11-01', '14000', 'PCS', 'PCS', 1, 2, '28000', 0),
(1246, 'F1701230003', 'OBAT-14', 'OBAT-14', 'Caladin talk', '2023-11-01', '10500', 'PCS', 'PCS', 1, 1, '10500', 0),
(1247, 'F1701230003', 'OBAT-15', 'OBAT-15', 'Combatrin 125', '2025-07-01', '15000', 'Strip', 'Strip', 1, 3, '45000', 0),
(1248, 'F1701230003', 'OBAT-16', 'OBAT-16', 'Combatrin 250', '2025-06-01', '15000', 'Strip', 'Strip', 1, 2, '30000', 0),
(1249, 'F1701230003', 'OBAT-17', 'OBAT-17', 'Combatrin sirup', '2024-08-01', '17500', 'Botol', 'Botol', 1, 3, '52500', 0),
(1250, 'F1701230003', 'OBAT-105', 'OBAT-105', 'Counterpain ', '2023-11-01', '24750', 'Tube', 'Tube', 1, 3, '74250', 0),
(1251, 'F1701230003', 'OBAT-19', 'OBAT-19', 'Curcuma plus 60ml', '2023-12-01', '13500', 'Botol', 'Botol', 1, 1, '13500', 0),
(1252, 'F1701230003', 'KOS-221', 'KOS-221', 'Cusson Tisu 10 all', '2024-09-01', '5000', 'PCS', 'PCS', 1, 3, '15000', 0),
(1253, 'F1701230003', 'KOS-222', 'KOS-222', 'Cusson Tisu 50 all', '2025-01-01', '9000', 'PCS', 'PCS', 1, 3, '27000', 0),
(1254, 'F1701230003', 'OBAT-20', 'OBAT-20', 'Daktarin', '2024-07-01', '24000', 'Tube', 'Tube', 1, 3, '72000', 0),
(1255, 'F1701230003', 'KOS-223', 'KOS-223', 'Dettol sabun batang', '2023-11-01', '5700', 'PCS', 'PCS', 1, 1, '5700', 0),
(1256, 'F1701230003', 'OBAT-21', 'OBAT-21', 'Diapet ', '2024-11-01', '4208', 'Strip', 'Strip', 1, 8, '33664', 0),
(1257, 'F1701230003', 'KOS-224', 'KOS-224', 'Dove roll on ', '2023-05-01', '20500', 'PCS', 'PCS', 1, 2, '41000', 0),
(1258, 'F1701230003', 'OBAT-22', 'OBAT-22', 'Dulcolax', '2024-06-01', '8500', 'PCS', 'PCS', 1, 5, '42500', 0),
(1259, 'F1701230003', 'OBAT-23', 'OBAT-23', 'Em Kapsul ', '2025-08-01', '14500', 'Strip', 'Strip', 1, 3, '43500', 0),
(1260, 'F1701230003', 'OBAT-24', 'OBAT-24', 'Entrostop anak ', '2025-10-01', '1800', 'PCS', 'PCS', 1, 24, '43200', 0),
(1261, 'F1701230003', 'OBAT-25', 'OBAT-25', 'Entrostop dewasa ', '2026-10-01', '6375', 'PCS', 'PCS', 1, 6, '38250', 0),
(1262, 'F1701230003', 'OBAT-26', 'OBAT-26', 'Ever E 12 New', '2023-11-01', '13000', 'Strip', 'Strip', 1, 1, '13000', 0),
(1263, 'F1701230003', 'OBAT-27', 'OBAT-27', 'Fitkom tab ', '2023-10-01', '12750', 'Strip', 'Strip', 1, 3, '38250', 0),
(1264, 'F1701230003', 'OBAT-28', 'OBAT-28', 'Frescare rool ', '2024-09-01', '10200', 'PCS', 'PCS', 1, 2, '20400', 0),
(1265, 'F1701230003', 'OBAT-29', 'OBAT-29', 'Geliga 10gr', '2026-11-01', '4417', 'Botol', 'Botol', 1, 3, '13251', 0),
(1266, 'F1701230003', 'OBAT-30', 'OBAT-30', 'Geliga 20gr', '2027-01-01', '7750', 'Botol', 'Botol', 1, 2, '15500', 0),
(1267, 'F1701230003', 'OBAT-31', 'OBAT-31', 'Geliga cream 30ml', '2023-04-01', '14751', 'Tube', 'Tube', 1, 3, '44253', 0),
(1268, 'F1701230003', 'OBAT-32', 'OBAT-32', 'GPU Sereh ', '2027-02-01', '8167', 'Botol', 'Botol', 1, 3, '24501', 0),
(1269, 'F1701230003', 'OBAT-33', 'OBAT-33', 'Hemaviton action ', '2024-12-01', '6250', 'Strip', 'Strip', 1, 3, '18750', 0),
(1270, 'F1701230003', 'OBAT-34', 'OBAT-34', 'Hemaviton stamina ', '2024-09-01', '6000', 'Strip', 'Strip', 1, 2, '12000', 0),
(1271, 'F1701230003', 'OBAT-35', 'OBAT-35', 'Herocin ', '2026-11-01', '10000', 'PCS', 'PCS', 1, 2, '20000', 0),
(1272, 'F1701230003', 'OBAT-36', 'OBAT-36', 'Hot cream 60ml', '2025-02-01', '11500', 'Botol', 'Botol', 1, 1, '11500', 0),
(1273, 'F1701230003', 'OBAT-37', 'OBAT-37', 'Hufagrip tmp (merah)', '2025-01-01', '14400', 'Botol', 'Botol', 1, 3, '43200', 0),
(1274, 'F1701230003', 'OBAT-38', 'OBAT-38', 'Hufagrip bp (Hijau)', '2026-01-01', '16500', 'Botol', 'Botol', 1, 3, '49500', 0),
(1275, 'F1701230003', 'OBAT-39', 'OBAT-39', 'Hufagrip flu (kuning)', '2025-02-01', '18500', 'Botol', 'Botol', 1, 3, '55500', 0),
(1276, 'F1701230003', 'OBAT-40', 'OBAT-40', 'Hufagrip pilek (biru)', '2025-01-01', '14500', 'Botol', 'Botol', 1, 3, '43500', 0),
(1277, 'F1701230003', 'OBAT-41', 'OBAT-41', 'Insto ', '2025-12-01', '11500', 'Botol', 'Botol', 1, 2, '23000', 0),
(1278, 'F1701230003', 'OBAT-42', 'OBAT-42', 'Kanna cream ', '2024-09-01', '8500', 'Tube', 'Tube', 1, 1, '8500', 0),
(1279, 'F1701230003', 'OBAT-43', 'OBAT-43', 'Kapak 10ml', '2026-12-01', '14000', 'Botol', 'Botol', 1, 3, '42000', 0),
(1280, 'F1701230003', 'OBAT-44', 'OBAT-44', 'Kapak 14ml', '2026-11-01', '18600', 'Botol', 'Botol', 1, 3, '55800', 0),
(1281, 'F1701230003', 'OBAT-45', 'OBAT-45', 'Kapak 28ml', '2027-01-01', '31750', 'Botol', 'Botol', 1, 3, '95250', 0),
(1282, 'F1701230003', 'OBAT-46', 'OBAT-46', 'Kapak 3ml', '2026-06-01', '5250', 'Botol', 'Botol', 1, 2, '10500', 0),
(1283, 'F1701230003', 'OBAT-47', 'OBAT-47', 'Kapak 5ml', '2026-08-01', '8800', 'Botol', 'Botol', 1, 3, '26400', 0),
(1284, 'F1701230003', 'KOS-225', 'KOS-225', 'Kapas Selection', '2025-01-01', '4850', 'PCS', 'PCS', 1, 3, '14550', 0),
(1285, 'F1701230003', 'KOS-226', 'KOS-226', 'Kassa kotak bunda ', '2025-01-01', '6500', 'Botol', 'Botol', 1, 3, '19500', 0),
(1286, 'F1701230003', 'OBAT-48', 'OBAT-48', 'Komix ', '2023-11-01', '1317', 'PCS', 'PCS', 1, 60, '79020', 0),
(1287, 'F1701230003', 'OBAT-49', 'OBAT-49', 'Konicare minyak telon 30ml', '2024-08-01', '11100', 'Botol', 'Botol', 1, 3, '33300', 0),
(1288, 'F1701230003', 'OBAT-50', 'OBAT-50', 'Konicare minyak telon plus  30ml', '2024-09-01', '12500', 'Botol', 'Botol', 1, 2, '25000', 0),
(1289, 'F1701230003', 'OBAT-51', 'OBAT-51', 'Konidin ', '2024-12-01', '1960', 'Strip', 'Strip', 1, 19, '37240', 0),
(1290, 'F1701230003', 'OBAT-52', 'OBAT-52', 'Kool fever kids biru', '2025-01-01', '5840', 'PCS', 'PCS', 1, 11, '64240', 0),
(1291, 'F1701230003', 'OBAT-53', 'OBAT-53', 'Koyo cabe ', '2026-01-01', '9750', 'PCS', 'PCS', 1, 4, '39000', 0),
(1292, 'F1701230003', 'OBAT-54', 'OBAT-54', 'Larutan botol cap kaki badak ', '2026-12-01', '3000', 'Botol', 'Botol', 1, 6, '18000', 0),
(1293, 'F1701230003', 'OBAT-55', 'OBAT-55', 'Laserin 30ml', '2025-02-01', '4750', 'Botol', 'Botol', 1, 3, '14250', 0),
(1294, 'F1701230003', 'OBAT-56', 'OBAT-56', 'Laserin madu 30ml', '2026-01-01', '6000', 'Botol', 'Botol', 1, 3, '18000', 0),
(1295, 'F1701230003', 'OBAT-57', 'OBAT-57', 'Listerin 100ml', '2024-10-01', '8500', 'Botol', 'Botol', 1, 3, '25500', 0),
(1296, 'F1701230003', 'OBAT-58', 'OBAT-58', 'Madu Rasa', '2025-01-01', '729', 'PCS', 'PCS', 1, 12, '8748', 0),
(1297, 'F1701230003', 'KOS-227', 'KOS-227', 'Marcks (powder)', '2026-09-01', '14000', 'PCS', 'PCS', 1, 2, '28000', 0),
(1298, 'F1701230003', 'OBAT-59', 'OBAT-59', 'Madu Tj kurma', '2024-08-01', '15000', 'Botol', 'Botol', 1, 6, '90000', 0),
(1299, 'F1701230003', 'OBAT-60', 'OBAT-60', 'Microlax', '2023-11-01', '20000', 'PCS', 'PCS', 1, 3, '60000', 0),
(1300, 'F1701230003', 'OBAT-61', 'OBAT-61', 'Mylanta ', '2023-09-01', '7000', 'Strip', 'Strip', 1, 2, '14000', 0),
(1301, 'F1701230003', 'OBAT-62', 'OBAT-62', 'Milton kaleng ', '2024-01-01', '6167', 'PCS', 'PCS', 1, 11, '67837', 0),
(1302, 'F1701230003', 'OBAT-63', 'OBAT-63', 'MKP Lang 120ml ', '2027-02-01', '35584', 'Botol', 'Botol', 1, 2, '71168', 0),
(1303, 'F1701230003', 'OBAT-64', 'OBAT-64', 'MKP Lang 210ml ', '2026-11-01', '65000', 'Botol', 'Botol', 1, 1, '65000', 0),
(1304, 'F1701230003', 'OBAT-65', 'OBAT-65', 'My baby telon 60ml', '2026-10-01', '14250', 'Botol', 'Botol', 1, 1, '14250', 0),
(1305, 'F1701230003', 'OBAT-66', 'OBAT-66', 'Neurobion pink', '2024-05-01', '36500', 'Strip', 'Strip', 1, 2, '73000', 0),
(1306, 'F1701230003', 'OBAT-67', 'OBAT-67', 'OBH Combi plus anak ', '2024-02-01', '14750', 'Botol', 'Botol', 1, 1, '14750', 0),
(1307, 'F1701230003', 'OBAT-68', 'OBAT-68', 'OBH Combi plus dewasa', '2023-12-01', '13250', 'Botol', 'Botol', 1, 3, '39750', 0),
(1308, 'F1701230003', 'OBAT-69', 'OBAT-69', 'Oskadon ', '2024-12-01', '1560', 'Strip', 'Strip', 1, 23, '35880', 0),
(1309, 'F1701230003', 'OBAT-70', 'OBAT-70', 'Pagoda pastiles new', '2025-03-01', '5250', 'PCS', 'PCS', 1, 12, '63000', 0),
(1310, 'F1701230003', 'OBAT-71', 'OBAT-71', 'Panadol merah (extra)', '2025-01-01', '11000', 'Strip', 'Strip', 1, 1, '11000', 0),
(1311, 'F1701230003', 'OBAT-72', 'OBAT-72', 'Paramex', '2024-01-01', '1980', 'Strip', 'Strip', 1, 25, '49500', 0),
(1312, 'F1701230003', 'OBAT-73', 'OBAT-73', 'Povidon ', '2025-02-01', '6584', 'Botol', 'Botol', 1, 3, '19752', 0),
(1313, 'F1701230003', 'OBAT-74', 'OBAT-74', 'Procold flu ', '2023-11-01', '3125', 'Strip', 'Strip', 1, 5, '15625', 0),
(1314, 'F1701230003', 'OBAT-75', 'OBAT-75', 'Promagh ', '2024-12-01', '6500', 'Strip', 'Strip', 1, 1, '6500', 0),
(1315, 'F1701230003', 'OBAT-76', 'OBAT-76', 'Rheumacyl ', '2024-12-01', '8000', 'Strip', 'Strip', 1, 3, '24000', 0),
(1316, 'F1701230003', 'OBAT-77', 'OBAT-77', 'Rohto ', '2024-04-01', '10500', 'Botol', 'Botol', 1, 3, '31500', 0),
(1317, 'F1701230003', 'OBAT-78', 'OBAT-78', 'Rohto Cool', '2024-07-01', '14000', 'Botol', 'Botol', 1, 3, '42000', 0),
(1318, 'F1701230003', 'OBAT-79', 'OBAT-79', 'Sakatonik ABC ', '2023-12-01', '13800', 'Botol', 'Botol', 1, 3, '41400', 0),
(1319, 'F1701230003', 'OBAT-80', 'OBAT-80', 'Sakatonik 100ml', '2023-11-01', '9900', 'Botol', 'Botol', 1, 3, '29700', 0),
(1320, 'F1701230003', 'OBAT-81', 'OBAT-81', 'Sanmol drop ', '2023-12-01', '18500', 'Botol', 'Botol', 1, 1, '18500', 0),
(1321, 'F1701230003', 'OBAT-82', 'OBAT-82', 'Sanmol sirup', '2023-11-01', '13750', 'Botol', 'Botol', 1, 1, '13750', 0),
(1322, 'F1701230003', 'OBAT-83', 'OBAT-83', 'Siladex 30ml all ', '2023-12-01', '7500', 'Botol', 'Botol', 1, 6, '45000', 0),
(1323, 'F1701230003', 'OBAT-84', 'OBAT-84', 'Sitronela', '2027-02-01', '9000', 'Botol', 'Botol', 1, 3, '27000', 0),
(1324, 'F1701230003', 'KOS-228', 'KOS-228', 'Scarlet HB', '2023-09-01', '62500', 'Botol', 'Botol', 1, 1, '62500', 0),
(1325, 'F1701230003', 'KOS-229', 'KOS-229', 'Scarlet Scrub ', '2023-09-01', '62500', 'Botol', 'Botol', 1, 1, '62500', 0),
(1326, 'F1701230003', 'OBAT-85', 'OBAT-85', 'Tawon cc ', '2026-12-01', '18792', 'Botol', 'Botol', 1, 3, '56376', 0),
(1327, 'F1701230003', 'OBAT-86', 'OBAT-86', 'Telon lang 30ml', '2026-04-01', '8667', 'Botol', 'Botol', 1, 3, '26001', 0),
(1328, 'F1701230003', 'OBAT-87', 'OBAT-87', 'Telon lang 60ml', '2026-10-01', '15250', 'Botol', 'Botol', 1, 3, '45750', 0),
(1329, 'F1701230003', 'OBAT-88', 'OBAT-88', 'Ultraflu', '2025-02-01', '2700', 'Strip', 'Strip', 1, 25, '67500', 0),
(1330, 'F1701230003', 'OBAT-89', 'OBAT-89', 'Ultrasilin salep ', '2024-01-01', '7900', 'Tube', 'Tube', 1, 3, '23700', 0),
(1331, 'F1701230003', 'OBAT-90', 'OBAT-90', 'Vick 44 anak 27ml', '2024-01-01', '9500', 'Botol', 'Botol', 1, 2, '19000', 0),
(1332, 'F1701230003', 'OBAT-91', 'OBAT-91', 'Vick 44 anak 54ml', '2024-01-01', '15750', 'Botol', 'Botol', 1, 3, '47250', 0),
(1333, 'F1701230003', 'OBAT-92', 'OBAT-92', 'Vick 44 Dewasa  27ml', '2023-06-01', '9000', 'Botol', 'Botol', 1, 2, '18000', 0),
(1334, 'F1701230003', 'OBAT-93', 'OBAT-93', 'Vick 44 Dewasa  54ml', '2023-11-01', '15500', 'Botol', 'Botol', 1, 3, '46500', 0),
(1335, 'F1701230003', 'OBAT-94', 'OBAT-94', 'Vick Inhaler ', '2023-11-01', '15000', 'PCS', 'PCS', 1, 6, '90000', 0),
(1336, 'F1701230003', 'OBAT-95', 'OBAT-95', 'Vick vap 25 ', '2023-05-30', '17500', 'Botol', 'Botol', 1, 3, '52500', 0),
(1337, 'F1701230003', 'OBAT-96', 'OBAT-96', 'Vick vap 50', '2023-04-28', '29750', 'Botol', 'Botol', 1, 3, '89250', 0),
(1338, 'F1701230003', 'OBAT-97', 'OBAT-97', 'Vidoran gummy multi', '2023-04-30', '13500', 'PCS', 'PCS', 1, 2, '27000', 0),
(1339, 'F1701230003', 'OBAT-98', 'OBAT-98', 'Vital tetes telinga ', '2024-10-01', '13500', 'Botol', 'Botol', 1, 3, '40500', 0),
(1340, 'F1701230003', 'OBAT-99', 'OBAT-99', 'Vitalong c ', '2024-11-01', '5680', 'Strip', 'Strip', 1, 22, '124960', 0),
(1341, 'F1701230003', 'OBAT-100', 'OBAT-100', 'Vitamin Ipi ', '2023-12-01', '5500', 'Botol', 'Botol', 1, 12, '66000', 0),
(1342, 'F1701230003', 'KOS-230', 'KOS-230', 'Wardah pb creamy foam+oil ', '2024-10-01', '14000', 'Tube', 'Tube', 1, 3, '42000', 0),
(1343, 'F1701230003', 'KOS-231', 'KOS-231', 'Wardah pb creamy foam+smooting', '2024-04-01', '14000', 'Tube', 'Tube', 1, 3, '42000', 0),
(1344, 'F1701230003', 'OBAT-101', 'OBAT-101', 'Welmove', '2025-01-01', '16000', 'Strip', 'Strip', 1, 3, '48000', 0),
(1345, 'F1701230003', 'OBAT-102', 'OBAT-102', 'Wood att 60ml (merah)', '2024-01-01', '17000', 'Botol', 'Botol', 1, 3, '51000', 0),
(1346, 'F1701230003', 'OBAT-103', 'OBAT-103', 'Wood exp 60ml (biru)', '2023-12-01', '17500', 'Botol', 'Botol', 1, 2, '35000', 0),
(1347, 'F1701230003', 'OBAT-104', 'OBAT-104', 'Xonce', '2023-11-01', '1380', 'Strip', 'Strip', 1, 42, '57960', 0),
(1348, 'F1701230003', 'KOS-232', 'KOS-232', 'Tesa Tissu 200', '2027-08-01', '9000', 'PCS', 'PCS', 1, 6, '54000', 0),
(1349, 'F0902230022', 'OBAT-433', 'OBAT-433', 'Imboost force syr 60ml', '2024-04-30', '58750', 'Botol', 'Botol', 1, 1, '58750', 0),
(1350, 'F0902230022', 'OBAT-434', 'OBAT-434', 'Simvastatin 10mg dexa', '2025-03-31', '4664', 'Strip', 'Strip', 1, 10, '46640', 0),
(1351, 'F0902230023', 'ALKES-61', 'ALKES-61', 'Alkohol swab ', '2027-11-30', '500', 'PCS', 'PCS', 1, 300, '150000', 0),
(1352, 'F0902230023', 'ALKES-62', 'ALKES-62', 'Strip gula darah nesco', '2024-08-31', '4000', 'PCS', 'PCS', 1, 25, '100000', 0),
(1353, 'F0902230023', 'ALKES-63', 'ALKES-63', 'Strip asam urat nesco', '2024-04-30', '4000', 'PCS', 'PCS', 1, 25, '100000', 0),
(1354, 'F0902230023', 'ALKES-64', 'ALKES-64', 'Strip kolesterol nesco', '2024-09-30', '16400', 'PCS', 'PCS', 1, 10, '164000', 0),
(1355, 'F0902230023', 'ALKES-65', 'ALKES-65', 'Leukoplast 2,5cm x 4,5m', '2027-01-31', '21500', 'PCS', 'PCS', 1, 1, '21500', 0),
(1356, 'F0902230023', 'ALKES-66', 'ALKES-66', 'Leukoplast 1,25cm x 4,5m', '2027-05-31', '11500', 'PCS', 'PCS', 1, 2, '23000', 0),
(1357, 'F1302230024', 'ALKES-67', 'ALKES-67', 'Perban gulung kassa 10cm x 5 cm ', '2030-12-31', '8000', 'PCS', 'PCS', 1, 3, '24000', 0),
(1358, 'F1302230024', 'ALKES-68', 'ALKES-68', 'Gelas Ukur 50ml ', '2030-12-31', '50000', 'Botol', 'Botol', 1, 1, '50000', 0),
(1359, 'F1302230024', 'ALKES-69', 'ALKES-69', 'Gelas Ukur 25ml ', '2030-12-31', '40000', 'Botol', 'Botol', 1, 1, '40000', 0),
(1360, 'F1302230024', 'ALKES-70', 'ALKES-70', 'Gelas Ukur 10ml ', '2030-12-31', '33000', 'Botol', 'Botol', 1, 1, '33000', 0),
(1361, 'F1302230024', 'ALKES-71', 'ALKES-71', 'Rak kayu tabung reaksi ', '2030-12-31', '20000', 'PCS', 'PCS', 1, 1, '20000', 0),
(1362, 'F1302230025', 'ALKES-72', 'ALKES-72', 'NACL OTSUKA 500ml', '2024-07-31', '19074', 'PCS', 'PCS', 1, 2, '38148', 0),
(1363, 'F1402230026', 'OBAT-435', 'OBAT-435', 'Apolar cream', '2024-06-30', '34965', 'Tube', 'Tube', 1, 1, '34965', 0),
(1364, 'F1402230026', 'OBAT-436', 'OBAT-436', 'Apolar-N cream', '2024-07-31', '39627', 'Tube', 'Tube', 1, 1, '39627', 0),
(1365, 'F1402230026', 'OBAT-437', 'OBAT-437', 'Andalan Laktasi Strip', '2025-10-31', '11391', 'Strip', 'Strip', 1, 2, '22782', 0),
(1366, 'F1602230027', 'OBAT-438', 'OBAT-438', 'Sagestam cream', '2025-02-23', '20500', 'Tube', 'Tube', 1, 3, '61500', 0),
(1367, 'F2202230028', 'ALKES-73', 'ALKES-73', 'NACL MJB ', '2024-09-30', '7474', 'Botol', 'Botol', 1, 3, '22422', 0),
(1368, 'F2202230028', 'ALKES-74', 'ALKES-74', 'Alkohol medika 100ml ', '2025-07-31', '3552', 'Botol', 'Botol', 1, 3, '10656', 0),
(1369, 'F2202230028', 'OBAT-439', 'OBAT-439', 'Magtral mint ', '2024-09-30', '2573', 'Strip', 'Strip', 1, 10, '25730', 0),
(1370, 'F2202230028', 'OBAT-440', 'OBAT-440', 'My baby telon plus 60ml', '2024-12-31', '14462', 'Botol', 'Botol', 1, 3, '43386', 0),
(1371, 'F2302230029', 'OBAT-441', 'OBAT-441', 'Methylpredinsolone 4mg dexa', '2024-09-30', '4055', 'Strip', 'Strip', 1, 10, '40550', 0),
(1372, 'F2402230030', 'OBAT-442', 'OBAT-442', 'Dettol liq 95ml', '2025-01-31', '20883', 'Botol', 'Botol', 1, 1, '20883', 0),
(1373, 'F2402230030', 'OBAT-443', 'OBAT-443', 'L-Bio Granul ', '2024-10-31', '7750', 'PCS', 'PCS', 1, 30, '232500', 0),
(1374, 'F2402230030', 'ALKES-75', 'ALKES-75', 'Hypafix 5x1', '2027-05-31', '18200', 'Box', 'Box', 1, 1, '18200', 0),
(1375, 'F2702230031', 'OBAT-444', 'OBAT-444', 'Actifed cough 60 ml merah ', '2025-07-31', '50000', 'Botol', 'Botol', 1, 1, '50000', 0),
(1376, 'F2702230031', 'OBAT-445', 'OBAT-445', 'Actifed Syr 60 ml hijau', '2025-10-31', '50000', 'Botol', 'Botol', 1, 1, '50000', 0),
(1377, 'F2702230031', 'OBAT-446', 'OBAT-446', 'Actifed Syr 60 ml kuning', '2025-08-31', '50000', 'Botol', 'Botol', 1, 1, '50000', 0),
(1384, 'F0103230032', 'KOS-244', 'KOS-244', 'Hers Protex extra maxi', '2026-01-19', '2900', 'PCS', 'PCS', 1, 2, '5800', 0),
(1385, 'F0103230032', 'KOS-245', 'KOS-245', 'Charm safe night ', '2028-12-31', '9000', 'PCS', 'PCS', 1, 3, '27000', 0),
(1386, 'F0103230032', 'KOS-246', 'KOS-246', 'Charm body fit', '2028-12-31', '7500', 'PCS', 'PCS', 1, 2, '15000', 0),
(1387, 'F0603230033', 'OBAT-447', 'OBAT-447', 'Becom-C', '2024-05-25', '16000', 'Strip', 'Strip', 1, 10, '160000', 0),
(1388, 'F0603230033', 'OBAT-448', 'OBAT-448', 'Cortamine syr 60ml ', '2025-08-01', '58000', 'Botol', 'Botol', 1, 1, '58000', 0),
(1389, 'F0603230034', 'OBAT-449', 'OBAT-449', 'Vitabulmin syr 60ml ', '2025-01-31', '25546', 'Botol', 'Botol', 1, 1, '25546', 0),
(1390, 'F0603230034', 'OBAT-450', 'OBAT-450', 'Imboost kids 21 tablet mixberry', '2025-01-31', '27600', 'Botol', 'Botol', 1, 1, '27600', 0),
(1391, 'F1603230035', 'OBAT-451', 'OBAT-451', 'Hufamag Plus ', '2024-11-30', '2645', 'Strip', 'Strip', 1, 10, '26450', 0),
(1392, 'F2703230036', 'OBAT-452', 'OBAT-452', 'Super tetra ', '2025-09-30', '9000', 'Strip', 'Strip', 1, 3, '27000', 0),
(1393, 'F2703230036', 'OBAT-453', 'OBAT-453', 'Eyevit ', '2025-10-31', '33000', 'Strip', 'Strip', 1, 2, '66000', 0),
(1394, 'F2703230036', 'OBAT-454', 'OBAT-454', 'Planotab ', '2027-08-31', '6000', 'Strip', 'Strip', 1, 3, '18000', 0),
(1395, 'F2703230036', 'OBAT-455', 'OBAT-455', 'Andalan pil kb', '2027-08-25', '7500', 'Strip', 'Strip', 1, 3, '22500', 0),
(1396, 'F0404230037', 'OBAT-456', 'OBAT-456', 'Aloclair gel ', '2025-03-31', '85470', 'Tube', 'Tube', 1, 1, '85470', 0),
(1397, 'F0404230037', 'OBAT-457', 'OBAT-457', 'Aloclair plus spray', '2025-10-31', '94350', 'Tube', 'Tube', 1, 1, '94350', 0),
(1398, 'F0404230037', 'OBAT-458', 'OBAT-458', 'Imunped syr 60ml', '2024-06-30', '52059', 'Botol', 'Botol', 1, 1, '52059', 0),
(1399, 'F0404230038', 'OBAT-459', 'OBAT-459', 'Minyak telon TJ 100ML band telon 30ml ', '2025-11-30', '20600', 'Botol', 'Botol', 1, 2, '41200', 0),
(1400, 'F0404230038', 'OBAT-460', 'OBAT-460', 'Dettol liq 45ml', '2025-11-30', '10316', 'Botol', 'Botol', 1, 2, '20632', 0),
(1401, 'F0404230038', 'OBAT-461', 'OBAT-461', 'Cendo lyteers ', '2025-09-30', '22500', 'Botol', 'Botol', 1, 1, '22500', 0),
(1402, 'F0404230038', 'KOS-247', 'KOS-247', 'Cessa baby happy nose 8ml biru', '2025-01-31', '31532', 'PCS', 'PCS', 1, 1, '31532', 0),
(1403, 'F0404230038', 'KOS-248', 'KOS-248', 'Cessa baby BOFIT 8ml ungu', '2025-01-31', '31532', 'PCS', 'PCS', 1, 1, '31532', 0),
(1404, 'F0404230038', 'OBAT-462', 'OBAT-462', 'Dionicol dry syr 60ml', '2026-01-31', '7400', 'Botol', 'Botol', 1, 2, '14800', 0);
INSERT INTO `pembelian_langsung_detail` (`idd`, `nomor_faktur`, `kode_item`, `sku`, `nama_item`, `tgl_expired`, `harga`, `satuan_besar`, `satuan_kecil`, `konversi`, `kuantiti`, `total_harga`, `diskon`) VALUES
(1405, 'F0404230039', 'OBAT-463', 'OBAT-463', 'Histigo ', '2026-01-31', '22009', 'Strip', 'Strip', 1, 5, '110045', 0),
(1406, 'F0404230039', 'OBAT-464', 'OBAT-464', 'Dettol mosaic 245ml', '2024-08-31', '43904', 'Botol', 'Botol', 1, 1, '43904', 0),
(1407, 'F1004230040', 'OBAT-465', 'OBAT-465', 'Pure Kids Inhaler 10ml', '2027-09-01', '44000', 'Botol', 'Botol', 1, 1, '44000', 0),
(1408, 'F1004230040', 'OBAT-466', 'OBAT-466', 'GPU Pala 30ml', '2028-01-01', '7875', 'Botol', 'Botol', 1, 1, '7875', 0),
(1409, 'F1004230040', 'OBAT-467', 'OBAT-467', 'Handsaplast koyo hangat ', '2024-11-30', '5548', 'PCS', 'PCS', 1, 10, '55480', 0),
(1410, 'F1004230040', 'OBAT-468', 'OBAT-468', 'Handsaplast koyo Panas', '2024-11-30', '5548', 'PCS', 'PCS', 1, 10, '55480', 0),
(1411, 'F1104230041', 'OBAT-469', 'OBAT-469', 'Demacolin tab', '2026-12-31', '4460', 'Strip', 'Strip', 1, 10, '44600', 0),
(1412, 'F1204230042', 'OBAT-470', 'OBAT-470', 'Cerebrofort gold orange ', '2024-07-31', '15545', 'Botol', 'Botol', 1, 1, '15545', 0),
(1413, 'F1204230042', 'OBAT-471', 'OBAT-471', 'Cerebrofort gold strawberry', '2024-08-31', '15545', 'Botol', 'Botol', 1, 1, '15545', 0),
(1414, 'F1204230042', 'OBAT-472', 'OBAT-472', 'Mixagrip flu batuk ', '2025-01-31', '2140', 'Strip', 'Strip', 1, 25, '53500', 0),
(1415, 'F1204230042', 'OBAT-473', 'OBAT-473', 'Mixagrip flu', '2024-12-31', '1945', 'Strip', 'Strip', 1, 25, '48625', 0),
(1416, 'F1605230043', 'OBAT-474', 'OBAT-474', 'Fasidol forte ungu', '2027-01-31', '3160', 'Strip', 'Strip', 1, 10, '31600', 0),
(1417, 'F2505230044', 'OBAT-477', 'OBAT-477', 'Lactacyd baby 60ml pink ', '2024-06-30', '23462', 'Botol', 'Botol', 1, 2, '46924', 0),
(1418, 'F2505230044', 'ALKES-76', 'ALKES-76', 'Leukoplast 2,5cm x 1m', '2027-01-31', '6050', 'PCS', 'PCS', 1, 2, '12100', 0),
(1419, 'F2505230044', 'OBAT-475', 'OBAT-475', 'Atorvastatin 10mg ', '2024-08-31', '3000', 'Strip', 'Strip', 1, 3, '9000', 0),
(1420, 'F2505230044', 'OBAT-476', 'OBAT-476', 'Degirol loz kecil ', '2026-11-26', '7000', 'Strip', 'Strip', 1, 5, '35000', 0);

-- --------------------------------------------------------

--
-- Table structure for table `penerimaan_barang`
--

CREATE TABLE `penerimaan_barang` (
  `nomor_rec` varchar(100) NOT NULL,
  `nomor_faktur` varchar(100) NOT NULL,
  `nomor_po` varchar(100) NOT NULL,
  `tanggal_penerimaan` date NOT NULL,
  `penerima` varchar(200) NOT NULL,
  `keterangan` varchar(500) NOT NULL,
  `waktu_update` timestamp NOT NULL DEFAULT current_timestamp() ON UPDATE current_timestamp()
) ENGINE=InnoDB DEFAULT CHARSET=latin1 COLLATE=latin1_swedish_ci;

--
-- Dumping data for table `penerimaan_barang`
--

INSERT INTO `penerimaan_barang` (`nomor_rec`, `nomor_faktur`, `nomor_po`, `tanggal_penerimaan`, `penerima`, `keterangan`, `waktu_update`) VALUES
('PE0103230032', 'F0103230032', 'PO0103230032', '2023-03-01', 'KASIR 1', 'sesuai', '2023-03-01 06:50:17'),
('PE0202230017', 'F0202230017', 'PO3101230017', '2023-01-01', 'KASIR 1', 'SESUAI', '2023-02-02 07:00:37'),
('PE0202230018', 'F0202230018', 'PO0202230018', '2023-01-13', 'KASIR 1', 'SESUAI', '2023-02-02 07:02:07'),
('PE0202230019', 'F0202230020', 'PO0202230020', '2023-01-20', 'KASIR 1', 'SESUAI', '2023-02-02 07:14:04'),
('PE0202230020', 'F0202230021', 'PO0202230021', '2023-01-18', 'KASIR 1', 'sesuai', '2023-02-02 07:42:15'),
('PE0404230037', 'F0404230037', 'PO0404230037', '2023-04-04', 'KASIR 1', 'SESUAI', '2023-04-04 02:32:25'),
('PE0404230038', 'F0404230038', 'PO0404230038', '2023-04-04', 'KASIR 1', 'SESUA', '2023-04-04 02:32:44'),
('PE0404230039', 'F0404230039', 'PO0404230039', '2023-04-04', 'KASIR 1', 'SESUAI', '2023-04-04 03:46:42'),
('PE0603230033', 'F0603230033', 'PO0603230033', '2023-03-01', 'KASIR 1', 'SESUAI', '2023-03-06 02:21:14'),
('PE0603230034', 'F0603230034', 'PO0603230034', '2023-03-01', 'KASIR 1', 'SESUAI', '2023-03-06 02:55:01'),
('PE0902230021', 'F0202230019', 'PO0202230019', '2023-01-20', 'KASIR 1', 'sesuai', '2023-02-09 01:32:34'),
('PE0902230022', 'F0902230022', 'PO0802230022', '2023-02-06', 'KASIR 1', 'SESUAI', '2023-02-09 06:32:00'),
('PE0902230023', 'F0902230023', 'PO0802230023', '2023-02-06', 'KASIR 1', 'SESUAI', '2023-02-09 06:32:25'),
('PE1004230040', 'F1004230040', 'PO1004230040', '2023-04-07', 'KASIR 1', 'sesuai', '2023-04-10 01:49:50'),
('PE1104230041', 'F1104230041', 'PO1104230041', '2023-04-11', 'KASIR 1', 'SESUAI', '2023-04-11 06:50:35'),
('PE1201230002', 'F1201230002', 'PO1201230002', '2022-12-31', 'KASIR 1', 'SESUAI', '2023-01-12 07:22:52'),
('PE1201230003', 'F1201230004', 'PO1101230001', '2022-12-31', 'KASIR 1', 'SESUAI', '2023-01-12 07:19:52'),
('PE1204230042', 'F1204230042', 'PO1204230042', '2023-04-12', 'KASIR 1', 'sesuai', '2023-04-12 01:48:31'),
('PE1302230024', 'F1302230024', 'PO1302230024', '2023-02-06', 'KASIR 1', 'sesuai', '2023-02-13 02:39:32'),
('PE1302230025', 'F1302230025', 'PO1302230025', '2023-02-13', 'KASIR 1', 'SESUAI', '2023-02-13 07:42:05'),
('PE1402230026', 'F1402230026', 'PO1402230026', '2023-02-13', 'KASIR 1', 'SESUAI', '2023-02-14 01:58:15'),
('PE1602230027', 'F1602230027', 'PO1602230027', '2023-02-06', 'KASIR 1', 'SESUAI', '2023-02-16 02:10:03'),
('PE1603230035', 'F1603230035', 'PO1603230035', '2023-03-17', 'KASIR 1SESUAI', '', '2023-03-16 02:08:33'),
('PE1605230043', 'F1605230043', 'PO1605230043', '2023-05-15', 'KASIR 1', 'SESUAI', '2023-05-16 08:06:04'),
('PE1701230003', 'F1701230003', 'PO1701230003', '2022-12-31', 'KASIR 1', 'SESUAI', '2023-01-17 08:06:09'),
('PE1801230004', 'F1801230004', 'PO1801230004', '2022-12-31', 'KASIR 1', 'SESUAI', '2023-01-18 03:43:31'),
('PE1801230005', 'F1801230005', 'PO1801230005', '2022-12-31', 'KASIR 1', 'SESUAI', '2023-01-18 08:34:11'),
('PE1901230006', 'F1901230006', 'PO1901230006', '2022-12-31', 'KASIR 1', 'SESUAI', '2023-01-19 04:51:10'),
('PE1901230007', 'F1901230007', 'PO1901230007', '2022-12-31', 'KASIR 1', 'SESUAI', '2023-01-19 07:10:48'),
('PE2202230028', 'F2202230028', 'PO2202230028', '2023-02-21', 'KASIR 1', 'SESUAI', '2023-02-22 06:52:22'),
('PE2302230029', 'F2302230029', 'PO2302230029', '2023-02-06', 'KASIR 1', 'sesuai', '2023-02-23 06:30:47'),
('PE2401230008', 'F2401230008', 'PO2401230008', '2023-01-01', 'KASIR 1', 'SESUAI', '2023-01-24 07:07:57'),
('PE2402230030', 'F2402230030', 'PO2402230030', '2023-02-23', 'KASIR 1', 'SESUAI', '2023-02-24 02:34:01'),
('PE2501230009', 'F2501230009', 'PO2501230009', '2023-01-01', 'KASIR 1', 'SESUAI', '2023-01-25 02:39:33'),
('PE2501230010', 'F2501230010', 'PO2501230010', '2023-01-01', 'KASIR 1', 'SESUAI', '2023-01-25 03:51:57'),
('PE2501230011', 'F2501230011', 'PO2501230011', '2023-01-01', 'KASIR 1', 'SESUAI', '2023-01-25 07:49:35'),
('PE2505230044', 'F2505230044', 'PO2505230044', '2023-05-25', 'KASIR 1', 'SESUAI', '2023-05-25 08:13:13'),
('PE2601230012', 'F2601230012', 'PO2601230012', '2023-01-05', 'KASIR 1', 'SUSUAI', '2023-01-26 03:51:41'),
('PE2701230013', 'F2701230013', 'PO2701230013', '2023-01-10', 'KASIR 1', 'SESUAI', '2023-01-27 02:19:43'),
('PE2702230031', 'F2702230031', 'PO2702230031', '2023-02-24', 'KASIR 1', 'SESUAI', '2023-02-27 04:28:05'),
('PE2703230036', 'F2703230036', 'PO2703230036', '2023-03-20', 'KASIR 1', 'sesuai', '2023-03-27 03:11:15'),
('PE3001230014', 'F3001230014', 'PO3001230014', '2023-01-09', 'KASIR 1', 'SESUAI', '2023-01-30 04:43:10'),
('PE3001230015', 'F3001230015', 'PO3001230015', '2023-01-13', 'KASIR 1', 'SESUAI', '2023-01-30 07:22:38'),
('PE3001230016', 'F3001230016', 'PO3001230016', '2023-01-13', 'KASIR 1', 'SESUAI', '2023-01-30 08:15:39');

-- --------------------------------------------------------

--
-- Table structure for table `penerimaan_barang_detail`
--

CREATE TABLE `penerimaan_barang_detail` (
  `idd` int(11) NOT NULL,
  `nomor_rec` varchar(100) NOT NULL,
  `kode_item` varchar(100) NOT NULL,
  `sku` varchar(200) NOT NULL,
  `nama_item` varchar(200) NOT NULL,
  `tgl_expired` date NOT NULL,
  `kuantiti` int(5) NOT NULL,
  `satuan_kecil` varchar(100) NOT NULL
) ENGINE=InnoDB DEFAULT CHARSET=latin1 COLLATE=latin1_swedish_ci;

--
-- Dumping data for table `penerimaan_barang_detail`
--

INSERT INTO `penerimaan_barang_detail` (`idd`, `nomor_rec`, `kode_item`, `sku`, `nama_item`, `tgl_expired`, `kuantiti`, `satuan_kecil`) VALUES
(28, 'PE2812220001', '8999909028230', '8999909028230', 'BIOVISION STRIP 10 KAPSUL', '2022-12-31', 10, 'Tablet'),
(29, 'PE2812220002', 'N-01', 'N-01', 'Adem Sari', '2022-12-31', 12, 'sacshet'),
(30, 'PE1101230002', 'KOS-01', 'KOS-01', 'Emina Daily mate cream 02', '2022-12-31', 1, 'Tube'),
(31, 'PE1201230003', 'KOS', 'KOS', 'Emina Daily mate cream 01', '2025-08-15', 1, 'Tube'),
(32, 'PE1201230003', 'KOS-01', 'KOS-01', 'Emina Daily mate cream 02', '2025-08-16', 3, 'Tube'),
(33, 'PE1201230003', 'KOS-13', 'KOS-13', 'Emina brigt stuff louse powder ', '2025-07-29', 4, 'PCS'),
(34, 'PE1201230003', 'KOS-14', 'KOS-14', 'Medisoft kapas ', '2027-08-10', 1, 'PCS'),
(35, 'PE1201230003', 'KOS-16', 'KOS-16', 'Tesa Tissu', '2027-09-22', 3, 'PCS'),
(36, 'PE1201230003', 'KOS-19', 'KOS-19', 'Cb huki cotton bad', '2027-08-05', 1, 'PCS'),
(37, 'PE1201230003', 'KOS-02', 'KOS-02', 'Vaseline hw perfect', '2024-05-30', 1, 'PCS'),
(38, 'PE1201230003', 'KOS-03', 'KOS-03', 'Citra HBL Golden glow', '2024-08-20', 1, 'Botol'),
(39, 'PE1201230003', 'KOS-04', 'KOS-04', 'Citra HBL pearly white', '2025-08-24', 1, 'Botol'),
(40, 'PE1201230003', 'KOS-05', 'KOS-05', 'Citra HBL Bengkuang ', '2025-07-11', 1, 'Botol'),
(41, 'PE1201230003', 'KOS-06', 'KOS-06', 'Herborist body butter zaitun', '2025-03-01', 1, 'Tube'),
(42, 'PE1201230003', 'KOS-07', 'KOS-07', 'Herborist body butter choco', '2025-07-01', 1, 'Tube'),
(43, 'PE1201230003', 'KOS-08', 'KOS-08', 'Herborist body butter straw', '2025-08-01', 1, 'Tube'),
(44, 'PE1201230003', 'KOS-11', 'KOS-11', 'Azarine acne gentle cleansing foam', '2025-02-09', 1, 'Tube'),
(45, 'PE1201230003', 'KOS-21', 'KOS-21', 'Azarine Sunscren serum gagical', '2025-02-09', 1, 'Tube'),
(46, 'PE1201230003', 'KOS-12', 'KOS-12', 'Azarine fresh radiant bright scrub', '2025-02-06', 1, 'Tube'),
(47, 'PE1201230003', 'KOS-09', 'KOS-09', 'Herborist minyak zaitun 150 ', '2025-07-01', 2, 'Botol'),
(48, 'PE1201230003', 'KOS-10', 'KOS-10', 'Herborist minyak zaitun 50 ', '2025-09-01', 3, 'Botol'),
(49, 'PE1201230003', 'KOS-22', 'KOS-22', 'Herborist FF Trea Free ', '2025-07-01', 1, 'PCS'),
(50, 'PE1201230003', 'KOS-23', 'KOS-23', 'Herborist scrup apple', '2025-08-01', 1, 'Tube'),
(51, 'PE1201230003', 'KOS-24', 'KOS-24', 'Herborist Face scrub rasbery and tomato', '2025-10-01', 1, 'Tube'),
(52, 'PE1201230003', 'KOS-25', 'KOS-25', 'Herborist FF Zaetun', '2025-09-01', 1, 'Tube'),
(53, 'PE1201230003', 'KOS-26', 'KOS-26', 'Herborist FW G ell rose', '2025-05-01', 1, 'Tube'),
(54, 'PE1201230003', 'KOS-27', 'KOS-27', 'Acnes FW Oil Control ', '2025-04-01', 1, 'Tube'),
(55, 'PE1201230003', 'KOS-28', 'KOS-28', 'Acnes Fw Complit White ', '2025-06-01', 1, 'Tube'),
(56, 'PE1201230003', 'KOS-29', 'KOS-29', 'Acnes FW Yougurt touch', '2025-06-01', 1, 'Tube'),
(57, 'PE1201230003', 'KOS-30', 'KOS-30', 'Eskulin Cologne dazling purple', '2025-03-01', 1, 'Botol'),
(58, 'PE1201230003', 'KOS-31', 'KOS-31', 'Eskulin cologne pink blosoom', '2025-03-01', 1, 'Botol'),
(59, 'PE1201230003', 'KOS-32', 'KOS-32', 'Vivile masker bengkuang ', '2025-01-20', 1, 'PCS'),
(60, 'PE1201230003', 'KOS-33', 'KOS-33', 'Vivile masker pomergrate', '2025-01-03', 1, 'PCS'),
(61, 'PE1201230003', 'KOS-34', 'KOS-34', 'Vivile masker colagen masker colegenanti ac', '2025-01-07', 1, 'PCS'),
(62, 'PE1201230003', 'KOS-35', 'KOS-35', 'Vivile masker chorcoal', '2025-01-31', 1, 'PCS'),
(63, 'PE1201230003', 'KOS-36', 'KOS-36', 'Hadalabo gkj face wash ', '2025-07-01', 1, 'Tube'),
(64, 'PE1201230003', 'KOS-37', 'KOS-37', 'Hadalabo srj face wash', '2025-09-01', 1, 'Tube'),
(65, 'PE1201230003', 'KOS-38', 'KOS-38', 'Hadalabo facewash white 50 ml', '2025-03-01', 1, 'Tube'),
(66, 'PE1201230003', 'KOS-39', 'KOS-39', 'Garnier sakura serum mask ', '2024-12-01', 1, 'PCS'),
(67, 'PE1201230003', 'KOS-40', 'KOS-40', 'Garnier Sakura white serum mask', '2024-04-01', 1, 'PCS'),
(68, 'PE1201230003', 'KOS-41', 'KOS-41', 'Garnier face mask clear up', '2024-05-01', 1, 'PCS'),
(69, 'PE1201230003', 'KOS-42', 'KOS-42', 'Garnier serum mask hb hijau', '2024-10-01', 1, 'PCS'),
(70, 'PE1201230003', 'KOS-43', 'KOS-43', 'Dettol SF Fresh ', '2024-04-01', 1, 'Botol'),
(71, 'PE1201230003', 'KOS-44', 'KOS-44', 'Dettol SF Original', '2024-03-01', 1, 'Botol'),
(72, 'PE1201230003', 'KOS-45', 'KOS-45', 'Dettol SF cool', '2024-04-01', 1, 'Botol'),
(73, 'PE1201230003', 'KOS-46', 'KOS-46', 'Dettol SF skincare', '2024-11-01', 1, 'Botol'),
(74, 'PE1201230003', 'KOS-47', 'KOS-47', 'Elips Hair mask repair ', '2025-04-01', 2, 'PCS'),
(75, 'PE1201230003', 'KOS-48', 'KOS-48', 'Elips Hair mask smooth slyking', '2025-09-01', 1, 'PCS'),
(76, 'PE1201230003', 'KOS-49', 'KOS-49', 'Elips Hair mask silky b sc ', '2025-03-01', 3, 'PCS'),
(77, 'PE1201230003', 'KOS-50', 'KOS-50', 'Viva air mawar', '2025-07-01', 2, 'Botol'),
(78, 'PE1201230003', 'KOS-51', 'KOS-51', 'Viva milk cleanser spirulina ', '2025-08-01', 1, 'Botol'),
(79, 'PE1201230003', 'KOS-52', 'KOS-52', 'Viva cucumber', '2025-05-01', 1, 'Botol'),
(80, 'PE1201230003', 'KOS-53', 'KOS-53', 'Biore BF Relax ', '2025-08-15', 1, 'Botol'),
(81, 'PE1201230003', 'KOS-54', 'KOS-54', 'Biore BF E mild', '2025-08-29', 1, 'Botol'),
(82, 'PE1201230003', 'KOS-55', 'KOS-55', 'Vaseline repair baby ', '2025-08-01', 3, 'PCS'),
(83, 'PE1201230003', 'KOS-56', 'KOS-56', 'Fair & Lovely 2 in 1 powder CR ', '2024-04-19', 2, 'Tube'),
(84, 'PE1201230003', 'KOS-57', 'KOS-57', 'Acne creamy wash ', '2025-05-01', 2, 'Tube'),
(85, 'PE1201230003', 'KOS-58', 'KOS-58', 'Citra hazeline pearly white', '2024-08-26', 1, 'PCS'),
(86, 'PE1201230003', 'KOS-59', 'KOS-59', 'Ponds WB tone up milk cream ', '2025-07-15', 1, 'PCS'),
(87, 'PE1201230003', 'KOS-60', 'KOS-60', 'Ponds WB pinkish white cream ', '2025-08-30', 1, 'PCS'),
(88, 'PE1201230003', 'KOS-61', 'KOS-61', 'Ponds AM Night cream ', '2025-08-12', 1, 'PCS'),
(89, 'PE1201230003', 'KOS-62', 'KOS-62', 'Garnier miceler watter pink 125', '2025-02-01', 1, 'Botol'),
(90, 'PE1201230003', 'KOS-63', 'KOS-63', 'Garnier miceler watter blue 125', '2025-04-01', 1, 'Botol'),
(91, 'PE1201230003', 'KOS-64', 'KOS-64', 'Garnier miceler watter pink 50', '2025-03-01', 1, 'Botol'),
(92, 'PE1201230003', 'KOS-65', 'KOS-65', 'Herborist face scrub orange ', '2025-08-01', 1, 'Tube'),
(93, 'PE1201230003', 'KOS-66', 'KOS-66', 'Viva milk cleanser green tea ', '2025-07-01', 1, 'Botol'),
(94, 'PE1201230003', 'KOS-67', 'KOS-67', 'Elips hair vitamin coklat', '2025-06-01', 1, 'PCS'),
(95, 'PE1201230003', 'KOS-68', 'KOS-68', 'Elips merah recovery', '2025-03-01', 1, 'PCS'),
(96, 'PE1201230003', 'KOS-69', 'KOS-69', 'Elips ungu', '2025-03-01', 1, 'Botol'),
(97, 'PE1201230003', 'KOS-70', 'KOS-70', 'Elips keratin silky black ', '2025-06-01', 1, 'PCS'),
(98, 'PE1201230003', 'KOS-71', 'KOS-71', 'Elips keratin smoothy & silky', '2025-04-01', 1, 'PCS'),
(99, 'PE1201230003', 'KOS-72', 'KOS-72', 'Victoria teens clg gel winnter', '2025-08-01', 1, 'Botol'),
(100, 'PE1201230003', 'KOS-73', 'KOS-73', 'Victoria teens clg gel antum', '2025-09-01', 1, 'Botol'),
(101, 'PE1201230003', 'KOS-74', 'KOS-74', 'Victoria teens clg gel rainbow', '2025-06-01', 1, 'Botol'),
(102, 'PE1201230003', 'KOS-75', 'KOS-75', 'Victoria teens clg gel spring', '2025-08-01', 1, 'Botol'),
(103, 'PE1201230003', 'KOS-76', 'KOS-76', 'Acnes jel 9 ', '2025-08-28', 2, 'Tube'),
(104, 'PE1201230003', 'KOS-77', 'KOS-77', 'Acnes sport care 120', '2025-05-01', 2, 'Tube'),
(105, 'PE1201230003', 'KOS-78', 'KOS-78', 'Eskulin hijab perfect ', '2025-05-01', 1, 'Botol'),
(106, 'PE1201230003', 'KOS-79', 'KOS-79', 'Eskulin gel dream', '2025-05-01', 1, 'Botol'),
(107, 'PE1201230003', 'KOS-80', 'KOS-80', 'Eskulin gel friday', '2025-09-01', 1, 'Botol'),
(108, 'PE1201230003', 'KOS-81', 'KOS-81', 'Eskulin gel monday', '2025-05-01', 1, 'Botol'),
(109, 'PE1201230003', 'KOS-81', 'KOS-81', 'Eskulin gel monday', '2025-06-01', 1, 'Botol'),
(110, 'PE1201230003', 'KOS-82', 'KOS-82', 'Eskulin gel romantic', '2025-06-01', 1, 'Botol'),
(111, 'PE1201230003', 'KOS-83', 'KOS-83', 'Eskulin hijab fresh', '2025-07-01', 1, 'Botol'),
(112, 'PE1201230003', 'KOS-84', 'KOS-84', 'Garnier LC white serum spf 19 20 ', '2026-06-01', 2, 'Tube'),
(113, 'PE1201230003', 'KOS-85', 'KOS-85', 'Skin aqua UV Mild milk 4', '2026-03-01', 1, 'PCS'),
(114, 'PE1201230003', 'KOS-86', 'KOS-86', 'Rexona RO Glowing white ', '2023-05-06', 1, 'PCS'),
(115, 'PE1201230003', 'KOS-87', 'KOS-87', 'Rexona women rool on invible', '2024-08-19', 1, 'PCS'),
(116, 'PE1201230003', 'KOS-88', 'KOS-88', 'Rexona women ro adv white', '2024-07-21', 1, 'PCS'),
(117, 'PE1201230003', 'KOS-89', 'KOS-89', 'Rexona ro dreamy white ', '2024-08-19', 1, 'PCS'),
(118, 'PE1201230003', 'KOS-90', 'KOS-90', 'Vaselin repair aloejo', '2025-07-12', 2, 'PCS'),
(119, 'PE1201230003', 'KOS-91', 'KOS-91', 'Kahf edt humbling 35 ml', '2025-06-22', 1, 'Botol'),
(120, 'PE1201230003', 'KOS-92', 'KOS-92', 'Kahf edt true brotherhood 35 ml', '2025-05-17', 1, 'Botol'),
(121, 'PE1201230003', 'KOS-93', 'KOS-93', 'Kahf edt revered out 35ml', '2025-08-18', 1, 'Botol'),
(122, 'PE1201230003', 'KOS-94', 'KOS-94', 'Kahf face wash acne ', '2025-09-26', 1, 'Tube'),
(123, 'PE1201230003', 'KOS-95', 'KOS-95', 'Kahf edt invigething', '2025-05-30', 1, 'Botol'),
(124, 'PE1201230003', 'KOS-96', 'KOS-96', 'Kahf face wash brighte', '2025-09-27', 1, 'Tube'),
(125, 'PE1201230003', 'KOS-97', 'KOS-97', 'Kahf face wash triple action oil', '2025-09-06', 1, 'Tube'),
(126, 'PE1201230003', 'KOS-98', 'KOS-98', 'Kahf gentle face scrub ', '2025-09-23', 1, 'Tube'),
(127, 'PE1201230003', 'KOS-99', 'KOS-99', 'Kahf deodorant', '2025-08-29', 2, 'Botol'),
(128, 'PE1201230003', 'KOS-100', 'KOS-100', 'Emina bright stuff sheet mask ', '2025-07-26', 2, 'PCS'),
(129, 'PE1201230003', 'KOS-101', 'KOS-101', 'Emina sugar rush lip scrub ', '2024-07-18', 1, 'PCS'),
(130, 'PE1201230003', 'KOS-102', 'KOS-102', 'Emina bright stuff moisturizing cream ', '2025-09-19', 2, 'Tube'),
(131, 'PE1201230003', 'KOS-103', 'KOS-103', 'Emina Sun battle spf 30', '2025-09-27', 2, 'Tube'),
(132, 'PE1201230003', 'KOS-104', 'KOS-104', 'Emina magic potion 05', '2025-06-09', 1, 'PCS'),
(133, 'PE1201230003', 'KOS-106', 'KOS-106', 'Wardah uv shield essent gell ', '2025-10-05', 3, 'Tube'),
(134, 'PE1201230003', 'KOS-107', 'KOS-107', 'Wardah exclusive matte lip cream 03', '2025-03-29', 1, 'PCS'),
(135, 'PE1201230003', 'KOS-108', 'KOS-108', 'Wardah exclusive matte lip cream 09', '2025-08-25', 1, 'PCS'),
(136, 'PE1201230003', 'KOS-109', 'KOS-109', 'Wardah color fit last all day lip paint 14', '2025-01-15', 1, 'PCS'),
(137, 'PE1201230003', 'KOS-110', 'KOS-110', 'Wardah color fit last velvet matte lip mouse 08', '2025-06-30', 1, 'PCS'),
(138, 'PE1201230003', 'KOS-111', 'KOS-111', 'Wardah color fit last velvet matte lip mouse 09', '2025-06-10', 1, 'PCS'),
(139, 'PE1201230003', 'KOS-112', 'KOS-112', 'Wardah scetsation bliss bodymist ', '2025-05-12', 1, 'Botol'),
(140, 'PE1201230003', 'KOS-113', 'KOS-113', 'Wardah scetsation purity bodymist ', '2025-10-04', 1, 'Botol'),
(141, 'PE1201230003', 'KOS-114', 'KOS-114', 'Wardah scetsation passion bodymist ', '2025-05-31', 1, 'Botol'),
(142, 'PE1201230003', 'KOS-115', 'KOS-115', 'Wardah scetsation joyfull bodymist ', '2025-06-16', 1, 'Botol'),
(143, 'PE1201230003', 'KOS-116', 'KOS-116', 'Wardah lightening face mist ', '2025-07-28', 2, 'Botol'),
(144, 'PE1201230003', 'KOS-117', 'KOS-117', 'Wardah lightening bb cream natural', '2025-07-26', 1, 'Tube'),
(145, 'PE1201230003', 'KOS-118', 'KOS-118', 'Wardah everyday bb cream light ', '2025-08-13', 1, 'Tube'),
(146, 'PE1201230003', 'KOS-119', 'KOS-119', 'Wardah eyepert liner black ', '2025-05-20', 1, 'PCS'),
(147, 'PE1201230003', 'KOS-120', 'KOS-120', 'Wardah eyepert liftflash mascara', '2025-08-10', 1, 'PCS'),
(148, 'PE1201230003', 'KOS-121', 'KOS-121', 'Loreal crystal essence ', '2023-08-01', 2, 'Botol'),
(149, 'PE1201230003', 'KOS-122', 'KOS-122', 'La tulipe hydraluronik serum', '2025-04-01', 1, 'Botol'),
(150, 'PE1201230003', 'KOS-123', 'KOS-123', 'La tulipe sunscren crem', '2024-08-01', 1, 'Tube'),
(151, 'PE1201230003', 'KOS-124', 'KOS-124', 'La tulipe colagen serum ', '2025-07-01', 1, 'Botol'),
(152, 'PE1201230003', 'KOS-125', 'KOS-125', 'La tulipe sunscren gel', '2024-12-01', 2, 'Tube'),
(153, 'PE1201230003', 'KOS-126', 'KOS-126', 'La tulipe bright sheet mask ', '2024-07-01', 1, 'PCS'),
(154, 'PE1201230003', 'KOS-127', 'KOS-127', 'LT Men facial wash cool sens ', '2025-09-01', 1, 'Tube'),
(155, 'PE1201230003', 'KOS-128', 'KOS-128', 'LT Men refreshing cream ', '2025-07-01', 1, 'Tube'),
(156, 'PE1201230003', 'KOS-129', 'KOS-129', 'La tulipe shimmeing touch starlight ', '2025-02-01', 1, 'PCS'),
(157, 'PE1201230003', 'KOS-130', 'KOS-130', 'La tulipe exfloating serum ', '2025-01-01', 1, 'Botol'),
(158, 'PE1201230003', 'KOS-131', 'KOS-131', 'La tulipe hydrating sheet mask ', '2025-05-01', 1, 'PCS'),
(159, 'PE1201230003', 'KOS-132', 'KOS-132', 'La tulipe bb cushion 02', '2025-06-01', 1, 'PCS'),
(160, 'PE1201230003', 'KOS-133', 'KOS-133', 'La tulipe countur kit med 10', '2027-02-01', 1, 'PCS'),
(161, 'PE1201230003', 'KOS-135', 'KOS-135', 'La tulipe liptint butterscotch ', '2025-05-01', 1, 'PCS'),
(162, 'PE1201230003', 'KOS-220', 'KOS-220', 'La tulipe shadowkit dark brown', '2027-03-01', 1, 'PCS'),
(163, 'PE1201230003', 'KOS-136', 'KOS-136', 'La tulipe liptint cottion candy ', '2025-11-01', 1, 'PCS'),
(164, 'PE1201230003', 'KOS-137', 'KOS-137', 'La tulipe liptint red velvet', '2025-08-01', 1, 'PCS'),
(165, 'PE1201230003', 'KOS-138', 'KOS-138', 'La tulipe bare mate lip cream 10', '2025-10-01', 1, 'PCS'),
(166, 'PE1201230003', 'KOS-139', 'KOS-139', 'La tulipe bare mate lip cream 01', '2025-11-01', 1, 'PCS'),
(167, 'PE1201230003', 'KOS-140', 'KOS-140', 'Revlon colorsik bold brown ', '2023-10-01', 1, 'Botol'),
(168, 'PE1201230003', 'KOS-141', 'KOS-141', 'Revlon colorsik med maho brown', '2023-10-01', 1, 'Botol'),
(169, 'PE1201230003', 'KOS-142', 'KOS-142', 'Revlon charlie edt gold', '2026-08-15', 1, 'Botol'),
(170, 'PE1201230003', 'KOS-144', 'KOS-144', 'Revlon t&g compact soft beige', '2026-01-01', 1, 'PCS'),
(171, 'PE1201230003', 'KOS-143', 'KOS-143', 'Revlon nail granite', '2024-11-01', 1, 'Botol'),
(172, 'PE1201230003', 'KOS-145', 'KOS-145', 'Revlon nail slate ', '2024-11-01', 1, 'Botol'),
(173, 'PE1201230003', 'KOS-146', 'KOS-146', 'Revlon nail moonlit nauve', '2024-11-01', 1, 'Botol'),
(174, 'PE1201230003', 'KOS-147', 'KOS-147', 'Revlon nail top speed top coat', '2025-03-01', 1, 'Botol'),
(175, 'PE1201230003', 'KOS-148', 'KOS-148', 'Sada khelir liptint ceri bon-bon ', '2025-03-01', 1, 'PCS'),
(176, 'PE1201230003', 'KOS-149', 'KOS-149', 'Sada khelir liptint rosi-rosi', '2025-06-01', 1, 'PCS'),
(177, 'PE1201230003', 'KOS-150', 'KOS-150', 'Sada khelir liptint sweet sica', '2025-02-01', 1, 'PCS'),
(178, 'PE1201230003', 'KOS-151', 'KOS-151', 'Sada khelir liptint golden coco', '2025-06-01', 1, 'PCS'),
(179, 'PE1201230003', 'KOS-152', 'KOS-152', 'Sada khelir liptint lia love', '2025-03-01', 1, 'PCS'),
(180, 'PE1201230003', 'KOS-153', 'KOS-153', 'Azura mate lipcream 04 perfect nude ', '2025-10-14', 1, 'PCS'),
(181, 'PE1201230003', 'KOS-154', 'KOS-154', 'Azura mate lipcream 08 peach', '2025-02-16', 1, 'PCS'),
(182, 'PE1201230003', 'KOS-155', 'KOS-155', 'Azura mate lipcream 02 peach', '2023-02-04', 1, 'PCS'),
(183, 'PE1201230003', 'KOS-156', 'KOS-156', 'Maybeline fit me c powder 112', '2025-04-01', 1, 'PCS'),
(184, 'PE1201230003', 'KOS-157', 'KOS-157', 'Maybeline fit me c powder 120', '2025-01-01', 1, 'PCS'),
(185, 'PE1201230003', 'KOS-158', 'KOS-158', 'Maybeline fit me c powder 118', '2025-06-01', 1, 'PCS'),
(186, 'PE1201230003', 'KOS-159', 'KOS-159', 'Maybeline fit me c powder 128', '2025-12-01', 1, 'PCS'),
(187, 'PE1201230003', 'KOS-160', 'KOS-160', 'Maybeline remover make up 70 ml', '2025-03-01', 2, 'Botol'),
(188, 'PE1201230003', 'KOS-161', 'KOS-161', 'Maybeline vol ex hypercurl maskara', '2025-05-01', 3, 'PCS'),
(189, 'PE1201230003', 'KOS-162', 'KOS-162', 'Maybeline instant age rewind 110', '2024-11-01', 1, 'PCS'),
(190, 'PE1201230003', 'KOS-163', 'KOS-163', 'Maybeline instant age rewind 122', '2024-11-01', 1, 'PCS'),
(191, 'PE1201230003', 'KOS-164', 'KOS-164', 'Maybeline fit me twc spf 118', '2024-10-01', 1, 'PCS'),
(192, 'PE1201230003', 'KOS-165', 'KOS-165', 'Maybeline fit me blush on', '2024-04-01', 2, 'PCS'),
(193, 'PE1201230003', 'KOS-166', 'KOS-166', 'Maybeline lips vinyl 65', '2025-03-01', 1, 'PCS'),
(194, 'PE1201230003', 'KOS-167', 'KOS-167', 'Maybeline fit me primer spf ', '2025-06-01', 1, 'PCS'),
(195, 'PE1201230003', 'KOS-168', 'KOS-168', 'Maybeline eyeliner line tatto ', '2024-11-01', 2, 'Botol'),
(196, 'PE1201230003', 'KOS-169', 'KOS-169', 'Maybeline line tatto crayon black', '2025-01-01', 1, 'PCS'),
(197, 'PE1201230003', 'KOS-170', 'KOS-170', 'Maybeline line tatto crayon brown', '2025-01-01', 1, 'PCS'),
(198, 'PE1201230003', 'KOS-171', 'KOS-171', 'Azarine niacinamide serum', '2025-02-08', 1, 'Botol'),
(199, 'PE1201230003', 'KOS-172', 'KOS-172', 'Azarine aha bha pha serum', '2025-02-06', 1, 'Botol'),
(200, 'PE1201230003', 'KOS-173', 'KOS-173', 'Azarine revitalizing antiaging serum', '2025-02-07', 1, 'Botol'),
(201, 'PE1201230003', 'KOS-174', 'KOS-174', 'Azarine retinol serum', '2025-02-08', 1, 'Botol'),
(202, 'PE1201230003', 'KOS-175', 'KOS-175', 'Something mugwortellla mask ', '2024-09-30', 1, 'PCS'),
(203, 'PE1201230003', 'KOS-176', 'KOS-176', 'Something salmon dna ', '2023-08-24', 1, 'Botol'),
(204, 'PE1201230003', 'KOS-177', 'KOS-177', 'Something bakuchiol oil serum ', '2025-01-18', 1, 'Botol'),
(205, 'PE1201230003', 'KOS-178', 'KOS-178', 'Something glowing up ss stick ', '2024-01-25', 1, 'PCS'),
(206, 'PE1201230003', 'KOS-179', 'KOS-179', 'Something loose powder beige ', '2024-11-29', 1, 'PCS'),
(207, 'PE1201230003', 'KOS-180', 'KOS-180', 'Something dna powder foundie sand beige ', '2025-03-15', 1, 'PCS'),
(208, 'PE1201230003', 'KOS-181', 'KOS-181', 'You triple uv elixir ', '2025-07-25', 1, 'Tube'),
(209, 'PE1201230003', 'KOS-182', 'KOS-182', 'You tone up  uv elixir 50', '2025-07-01', 1, 'Tube'),
(210, 'PE1201230003', 'KOS-183', 'KOS-183', 'You radiance white bb cream 01 vanila ', '2024-10-05', 1, 'Tube'),
(211, 'PE1201230003', 'KOS-184', 'KOS-184', 'You radiance white bb cream 03 mocha', '2024-10-04', 1, 'Botol'),
(212, 'PE1201230003', 'KOS-185', 'KOS-185', 'You radiance white bb cream 02 almond', '2024-10-09', 1, 'Tube'),
(213, 'PE1201230003', 'KOS-186', 'KOS-186', 'You simplicity bb cream 02 honey ', '2025-04-11', 1, 'Tube'),
(214, 'PE1201230003', 'KOS-187', 'KOS-187', 'You simplicity bb cream 01 vanila ', '2025-03-28', 1, 'Tube'),
(215, 'PE1201230003', 'KOS-188', 'KOS-188', 'You ink black lip liner ', '2025-03-21', 1, 'PCS'),
(216, 'PE1201230003', 'KOS-189', 'KOS-189', 'You lashtenshion mascara ', '2024-06-26', 1, 'PCS'),
(217, 'PE1201230003', 'KOS-190', 'KOS-190', 'You stay pen eyeliner ', '2025-05-31', 1, 'PCS'),
(218, 'PE1201230003', 'KOS-191', 'KOS-191', 'You eye shadow squad ', '2025-03-27', 2, 'PCS'),
(219, 'PE1201230003', 'KOS-192', 'KOS-192', 'You matte lip colour ', '2025-05-08', 2, 'PCS'),
(220, 'PE1201230003', 'KOS-193', 'KOS-193', ' You noutriwear cushion W805', '2024-09-13', 1, 'PCS'),
(221, 'PE1201230003', 'KOS-194', 'KOS-194', 'Erha youvit x collagen gummy ', '2023-09-07', 1, 'PCS'),
(222, 'PE1201230003', 'KOS-195', 'KOS-195', 'Erha skintive goothing facial mask ', '2024-11-07', 1, 'PCS'),
(223, 'PE1201230003', 'KOS-196', 'KOS-196', 'Erha 21 df brightening facial mask ', '2025-04-05', 1, 'PCS'),
(224, 'PE1201230003', 'KOS-197', 'KOS-197', 'Emina pop rouge pressed eye shadow nude ', '2025-07-13', 1, 'PCS'),
(225, 'PE1201230003', 'KOS-198', 'KOS-198', 'Emina cheek lip pressed blush cotton c ', '2025-07-20', 2, 'PCS'),
(226, 'PE1201230003', 'KOS-199', 'KOS-199', 'Emina squexe me up browcara woody', '2025-04-26', 3, 'PCS'),
(227, 'PE1201230003', 'KOS-200', 'KOS-200', 'Emina glosy stain 02 ', '2025-04-11', 2, 'PCS'),
(228, 'PE1201230003', 'KOS-201', 'KOS-201', 'Emina poppon mate the 90 edition 07 ', '2025-01-25', 1, 'PCS'),
(229, 'PE1201230003', 'KOS-202', 'KOS-202', 'Emina cheek lip blush stick pink ', '2024-06-14', 1, 'Botol'),
(230, 'PE1201230003', 'KOS-203', 'KOS-203', 'Emina lip mask 9gr', '2025-06-14', 1, 'PCS'),
(231, 'PE1201230003', 'KOS-204', 'KOS-204', 'Emina lip mask orange squash ', '2024-11-12', 1, 'Botol'),
(232, 'PE1201230003', 'KOS-205', 'KOS-205', 'Emina pop rouge pressed eye shadow romantic ', '2025-01-24', 1, 'PCS'),
(233, 'PE1201230003', 'KOS-206', 'KOS-206', 'Emina glosy stain 04', '2025-03-15', 1, 'Botol'),
(234, 'PE1201230003', 'KOS-207', 'KOS-207', 'Emina poppon mate the 90 edition 10', '2025-01-24', 1, 'Botol'),
(235, 'PE1201230003', 'KOS-208', 'KOS-208', 'Emina bright stuff serum ', '2025-09-10', 2, 'Tube'),
(236, 'PE1201230003', 'KOS-209', 'KOS-209', 'Pixy aqua beauty protection ', '2025-06-01', 1, 'Botol'),
(237, 'PE1201230003', 'KOS-210', 'KOS-210', 'Pixy mate in love 106', '2025-02-01', 1, 'PCS'),
(238, 'PE1201230003', 'KOS-211', 'KOS-211', 'Viva eye brow pencil ', '2025-04-01', 2, 'PCS'),
(239, 'PE1201230003', 'KOS-212', 'KOS-212', 'Viva pensil alis ', '2025-06-01', 2, 'PCS'),
(240, 'PE1201230003', 'KOS-213', 'KOS-213', 'Rose bay body mist mini pack ', '2025-08-01', 4, 'Botol'),
(241, 'PE1201230003', 'KOS-214', 'KOS-214', 'Brasov edp sport hitam 100ml', '2026-12-23', 1, 'Botol'),
(242, 'PE1201230003', 'KOS-215', 'KOS-215', 'Brasov edp sport abu-abu 100ml', '2027-01-08', 1, 'Botol'),
(243, 'PE1201230003', 'KOS-216', 'KOS-216', 'Rose bay body mist alice springs', '2025-08-01', 1, 'Botol'),
(244, 'PE1201230003', 'KOS-217', 'KOS-217', 'Rose bay body mist bondi beach', '2025-08-01', 1, 'Botol'),
(245, 'PE1201230003', 'KOS-218', 'KOS-218', 'Rose bay body mist botanical garden', '2025-08-01', 1, 'Botol'),
(246, 'PE1201230003', 'KOS-219', 'KOS-219', 'Rose bay body mist hyde park', '2025-08-01', 1, 'Botol'),
(247, 'PE1201230002', 'KOS-17', 'KOS-17', 'Confident adult pants L4', '2026-08-08', 1, 'PCS'),
(248, 'PE1201230002', 'KOS-18', 'KOS-18', 'Confident adult pants XL 3', '2026-08-08', 1, 'PCS'),
(249, 'PE1701230003', 'OBAT', 'OBAT', 'Adem Sari', '2023-06-24', 24, 'PCS'),
(250, 'PE1701230003', 'OBAT-01', 'OBAT-01', 'Ambeven', '2024-11-01', 3, 'PCS'),
(251, 'PE1701230003', 'OBAT-02', 'OBAT-02', 'Antangin cair dewasa', '2023-12-01', 2, 'PCS'),
(252, 'PE1701230003', 'OBAT-03', 'OBAT-03', 'Antimo Anak ', '2023-09-01', 10, 'PCS'),
(253, 'PE1701230003', 'OBAT-04', 'OBAT-04', 'Sabun Asepso', '2024-10-21', 2, 'PCS'),
(254, 'PE1701230003', 'OBAT-05', 'OBAT-05', 'Balm lang 10gr', '2026-09-01', 3, 'Botol'),
(255, 'PE1701230003', 'OBAT-06', 'OBAT-06', 'Balm lang 20gr', '2026-12-01', 3, 'Botol'),
(256, 'PE1701230003', 'OBAT-07', 'OBAT-07', 'Becom-zet', '2023-07-01', 5, 'Kapsul'),
(257, 'PE1701230003', 'OBAT-08', 'OBAT-08', 'Beruang minyak (Polar Bear)', '2025-08-01', 2, 'Botol'),
(258, 'PE1701230003', 'OBAT-09', 'OBAT-09', 'Betadine salep 5gr', '2024-02-01', 3, 'Tube'),
(259, 'PE1701230003', 'OBAT-10', 'OBAT-10', 'Bodrex', '2026-11-01', 4, 'Tablet'),
(260, 'PE1701230003', 'OBAT-11', 'OBAT-11', 'Bodrex extra', '2024-12-01', 22, 'Tablet'),
(261, 'PE1701230003', 'OBAT-12', 'OBAT-12', 'Bodrex flu batuk ', '2024-12-01', 21, 'Tablet'),
(262, 'PE1701230003', 'OBAT-13', 'OBAT-13', 'Caladin Lotion', '2023-11-01', 2, 'PCS'),
(263, 'PE1701230003', 'OBAT-14', 'OBAT-14', 'Caladin talk', '2023-11-01', 1, 'PCS'),
(264, 'PE1701230003', 'OBAT-15', 'OBAT-15', 'Combatrin 125', '2025-07-01', 3, 'Tablet'),
(265, 'PE1701230003', 'OBAT-16', 'OBAT-16', 'Combatrin 250', '2025-06-01', 2, 'Tablet'),
(266, 'PE1701230003', 'OBAT-17', 'OBAT-17', 'Combatrin sirup', '2024-08-01', 3, 'Botol'),
(267, 'PE1701230003', 'OBAT-105', 'OBAT-105', 'Counterpain ', '2023-11-01', 3, 'Tube'),
(268, 'PE1701230003', 'OBAT-19', 'OBAT-19', 'Curcuma plus 60ml', '2023-12-01', 1, 'Botol'),
(269, 'PE1701230003', 'KOS-221', 'KOS-221', 'Cusson Tisu 10 all', '2024-09-01', 3, 'PCS'),
(270, 'PE1701230003', 'KOS-222', 'KOS-222', 'Cusson Tisu 50 all', '2025-01-01', 6, 'PCS'),
(271, 'PE1701230003', 'OBAT-20', 'OBAT-20', 'Daktarin', '2024-07-01', 3, 'Tube'),
(272, 'PE1701230003', 'KOS-223', 'KOS-223', 'Dettol sabun batang', '2023-11-01', 1, 'PCS'),
(273, 'PE1701230003', 'OBAT-21', 'OBAT-21', 'Diapet ', '2024-11-01', 8, 'Tablet'),
(274, 'PE1701230003', 'KOS-224', 'KOS-224', 'Dove roll on ', '2023-05-01', 2, 'PCS'),
(275, 'PE1701230003', 'OBAT-22', 'OBAT-22', 'Dulcolax', '2024-06-01', 5, 'PCS'),
(276, 'PE1701230003', 'OBAT-23', 'OBAT-23', 'Em Kapsul ', '2025-08-01', 3, 'Kapsul'),
(277, 'PE1701230003', 'OBAT-24', 'OBAT-24', 'Entrostop anak ', '2025-10-01', 24, 'PCS'),
(278, 'PE1701230003', 'OBAT-25', 'OBAT-25', 'Entrostop dewasa ', '2026-10-01', 6, 'PCS'),
(279, 'PE1701230003', 'OBAT-26', 'OBAT-26', 'Ever E 12 New', '2023-11-01', 1, 'Tablet'),
(280, 'PE1701230003', 'OBAT-27', 'OBAT-27', 'Fitkom tab ', '2023-10-01', 3, 'Tablet'),
(281, 'PE1701230003', 'OBAT-28', 'OBAT-28', 'Frescare rool ', '2024-09-01', 2, 'PCS'),
(282, 'PE1701230003', 'OBAT-29', 'OBAT-29', 'Geliga 10gr', '2026-11-01', 3, 'Botol'),
(283, 'PE1701230003', 'OBAT-30', 'OBAT-30', 'Geliga 20gr', '2027-01-01', 2, 'Botol'),
(284, 'PE1701230003', 'OBAT-31', 'OBAT-31', 'Geliga cream 30ml', '2023-04-01', 3, 'Tube'),
(285, 'PE1701230003', 'OBAT-32', 'OBAT-32', 'GPU Sereh ', '2027-02-01', 3, 'Botol'),
(286, 'PE1701230003', 'OBAT-33', 'OBAT-33', 'Hemaviton action ', '2024-12-01', 3, 'Kapsul'),
(287, 'PE1701230003', 'OBAT-34', 'OBAT-34', 'Hemaviton stamina ', '2024-09-01', 2, 'Kapsul'),
(288, 'PE1701230003', 'OBAT-35', 'OBAT-35', 'Herocin ', '2026-11-01', 2, 'PCS'),
(289, 'PE1701230003', 'OBAT-36', 'OBAT-36', 'Hot cream 60ml', '2025-02-01', 1, 'Botol'),
(290, 'PE1701230003', 'OBAT-37', 'OBAT-37', 'Hufagrip tmp (merah)', '2025-01-01', 3, 'Botol'),
(291, 'PE1701230003', 'OBAT-38', 'OBAT-38', 'Hufagrip bp (Hijau)', '2026-01-01', 3, 'Botol'),
(292, 'PE1701230003', 'OBAT-39', 'OBAT-39', 'Hufagrip flu (kuning)', '2025-02-01', 3, 'Botol'),
(293, 'PE1701230003', 'OBAT-40', 'OBAT-40', 'Hufagrip pilek (biru)', '2025-01-01', 3, 'Botol'),
(294, 'PE1701230003', 'OBAT-41', 'OBAT-41', 'Insto ', '2025-12-01', 2, 'Botol'),
(295, 'PE1701230003', 'OBAT-42', 'OBAT-42', 'Kanna cream ', '2024-09-01', 1, 'Tube'),
(296, 'PE1701230003', 'OBAT-43', 'OBAT-43', 'Kapak 10ml', '2026-12-01', 3, 'Botol'),
(297, 'PE1701230003', 'OBAT-44', 'OBAT-44', 'Kapak 14ml', '2026-11-01', 3, 'Botol'),
(298, 'PE1701230003', 'OBAT-45', 'OBAT-45', 'Kapak 28ml', '2027-01-01', 3, 'Botol'),
(299, 'PE1701230003', 'OBAT-46', 'OBAT-46', 'Kapak 3ml', '2026-06-01', 2, 'Botol'),
(300, 'PE1701230003', 'OBAT-47', 'OBAT-47', 'Kapak 5ml', '2026-08-01', 3, 'Botol'),
(301, 'PE1701230003', 'KOS-225', 'KOS-225', 'Kapas Selection', '2025-01-01', 3, 'PCS'),
(302, 'PE1701230003', 'KOS-226', 'KOS-226', 'Kassa kotak bunda ', '2025-01-01', 3, 'Botol'),
(303, 'PE1701230003', 'OBAT-48', 'OBAT-48', 'Komix ', '2023-11-01', 60, 'PCS'),
(304, 'PE1701230003', 'OBAT-49', 'OBAT-49', 'Konicare minyak telon 30ml', '2024-08-01', 3, 'Botol'),
(305, 'PE1701230003', 'OBAT-50', 'OBAT-50', 'Konicare minyak telon plus  30ml', '2024-09-01', 2, 'Botol'),
(306, 'PE1701230003', 'OBAT-51', 'OBAT-51', 'Konidin ', '2024-12-01', 19, 'Tablet'),
(307, 'PE1701230003', 'OBAT-52', 'OBAT-52', 'Kool fever kids biru', '2025-01-01', 11, 'PCS'),
(308, 'PE1701230003', 'OBAT-53', 'OBAT-53', 'Koyo cabe ', '2026-01-01', 4, 'PCS'),
(309, 'PE1701230003', 'OBAT-54', 'OBAT-54', 'Larutan botol cap kaki badak ', '2026-12-01', 6, 'Botol'),
(310, 'PE1701230003', 'OBAT-55', 'OBAT-55', 'Laserin 30ml', '2025-02-01', 3, 'Botol'),
(311, 'PE1701230003', 'OBAT-56', 'OBAT-56', 'Laserin madu 30ml', '2026-01-01', 3, 'Botol'),
(312, 'PE1701230003', 'OBAT-57', 'OBAT-57', 'Listerin 100ml', '2024-10-01', 3, 'Botol'),
(313, 'PE1701230003', 'OBAT-58', 'OBAT-58', 'Madu Rasa', '2025-01-01', 12, 'PCS'),
(314, 'PE1701230003', 'KOS-227', 'KOS-227', 'Marcks (powder)', '2026-09-01', 2, 'PCS'),
(315, 'PE1701230003', 'OBAT-59', 'OBAT-59', 'Madu Tj kurma', '2024-08-01', 6, 'Botol'),
(316, 'PE1701230003', 'OBAT-60', 'OBAT-60', 'Microlax', '2023-11-01', 3, 'PCS'),
(317, 'PE1701230003', 'OBAT-61', 'OBAT-61', 'Mylanta ', '2023-09-01', 2, 'Tablet'),
(318, 'PE1701230003', 'OBAT-62', 'OBAT-62', 'Milton kaleng ', '2024-01-01', 11, 'PCS'),
(319, 'PE1701230003', 'OBAT-63', 'OBAT-63', 'MKP Lang 120ml ', '2027-02-01', 2, 'Botol'),
(320, 'PE1701230003', 'OBAT-64', 'OBAT-64', 'MKP Lang 210ml ', '2026-11-01', 1, 'Botol'),
(321, 'PE1701230003', 'OBAT-65', 'OBAT-65', 'My baby telon 60ml', '2026-10-01', 1, 'Botol'),
(322, 'PE1701230003', 'OBAT-66', 'OBAT-66', 'Neurobion pink', '2024-05-01', 2, 'Tablet'),
(323, 'PE1701230003', 'OBAT-67', 'OBAT-67', 'OBH Combi plus anak ', '2024-02-01', 1, 'Botol'),
(324, 'PE1701230003', 'OBAT-68', 'OBAT-68', 'OBH Combi plus dewasa', '2023-12-01', 3, 'Botol'),
(325, 'PE1701230003', 'OBAT-69', 'OBAT-69', 'Oskadon ', '2024-12-01', 23, 'Tablet'),
(326, 'PE1701230003', 'OBAT-70', 'OBAT-70', 'Pagoda pastiles new', '2025-03-01', 12, 'PCS'),
(327, 'PE1701230003', 'OBAT-71', 'OBAT-71', 'Panadol merah (extra)', '2025-01-01', 1, 'Tablet'),
(328, 'PE1701230003', 'OBAT-72', 'OBAT-72', 'Paramex', '2024-01-01', 25, 'Tablet'),
(329, 'PE1701230003', 'OBAT-73', 'OBAT-73', 'Povidon ', '2025-02-01', 3, 'Botol'),
(330, 'PE1701230003', 'OBAT-74', 'OBAT-74', 'Procold flu ', '2023-11-01', 5, 'Tablet'),
(331, 'PE1701230003', 'OBAT-75', 'OBAT-75', 'Promagh ', '2024-12-01', 1, 'Tablet'),
(332, 'PE1701230003', 'OBAT-76', 'OBAT-76', 'Rheumacyl ', '2024-12-01', 3, 'Tablet'),
(333, 'PE1701230003', 'OBAT-77', 'OBAT-77', 'Rohto ', '2024-04-01', 3, 'Botol'),
(334, 'PE1701230003', 'OBAT-78', 'OBAT-78', 'Rohto Cool', '2024-07-01', 3, 'Botol'),
(335, 'PE1701230003', 'OBAT-79', 'OBAT-79', 'Sakatonik ABC ', '2023-12-01', 3, 'Botol'),
(336, 'PE1701230003', 'OBAT-80', 'OBAT-80', 'Sakatonik 100ml', '2023-11-01', 3, 'Botol'),
(337, 'PE1701230003', 'OBAT-81', 'OBAT-81', 'Sanmol drop ', '2023-12-01', 1, 'Botol'),
(338, 'PE1701230003', 'OBAT-82', 'OBAT-82', 'Sanmol sirup', '2023-11-01', 1, 'Botol'),
(339, 'PE1701230003', 'OBAT-83', 'OBAT-83', 'Siladex 30ml all ', '2023-12-01', 6, 'Botol'),
(340, 'PE1701230003', 'OBAT-84', 'OBAT-84', 'Sitronela', '2027-02-01', 3, 'Botol'),
(341, 'PE1701230003', 'KOS-228', 'KOS-228', 'Scarlet HB', '2023-09-01', 1, 'Botol'),
(342, 'PE1701230003', 'KOS-229', 'KOS-229', 'Scarlet Scrub ', '2023-09-01', 1, 'Botol'),
(343, 'PE1701230003', 'OBAT-85', 'OBAT-85', 'Tawon cc ', '2026-12-01', 3, 'Botol'),
(344, 'PE1701230003', 'OBAT-86', 'OBAT-86', 'Telon lang 30ml', '2026-04-01', 3, 'Botol'),
(345, 'PE1701230003', 'OBAT-87', 'OBAT-87', 'Telon lang 60ml', '2026-10-01', 3, 'Botol'),
(346, 'PE1701230003', 'OBAT-88', 'OBAT-88', 'Ultraflu', '2025-02-01', 25, 'Tablet'),
(347, 'PE1701230003', 'OBAT-89', 'OBAT-89', 'Ultrasilin salep ', '2024-01-01', 3, 'Tube'),
(348, 'PE1701230003', 'OBAT-90', 'OBAT-90', 'Vick 44 anak 27ml', '2024-01-01', 2, 'Botol'),
(349, 'PE1701230003', 'OBAT-91', 'OBAT-91', 'Vick 44 anak 54ml', '2024-01-01', 3, 'Botol'),
(350, 'PE1701230003', 'OBAT-92', 'OBAT-92', 'Vick 44 Dewasa  27ml', '2023-06-01', 2, 'Botol'),
(351, 'PE1701230003', 'OBAT-93', 'OBAT-93', 'Vick 44 Dewasa  54ml', '2023-11-01', 3, 'Botol'),
(352, 'PE1701230003', 'OBAT-94', 'OBAT-94', 'Vick Inhaler ', '2023-11-01', 6, 'PCS'),
(353, 'PE1701230003', 'OBAT-95', 'OBAT-95', 'Vick vap 25 ', '2023-05-30', 3, 'Botol'),
(354, 'PE1701230003', 'OBAT-96', 'OBAT-96', 'Vick vap 50', '2023-04-28', 3, 'Botol'),
(355, 'PE1701230003', 'OBAT-97', 'OBAT-97', 'Vidoran gummy multi', '2023-04-30', 2, 'PCS'),
(356, 'PE1701230003', 'OBAT-98', 'OBAT-98', 'Vital tetes telinga ', '2024-10-01', 3, 'Botol'),
(357, 'PE1701230003', 'OBAT-99', 'OBAT-99', 'Vitalong c ', '2024-11-01', 22, 'Kapsul'),
(358, 'PE1701230003', 'OBAT-100', 'OBAT-100', 'Vitamin Ipi ', '2023-12-01', 12, 'Botol'),
(359, 'PE1701230003', 'KOS-230', 'KOS-230', 'Wardah pb creamy foam+oil ', '2024-10-01', 3, 'Tube'),
(360, 'PE1701230003', 'KOS-231', 'KOS-231', 'Wardah pb creamy foam+smooting', '2024-04-01', 3, 'Tube'),
(361, 'PE1701230003', 'OBAT-101', 'OBAT-101', 'Welmove', '2025-01-01', 3, 'Kapsul'),
(362, 'PE1701230003', 'OBAT-102', 'OBAT-102', 'Wood att 60ml (merah)', '2024-01-01', 3, 'Botol'),
(363, 'PE1701230003', 'OBAT-103', 'OBAT-103', 'Wood exp 60ml (biru)', '2023-12-01', 2, 'Botol'),
(364, 'PE1701230003', 'OBAT-104', 'OBAT-104', 'Xonce', '2023-11-01', 42, 'Tablet'),
(365, 'PE1701230003', 'KOS-232', 'KOS-232', 'Tesa Tissu 200', '2027-08-01', 6, 'PCS'),
(366, 'PE1801230004', 'ALKES', 'ALKES', 'Alkohol 70 100ml', '2026-07-01', 1, 'Botol'),
(367, 'PE1801230004', 'ALKES-01', 'ALKES-01', 'Alkohol 70 300ml', '2025-12-01', 3, 'Botol'),
(368, 'PE1801230004', 'ALKES-02', 'ALKES-02', 'Celana sunat UK S ', '2027-12-01', 2, 'PCS'),
(369, 'PE1801230004', 'ALKES-03', 'ALKES-03', 'Celana sunat UK M', '2027-12-01', 2, 'PCS'),
(370, 'PE1801230004', 'ALKES-04', 'ALKES-04', 'Celana sunat UK L', '2027-12-01', 2, 'PCS'),
(371, 'PE1801230004', 'ALKES-05', 'ALKES-05', 'Celana sunat UK XL', '2027-12-01', 2, 'PCS'),
(372, 'PE1801230004', 'ALKES-06', 'ALKES-06', 'Celana sunat UK XXL', '2027-12-01', 2, 'PCS'),
(373, 'PE1801230004', 'ALKES-07', 'ALKES-07', 'Dermafic 10x12', '2026-05-01', 2, 'PCS'),
(374, 'PE1801230004', 'ALKES-08', 'ALKES-08', 'Dermafic 25x10', '2027-04-01', 2, 'PCS'),
(375, 'PE1801230004', 'ALKES-09', 'ALKES-09', 'Dermafic 5x7', '2027-05-01', 2, 'PCS'),
(376, 'PE1801230004', 'ALKES-10', 'ALKES-10', 'Kapsul kosong 0', '2026-12-01', 1, 'PACK'),
(377, 'PE1801230004', 'ALKES-11', 'ALKES-11', 'Kapsul kosong 00', '2027-03-01', 1, 'PACK'),
(378, 'PE1801230004', 'ALKES-12', 'ALKES-12', 'Kapsul kosong 1', '2027-06-01', 1, 'PACK'),
(379, 'PE1801230004', 'ALKES-13', 'ALKES-13', 'Kapsul kosong 2', '2027-07-01', 1, 'PACK'),
(380, 'PE1801230004', 'ALKES-14', 'ALKES-14', 'Kapsul kosong 3', '2027-07-01', 1, 'PACK'),
(381, 'PE1801230004', 'ALKES-15', 'ALKES-15', 'Kertas lakmus biru', '2025-12-01', 1, 'PACK'),
(382, 'PE1801230004', 'ALKES-17', 'ALKES-17', 'Kertas lakmus merah', '2025-12-01', 1, 'PACK'),
(383, 'PE1801230004', 'ALKES-16', 'ALKES-16', 'Kertas PH', '2025-12-01', 1, 'PACK'),
(384, 'PE1801230004', 'ALKES-18', 'ALKES-18', 'Lancet isi 100', '2025-11-01', 1, 'PACK'),
(385, 'PE1801230004', 'ALKES-19', 'ALKES-19', 'Mikropore 1/2', '2027-12-01', 1, 'PCS'),
(386, 'PE1801230004', 'ALKES-20', 'ALKES-20', 'Mikropore 1', '2027-12-01', 1, 'PCS'),
(387, 'PE1801230004', 'ALKES-21', 'ALKES-21', 'Mikropore 2', '2027-12-01', 1, 'PCS'),
(388, 'PE1801230004', 'ALKES-22', 'ALKES-22', 'Nasal 02 anak ', '2025-10-01', 2, 'PCS'),
(389, 'PE1801230004', 'ALKES-23', 'ALKES-23', 'Nasal 02 bayi', '2025-10-01', 2, 'PCS'),
(390, 'PE1801230004', 'ALKES-24', 'ALKES-24', 'Nasal 02 dewasa', '2026-08-01', 2, 'PCS'),
(391, 'PE1801230004', 'ALKES-25', 'ALKES-25', 'Pipet panjang ', '2027-12-01', 20, 'PCS'),
(392, 'PE1801230004', 'ALKES-26', 'ALKES-26', 'Pipet pendek', '2027-12-01', 20, 'PCS'),
(393, 'PE1801230004', 'ALKES-27', 'ALKES-27', 'Pot salep 5gr', '2027-12-01', 10, 'PCS'),
(394, 'PE1801230004', 'ALKES-28', 'ALKES-28', 'Pot salep 10gr', '2027-12-01', 10, 'PCS'),
(395, 'PE1801230004', 'ALKES-29', 'ALKES-29', 'Pot salep 15gr', '2027-12-01', 10, 'PCS'),
(396, 'PE1801230004', 'ALKES-30', 'ALKES-30', 'Pot salep 20gr', '2027-12-01', 10, 'PCS'),
(397, 'PE1801230004', 'ALKES-31', 'ALKES-31', 'Pot salep 30gr', '2027-12-01', 10, 'PCS'),
(398, 'PE1801230004', 'ALKES-32', 'ALKES-32', 'Sendok obat', '2027-12-01', 20, 'PCS'),
(399, 'PE1801230004', 'ALKES-33', 'ALKES-33', 'Sendok tanduk ', '2027-12-01', 5, 'PCS'),
(400, 'PE1801230004', 'ALKES-34', 'ALKES-34', 'Sendok spatula logam ', '2027-12-01', 5, 'PCS'),
(401, 'PE1801230004', 'ALKES-35', 'ALKES-35', 'Spuit 1 cc one med ', '2026-06-01', 100, 'PCS'),
(402, 'PE1801230004', 'ALKES-36', 'ALKES-36', 'Spuit 3 cc one med ', '2026-12-01', 100, 'PCS'),
(403, 'PE1801230004', 'ALKES-37', 'ALKES-37', 'Spuit 5 cc one med ', '2026-12-01', 100, 'PCS'),
(404, 'PE1801230004', 'ALKES-38', 'ALKES-38', 'Tabung reaksi ', '2027-12-01', 10, 'PCS'),
(405, 'PE1801230004', 'ALKES-39', 'ALKES-39', 'Termometer lentur ', '2027-12-01', 1, 'PCS'),
(406, 'PE1801230004', 'ALKES-40', 'ALKES-40', 'Termometer standar', '2027-12-01', 1, 'PCS'),
(407, 'PE1801230004', 'ALKES-41', 'ALKES-41', 'Test pack one med ', '2025-08-01', 37, 'PCS'),
(408, 'PE1801230004', 'ALKES-42', 'ALKES-42', 'Test kesuburan', '2025-08-01', 5, 'PCS'),
(409, 'PE1801230004', 'ALKES-43', 'ALKES-43', 'Urinal laki-laki', '2027-12-01', 2, 'PCS'),
(410, 'PE1801230004', 'ALKES-44', 'ALKES-44', 'Urinal perempuan', '2027-12-01', 2, 'PCS'),
(411, 'PE1801230004', 'ALKES-45', 'ALKES-45', 'Urin bag', '2026-08-01', 2, 'PCS'),
(412, 'PE1801230004', 'ALKES-46', 'ALKES-46', 'Rivanol 100ml', '2025-06-01', 3, 'Botol'),
(413, 'PE1801230004', 'ALKES-47', 'ALKES-47', 'Rivanol 300ml', '2026-06-01', 3, 'Botol'),
(414, 'PE1801230004', 'ALKES-48', 'ALKES-48', 'Kotak P3K', '2026-10-01', 2, 'PCS'),
(415, 'PE1801230004', 'ALKES-49', 'ALKES-49', 'Sarung tangan UK M ', '2027-03-20', 51, 'PCS'),
(416, 'PE1801230004', 'ALKES-50', 'ALKES-50', 'Sarung tangan UK L', '2027-03-20', 37, 'PCS'),
(417, 'PE1801230004', 'ALKES-51', 'ALKES-51', 'Sarung tangan UK S', '2027-03-20', 35, 'PCS'),
(418, 'PE1801230005', 'OBAT-106', 'OBAT-106', 'Tolak angin ', '2024-06-30', 14, 'PCS'),
(419, 'PE1801230005', 'OBAT-107', 'OBAT-107', 'Lactacyd baby 60ml biru', '2024-02-29', 1, 'Botol'),
(420, 'PE1801230005', 'OBAT-108', 'OBAT-108', 'Bagus kapur semut', '2024-12-31', 18, 'PCS'),
(421, 'PE1801230005', 'OBAT-109', 'OBAT-109', 'Fiesta 3 max dotted', '2026-12-31', 1, 'PCS'),
(422, 'PE1801230005', 'OBAT-110', 'OBAT-110', 'Fiesta 3 ultra safe', '2025-12-31', 1, 'PCS'),
(423, 'PE1801230005', 'OBAT-111', 'OBAT-111', 'Durex 3 performa ', '2027-01-31', 1, 'PCS'),
(424, 'PE1801230005', 'OBAT-112', 'OBAT-112', 'Durex 3 closefit', '2026-12-31', 1, 'PCS'),
(425, 'PE1801230005', 'OBAT-113', 'OBAT-113', 'Durex 2 invisible ', '2026-11-30', 1, 'PCS'),
(426, 'PE1801230005', 'OBAT-114', 'OBAT-114', 'CDR Jeruk ', '2024-02-29', 1, 'Botol'),
(427, 'PE1801230005', 'OBAT-115', 'OBAT-115', 'Cazetin drops ', '2024-07-30', 2, 'PCS'),
(428, 'PE1801230005', 'OBAT-116', 'OBAT-116', 'Amoxilin dry sirup nova ', '2024-08-31', 2, 'Botol'),
(429, 'PE1801230005', 'OBAT-117', 'OBAT-117', 'Betadine kumur 190ml ', '2024-07-31', 1, 'Botol'),
(430, 'PE1801230005', 'OBAT-118', 'OBAT-118', 'Alletrol comp eye drop ', '2024-01-31', 2, 'Botol'),
(431, 'PE1801230005', 'OBAT-119', 'OBAT-119', 'Cendo xytrol 5ml ', '2024-12-31', 1, 'Botol'),
(432, 'PE1801230005', 'OBAT-127', 'OBAT-127', 'Allopurinol 100mg ', '2024-08-31', 10, 'Tablet'),
(433, 'PE1801230005', 'OBAT-121', 'OBAT-121', 'Amplodipine 10mg ', '2024-06-30', 9, 'Tablet'),
(434, 'PE1801230005', 'OBAT-122', 'OBAT-122', 'Amplodipine 5mg', '2027-02-28', 4, 'Tablet'),
(435, 'PE1801230005', 'OBAT-123', 'OBAT-123', 'Captopril 25mg dexa ', '2025-04-30', 10, 'Tablet'),
(436, 'PE1801230005', 'OBAT-124', 'OBAT-124', 'Captopril 12,5mg dexa ', '2026-03-31', 10, 'Tablet'),
(437, 'PE1801230005', 'OBAT-125', 'OBAT-125', 'Ciprofloxacin 500mg', '2026-07-31', 9, 'Tablet'),
(438, 'PE1801230005', 'OBAT-126', 'OBAT-126', 'Cetirizine 10mg ', '2024-07-31', 6, 'Tablet'),
(439, 'PE1801230005', 'OBAT-127', 'OBAT-127', 'Allopurinol 100mg ', '2024-09-30', 10, 'Tablet'),
(440, 'PE1801230005', 'OBAT-128', 'OBAT-128', 'Ambroxol 30mg tab ', '2024-09-30', 6, 'Tablet'),
(441, 'PE1801230005', 'OBAT-129', 'OBAT-129', 'Cefixime 100mg ', '2025-05-31', 10, 'Tablet'),
(442, 'PE1801230005', 'OBAT-130', 'OBAT-130', 'Piroxicam 10mg ', '2027-04-30', 10, 'Kapsul'),
(443, 'PE1801230005', 'OBAT-131', 'OBAT-131', 'Piroxicam 20mg ', '2027-06-30', 10, 'Kapsul'),
(444, 'PE1801230005', 'OBAT-132', 'OBAT-132', 'Glibenclamide 5mg ', '2024-08-31', 8, 'Tablet'),
(445, 'PE1801230005', 'OBAT-134', 'OBAT-134', 'Omeprazole 20mg ', '2024-04-30', 10, 'Tablet'),
(446, 'PE1801230005', 'OBAT-135', 'OBAT-135', 'Amoxilin 500mg ', '2024-07-31', 18, 'Tablet'),
(447, 'PE1801230005', 'OBAT-136', 'OBAT-136', 'Cataflam 25mg', '2024-12-31', 4, 'Tablet'),
(448, 'PE1801230005', 'OBAT-137', 'OBAT-137', 'Cefadroxile 500mg', '2027-01-31', 10, 'Tablet'),
(449, 'PE1801230005', 'OBAT-138', 'OBAT-138', 'Dexteem plus tab ', '2026-08-31', 4, 'Tablet'),
(450, 'PE1801230005', 'OBAT-139', 'OBAT-139', 'Diane-35tab ', '2025-03-31', 1, 'Tablet'),
(451, 'PE1801230005', 'OBAT-140', 'OBAT-140', 'Peditox', '2024-07-31', 3, 'Botol'),
(452, 'PE1801230005', 'OBAT-141', 'OBAT-141', 'Ibu profen 200mg ', '2027-07-31', 9, 'Tablet'),
(453, 'PE1801230005', 'OBAT-142', 'OBAT-142', 'Bioplacenton jelly ', '2024-06-30', 3, 'Tube'),
(454, 'PE1801230005', 'OBAT-143', 'OBAT-143', 'Mometasone furoate 5gr', '2025-04-30', 2, 'Tube'),
(455, 'PE1801230005', 'OBAT-144', 'OBAT-144', 'Cendo catarlent 15ml', '2024-02-29', 1, 'Botol'),
(456, 'PE1801230005', 'OBAT-145', 'OBAT-145', 'Erlamycetin tetes mata ', '2024-01-31', 2, 'Botol'),
(457, 'PE1801230005', 'OBAT-146', 'OBAT-146', 'Bufacomp cr 5gr', '2026-08-31', 2, 'Tube'),
(458, 'PE1801230005', 'OBAT-147', 'OBAT-147', 'Cendo augentonic ', '2025-07-31', 1, 'Botol'),
(459, 'PE1801230005', 'OBAT-148', 'OBAT-148', 'Cendo Astenof ', '2024-11-30', 1, 'Botol'),
(460, 'PE1801230005', 'OBAT-149', 'OBAT-149', 'Betadine kumur 100ml ', '2025-04-30', 2, 'Botol'),
(461, 'PE1901230006', 'OBAT-150', 'OBAT-150', 'Fitkom gummy fruit & veggie ', '2023-10-31', 1, 'Box'),
(462, 'PE1901230006', 'OBAT-151', 'OBAT-151', 'Carmed cr 10 40gr', '2025-07-31', 1, 'Tube'),
(463, 'PE1901230006', 'OBAT-152', 'OBAT-152', 'Betametasone ', '2024-09-30', 8, 'Tube'),
(464, 'PE1901230006', 'OBAT-153', 'OBAT-153', 'Carmed cr 20 40gr', '2025-06-30', 1, 'Tube'),
(465, 'PE1901230006', 'OBAT-154', 'OBAT-154', 'CTM Pt pim ', '2027-07-31', 23, 'Tablet'),
(466, 'PE1901230006', 'OBAT-155', 'OBAT-155', 'FG Troches ', '2025-05-31', 9, 'Tablet'),
(467, 'PE1901230006', 'OBAT-156', 'OBAT-156', 'Betahistine 6mg', '2024-04-30', 10, 'Tablet'),
(468, 'PE1901230006', 'OBAT-157', 'OBAT-157', 'Acyclovir 200mg tab', '2025-05-31', 10, 'Tablet'),
(469, 'PE1901230006', 'OBAT-158', 'OBAT-158', 'Cimitidine 200mg ', '2024-11-30', 10, 'Tablet'),
(470, 'PE1901230006', 'OBAT-159', 'OBAT-159', 'Clindamicin 300mg', '2025-05-31', 5, 'Tablet'),
(471, 'PE1901230006', 'OBAT-160', 'OBAT-160', 'Acetylcystein 200mg', '2024-05-31', 10, 'Tablet'),
(472, 'PE1901230006', 'OBAT-161', 'OBAT-161', 'MKP Lang 15ml ', '2027-05-31', 2, 'Botol'),
(473, 'PE1901230006', 'OBAT-162', 'OBAT-162', 'MKP Lang 30ml ', '2027-08-31', 1, 'Botol'),
(474, 'PE1901230006', 'OBAT-163', 'OBAT-163', 'Nebacetine powder ', '2025-08-31', 3, 'Botol'),
(475, 'PE1901230006', 'OBAT-164', 'OBAT-164', 'Scabimite cr 30gr', '2025-05-31', 1, 'Tube'),
(476, 'PE1901230006', 'OBAT-165', 'OBAT-165', 'Scabimite cr 10gr', '2025-06-30', 1, 'Tube'),
(477, 'PE1901230006', 'OBAT-166', 'OBAT-166', 'Neuropyron v tab ', '2024-08-31', 9, 'Tablet'),
(478, 'PE1901230006', 'OBAT-167', 'OBAT-167', 'Ranitidine tab hexapram ', '2024-08-31', 10, 'Tablet'),
(479, 'PE1901230006', 'OBAT-168', 'OBAT-168', 'Salbutamol 2mg ', '2025-05-31', 9, 'Tablet'),
(480, 'PE1901230006', 'OBAT-169', 'OBAT-169', 'Salbutamol 4mg ', '2024-03-31', 10, 'Tablet'),
(481, 'PE1901230006', 'OBAT-170', 'OBAT-170', 'Metformin 500mg ', '2024-08-31', 20, 'Tablet'),
(482, 'PE1901230006', 'OBAT-171', 'OBAT-171', 'Ondansetron 4mg', '2024-05-31', 5, 'Tablet'),
(483, 'PE1901230006', 'OBAT-172', 'OBAT-172', 'Thrombophob hijau oint', '2026-04-30', 1, 'Tube'),
(484, 'PE1901230006', 'OBAT-173', 'OBAT-173', 'Thrombophob kecil 10gr', '2026-07-31', 1, 'Tube'),
(485, 'PE1901230006', 'OBAT-174', 'OBAT-174', 'Stimuno forte kaps', '2023-08-31', 2, 'Botol'),
(486, 'PE1901230006', 'OBAT-175', 'OBAT-175', 'Transpulmin kids 20gr', '2025-06-30', 1, 'Tube'),
(487, 'PE1901230006', 'OBAT-176', 'OBAT-176', 'Thrombophob merah gel 20gr', '2026-04-30', 1, 'Tube'),
(488, 'PE1901230006', 'OBAT-177', 'OBAT-177', 'SP Troches strawbery', '2025-04-30', 2, 'PCS'),
(489, 'PE1901230006', 'OBAT-178', 'OBAT-178', 'SP Troches melon', '2025-04-30', 2, 'PCS'),
(490, 'PE1901230006', 'OBAT-179', 'OBAT-179', 'Voltadex 50mg', '2025-02-28', 2, 'Tablet'),
(491, 'PE1901230006', 'OBAT-188', 'OBAT-188', 'Ketokonazole tab', '2025-01-31', 11, 'Tablet'),
(492, 'PE1901230006', 'OBAT-181', 'OBAT-181', 'Kejibeling', '2026-09-30', 10, 'Tablet'),
(493, 'PE1901230006', 'OBAT-182', 'OBAT-182', 'Ichtiol zalf ', '2026-08-31', 12, 'Botol'),
(494, 'PE1901230006', 'OBAT-183', 'OBAT-183', 'Hot cream 60ml putih', '2024-06-30', 2, 'Botol'),
(495, 'PE1901230006', 'OBAT-184', 'OBAT-184', 'Hot cream strong tube 60ml', '2025-05-31', 1, 'Tube'),
(496, 'PE1901230006', 'OBAT-185', 'OBAT-185', 'Hot cream tube 60ml', '2025-07-31', 1, 'Tube'),
(497, 'PE1901230006', 'OBAT-186', 'OBAT-186', 'Hot cream aromatherapy tube 60ml', '2025-08-31', 1, 'Tube'),
(498, 'PE1901230006', 'OBAT-187', 'OBAT-187', 'Likokalk capl', '2027-08-31', 9, 'Tablet'),
(499, 'PE1901230006', 'OBAT-188', 'OBAT-188', 'Ketokonazole tab', '2025-02-28', 5, 'Tablet'),
(500, 'PE1901230006', 'OBAT-189', 'OBAT-189', 'Methylpredinsolone 4mg', '2024-06-30', 8, 'Tablet'),
(501, 'PE1901230007', 'OBAT-190', 'OBAT-190', 'Betason-N cr 5gr', '2025-05-31', 3, 'Tube'),
(502, 'PE1901230007', 'OBAT-191', 'OBAT-191', 'Chloramfecort cream 10gr', '2024-02-29', 3, 'Tube'),
(503, 'PE1901230007', 'OBAT-192', 'OBAT-192', 'Erlamycetin plus tetes mata ', '2024-02-29', 1, 'Botol'),
(504, 'PE1901230007', 'OBAT-193', 'OBAT-193', 'Genoint tetes mata', '2024-05-31', 1, 'Botol'),
(505, 'PE1901230007', 'OBAT-194', 'OBAT-194', 'Dumin tab', '2023-12-31', 10, 'Tablet'),
(506, 'PE1901230007', 'OBAT-195', 'OBAT-195', 'Sanmol tab', '2024-04-30', 41, 'Tablet'),
(507, 'PE1901230007', 'OBAT-197', 'OBAT-197', 'Glimepiride 2mg ', '2026-05-31', 17, 'Tablet'),
(508, 'PE1901230007', 'OBAT-198', 'OBAT-198', 'Sangobion ', '2024-04-30', 25, 'Kapsul'),
(509, 'PE1901230007', 'ALKES-52', 'ALKES-52', 'Handsaplast kids mickey and freinds ', '2023-11-30', 2, 'PCS'),
(510, 'PE1901230007', 'ALKES-53', 'ALKES-53', 'Handsaplast kids marvel avendgers', '2023-11-30', 2, 'PCS'),
(511, 'PE1901230007', 'ALKES-54', 'ALKES-54', 'Handsaplast kids disney princes', '2023-11-30', 2, 'PCS'),
(512, 'PE1901230007', 'ALKES-55', 'ALKES-55', 'Handsaplast transparan ', '2024-07-31', 2, 'PCS'),
(513, 'PE1901230007', 'OBAT-196', 'OBAT-196', 'Mefenamid acid ', '2024-08-31', 20, 'Tablet'),
(514, 'PE1901230007', 'OBAT-199', 'OBAT-199', 'Domperidone tab', '2024-06-30', 10, 'Tablet'),
(515, 'PE1901230007', 'OBAT-200', 'OBAT-200', 'Dexaharsen 0,5mg', '2026-04-30', 20, 'Tablet'),
(516, 'PE1901230007', 'OBAT-201', 'OBAT-201', 'Dexaharsen 0,75mg', '2026-03-31', 20, 'Tablet'),
(517, 'PE2401230008', 'OBAT-203', 'OBAT-203', 'Stimuno sirup grape 60ml ', '2024-07-31', 2, 'Botol'),
(518, 'PE2401230008', 'OBAT-204', 'OBAT-204', 'Vit C Ipi ', '2024-04-30', 6, 'Botol'),
(519, 'PE2401230008', 'ALKES-56', 'ALKES-56', 'Oxycan green ', '2024-10-31', 2, 'Botol'),
(520, 'PE2401230008', 'OBAT-205', 'OBAT-205', 'Promagh suspensi ', '2024-05-31', 3, 'Botol'),
(521, 'PE2401230008', 'OBAT-206', 'OBAT-206', 'Bisolvon kids ', '2024-08-31', 2, 'Botol'),
(522, 'PE2401230008', 'OBAT-207', 'OBAT-207', 'Panadol capl ', '2025-10-31', 10, 'Tablet'),
(523, 'PE2501230009', 'OBAT-208', 'OBAT-208', 'Promagh herbal ', '2024-06-30', 6, 'PCS'),
(524, 'PE2501230009', 'OBAT-209', 'OBAT-209', 'Tolak angin flu ', '2024-07-31', 24, 'PCS'),
(525, 'PE2501230009', 'OBAT-210', 'OBAT-210', 'Tolak angin anak ', '2024-06-30', 12, 'PCS'),
(526, 'PE2501230009', 'OBAT-211', 'OBAT-211', 'Tolak linu 15ml coklat', '2024-05-31', 24, 'PCS'),
(527, 'PE2501230009', 'OBAT-212', 'OBAT-212', 'CDR Fortos', '2024-04-30', 2, 'Botol'),
(528, 'PE2501230009', 'OBAT-213', 'OBAT-213', 'Frescare 10ml citrus ', '2025-06-30', 2, 'Botol'),
(529, 'PE2501230009', 'OBAT-214', 'OBAT-214', 'Frescare 10ml Strong ', '2025-07-31', 2, 'Botol'),
(530, 'PE2501230009', 'OBAT-215', 'OBAT-215', 'Frescare 10ml lavender ', '2025-05-31', 2, 'Botol'),
(531, 'PE2501230009', 'OBAT-216', 'OBAT-216', 'Safecare 10ml original ', '2026-08-15', 2, 'Botol'),
(532, 'PE2501230009', 'OBAT-217', 'OBAT-217', 'Medicated hijau 6ml ', '2025-10-31', 2, 'Botol'),
(533, 'PE2501230009', 'OBAT-218', 'OBAT-218', 'Medicated hijau 40ml ', '2025-09-30', 2, 'Botol'),
(534, 'PE2501230009', 'OBAT-219', 'OBAT-219', 'Medicated hijau 20ml ', '2025-10-31', 2, 'Botol'),
(535, 'PE2501230009', 'OBAT-220', 'OBAT-220', 'Medicated hijau 12ml ', '2025-09-30', 2, 'Botol'),
(536, 'PE2501230009', 'KOS-235', 'KOS-235', 'Marck teens 12gr', '2027-07-31', 2, 'PCS'),
(537, 'PE2501230009', 'ALKES-57', 'ALKES-57', 'Handsaplast ', '2025-06-30', 100, 'PCS'),
(538, 'PE2501230009', 'OBAT-221', 'OBAT-221', 'SM C Lemon ', '2025-09-30', 10, 'Botol'),
(539, 'PE2501230009', 'OBAT-222', 'OBAT-222', 'Imboost tab ', '2025-09-30', 5, 'Tablet'),
(540, 'PE2501230009', 'OBAT-223', 'OBAT-223', 'Alba pastiles', '2024-05-31', 6, 'PCS'),
(541, 'PE2501230009', 'OBAT-224', 'OBAT-224', 'Imboost kids 21 tablet hisap ', '2024-11-30', 1, 'Botol'),
(542, 'PE2501230009', 'OBAT-225', 'OBAT-225', 'Imboost syr 60ml ori ', '2024-09-30', 1, 'Botol'),
(543, 'PE2501230009', 'OBAT-226', 'OBAT-226', 'Mucos sirup 60ml ', '2024-09-30', 1, 'Botol'),
(544, 'PE2501230009', 'OBAT-227', 'OBAT-227', 'Mucos drop 20ml ', '2026-02-28', 1, 'Botol'),
(545, 'PE2501230009', 'OBAT-228', 'OBAT-228', 'Neurobion biru', '2024-12-31', 5, 'Tablet'),
(546, 'PE2501230009', 'OBAT-229', 'OBAT-229', 'Vastigo 6mg', '2024-06-30', 10, 'Tablet'),
(547, 'PE2501230009', 'KOS-236', 'KOS-236', 'Selection kapas 75gr', '2027-10-31', 12, 'PCS'),
(548, 'PE2501230009', 'OBAT-230', 'OBAT-230', 'Dumin syr strawberry 60ml', '2027-05-31', 2, 'Botol'),
(549, 'PE2501230010', 'OBAT-231', 'OBAT-231', 'Neuralgin rx kalbe ', '2024-07-31', 10, 'Tablet'),
(550, 'PE2501230010', 'OBAT-232', 'OBAT-232', 'Lopamid ', '2024-08-31', 10, 'Tablet'),
(551, 'PE2501230010', 'OBAT-234', 'OBAT-234', 'Antasidadoen', '2026-10-31', 10, 'Tablet'),
(552, 'PE2501230010', 'OBAT-235', 'OBAT-235', 'Bromex ', '2026-11-30', 10, 'Tablet'),
(553, 'PE2501230010', 'OBAT-236', 'OBAT-236', 'Gentamicin ', '2026-09-30', 3, 'Tube'),
(554, 'PE2501230010', 'OBAT-237', 'OBAT-237', 'Erlamycetin sm eye', '2026-11-30', 3, 'Tube'),
(555, 'PE2501230010', 'OBAT-238', 'OBAT-238', 'Yusimox syr ', '2025-11-30', 2, 'Botol'),
(556, 'PE2501230010', 'OBAT-239', 'OBAT-239', 'Hufagrip forte ', '2024-06-30', 10, 'Tablet'),
(557, 'PE2501230010', 'OBAT-240', 'OBAT-240', 'Intunal + Tablet kuning ', '2025-06-30', 25, 'Tablet'),
(558, 'PE2501230010', 'OBAT-241', 'OBAT-241', 'Alpara Kaplet', '2025-10-31', 15, 'Tablet'),
(559, 'PE2501230011', 'OBAT-242', 'OBAT-242', 'Acyclovir cr 5%', '2024-10-31', 3, 'Tube'),
(560, 'PE2501230011', 'OBAT-243', 'OBAT-243', 'Afolat', '2027-09-30', 10, 'Tablet'),
(561, 'PE2501230011', 'OBAT-245', 'OBAT-245', 'Betadine sol 5ml ', '2026-06-30', 6, 'Botol'),
(562, 'PE2501230011', 'OBAT-246', 'OBAT-246', 'Natur E Cap 16', '2024-04-30', 4, 'Tablet');
INSERT INTO `penerimaan_barang_detail` (`idd`, `nomor_rec`, `kode_item`, `sku`, `nama_item`, `tgl_expired`, `kuantiti`, `satuan_kecil`) VALUES
(563, 'PE2501230011', 'OBAT-247', 'OBAT-247', 'GG Tab 10 x 10', '2025-06-30', 10, 'Tablet'),
(564, 'PE2501230011', 'OBAT-248', 'OBAT-248', 'Spasminal ', '2024-07-31', 10, 'Tablet'),
(565, 'PE2501230011', 'OBAT-249', 'OBAT-249', 'Zambux 25gr', '2024-07-31', 1, 'PCS'),
(566, 'PE2501230011', 'OBAT-250', 'OBAT-250', 'Bersih darah kembang bulan ', '2027-04-30', 3, 'Botol'),
(567, 'PE2501230011', 'OBAT-251', 'OBAT-251', 'Salep 2-4 15gr', '2027-11-30', 5, 'Botol'),
(568, 'PE2501230011', 'OBAT-252', 'OBAT-252', 'Hico gell 15gr', '2024-09-30', 2, 'Tube'),
(569, 'PE2501230011', 'OBAT-253', 'OBAT-253', 'Thermolyte diet sugar', '2024-05-31', 1, 'PCS'),
(570, 'PE2501230011', 'OBAT-254', 'OBAT-254', 'Thermolyte Plus', '2024-09-30', 1, 'PCS'),
(571, 'PE2501230011', 'OBAT-255', 'OBAT-255', 'Redoxon DA Blackcur', '2023-07-31', 1, 'PCS'),
(572, 'PE2501230011', 'OBAT-256', 'OBAT-256', 'Redoxon EF', '2023-12-04', 1, 'PCS'),
(573, 'PE2501230011', 'OBAT-257', 'OBAT-257', 'Y Rins 2x12ml', '2025-10-31', 2, 'PCS'),
(574, 'PE2501230011', 'OBAT-258', 'OBAT-258', 'Nephrolit tab ', '2024-08-31', 20, 'Tablet'),
(575, 'PE2501230011', 'OBAT-259', 'OBAT-259', 'Teosal tab ', '2025-04-30', 10, 'Tablet'),
(576, 'PE2501230011', 'OBAT-260', 'OBAT-260', 'Simvasastin 10mg ', '2025-04-30', 3, 'Tablet'),
(577, 'PE2501230011', 'OBAT-261', 'OBAT-261', 'Simvasastin 20mg ', '2024-11-30', 10, 'Tablet'),
(578, 'PE2501230011', 'OBAT-262', 'OBAT-262', 'Proris syr 60ml', '2024-10-31', 2, 'Botol'),
(579, 'PE2501230011', 'OBAT-263', 'OBAT-263', 'Praxion 120mg syr 60ml', '2024-12-31', 2, 'Botol'),
(580, 'PE2501230011', 'OBAT-264', 'OBAT-264', 'Sucralfate suspensi 100ml', '2024-10-31', 1, 'Botol'),
(581, 'PE2501230011', 'OBAT-265', 'OBAT-265', 'Hydrocortisone ', '2024-11-30', 3, 'Tube'),
(582, 'PE2501230011', 'OBAT-266', 'OBAT-266', 'Guanystrep syr 60ml ', '2026-10-31', 2, 'Botol'),
(583, 'PE2501230011', 'OBAT-267', 'OBAT-267', 'Zinc sulfate tab ', '2024-10-31', 10, 'Tablet'),
(584, 'PE2501230011', 'OBAT-268', 'OBAT-268', 'Zinc Syr 60ml', '2026-10-31', 1, 'Botol'),
(585, 'PE2501230011', 'OBAT-269', 'OBAT-269', 'Meloxicam 7,5mg ', '2026-07-31', 5, 'Tablet'),
(586, 'PE2501230011', 'OBAT-270', 'OBAT-270', 'Meloxicam 15mg ', '2025-06-30', 5, 'Tablet'),
(587, 'PE2501230011', 'OBAT-271', 'OBAT-271', 'Bye bye fever baby', '2025-10-31', 10, 'PCS'),
(588, 'PE2601230012', 'OBAT-272', 'OBAT-272', 'Cap kaki tiga anak strawbery ', '2025-11-30', 1, 'Botol'),
(589, 'PE2601230012', 'OBAT-273', 'OBAT-273', 'Imunped drops 15ml', '2023-09-30', 1, 'Botol'),
(590, 'PE2601230012', 'OBAT-274', 'OBAT-274', 'Tropicana slim ', '2025-09-30', 1, 'PCS'),
(591, 'PE2601230012', 'OBAT-275', 'OBAT-275', 'Mercotin drop 20ml', '2024-08-31', 1, 'Botol'),
(592, 'PE2601230012', 'OBAT-276', 'OBAT-276', 'Inerson ointment ', '2026-10-31', 1, 'Tube'),
(593, 'PE2601230012', 'OBAT-277', 'OBAT-277', 'Cap kaki tiga guava ', '2025-07-31', 2, 'Botol'),
(594, 'PE2601230012', 'OBAT-278', 'OBAT-278', 'Cap kaki tiga grape', '2025-09-30', 2, 'Botol'),
(595, 'PE2601230012', 'OBAT-279', 'OBAT-279', 'Cap kaki tiga leci', '2025-10-31', 2, 'Botol'),
(596, 'PE2601230012', 'OBAT-280', 'OBAT-280', 'Cap kaki tiga jeruk nipis ', '2025-09-30', 2, 'Botol'),
(597, 'PE2601230012', 'OBAT-281', 'OBAT-281', 'Tolak angin permen ', '2024-10-31', 15, 'PCS'),
(598, 'PE2601230012', 'OBAT-282', 'OBAT-282', 'Vick vap 10gr ', '2024-11-30', 1, 'PCS'),
(599, 'PE2601230012', 'OBAT-283', 'OBAT-283', 'Strepsil reg merah ', '2024-09-30', 2, 'PCS'),
(600, 'PE2601230012', 'OBAT-284', 'OBAT-284', 'Antimo tab ', '2027-07-31', 12, 'Tablet'),
(601, 'PE2601230012', 'OBAT-285', 'OBAT-285', 'MKP Lang aromatherapy rose 30ml ', '2026-07-31', 2, 'Botol'),
(602, 'PE2601230012', 'OBAT-286', 'OBAT-286', 'MKP Lang aromatherapy greentea 30ml ', '2027-01-31', 2, 'Botol'),
(603, 'PE2601230012', 'OBAT-287', 'OBAT-287', 'MKP Lang aromatherapy original 30ml ', '2027-01-31', 2, 'Botol'),
(604, 'PE2601230012', 'OBAT-288', 'OBAT-288', 'MKP Lang aromatherapy greentea 60ml ', '2027-01-31', 2, 'Botol'),
(605, 'PE2601230012', 'OBAT-289', 'OBAT-289', 'MKP Lang aromatherapy original 60ml ', '2027-03-31', 2, 'Botol'),
(606, 'PE2601230012', 'OBAT-290', 'OBAT-290', 'MKP Lang aromatherapy lavender 60ml ', '2027-05-31', 2, 'Botol'),
(607, 'PE2601230012', 'OBAT-291', 'OBAT-291', 'Herocyn baby bedak 200gr', '2027-01-31', 1, 'Botol'),
(608, 'PE2601230012', 'OBAT-292', 'OBAT-292', 'Herocyn baby bedak 100gr', '2027-06-30', 1, 'Botol'),
(609, 'PE2601230012', 'OBAT-293', 'OBAT-293', 'Entrakid rasa vanila ', '2024-04-30', 1, 'PCS'),
(610, 'PE2601230012', 'OBAT-294', 'OBAT-294', 'Entrakid rasa coklat', '2024-04-30', 1, 'PCS'),
(611, 'PE2601230012', 'OBAT-295', 'OBAT-295', 'Bisolvon extra ', '2025-06-30', 1, 'Botol'),
(612, 'PE2601230012', 'OBAT-296', 'OBAT-296', 'MKP Lang 60ml ', '2027-09-30', 3, 'Botol'),
(613, 'PE2601230012', 'OBAT-297', 'OBAT-297', 'Freshcare sandalwood 10ml', '2024-05-31', 2, 'PCS'),
(614, 'PE2601230012', 'OBAT-298', 'OBAT-298', 'Frescare mix eucalyptus 5ml', '2024-05-31', 2, 'PCS'),
(615, 'PE2601230012', 'OBAT-299', 'OBAT-299', 'Frescare splash fruity 10ml', '2025-08-31', 2, 'PCS'),
(616, 'PE2601230012', 'OBAT-300', 'OBAT-300', 'Frescare green tea rool on 10ml', '2025-10-31', 2, 'PCS'),
(617, 'PE2601230012', 'OBAT-301', 'OBAT-301', 'Salonpas hot koyo merah ', '2025-08-31', 10, 'PCS'),
(618, 'PE2601230012', 'OBAT-302', 'OBAT-302', 'Salonpas superkoyo', '2025-08-31', 10, 'PCS'),
(619, 'PE2601230012', 'OBAT-303', 'OBAT-303', 'Strepsil cool', '2025-04-30', 2, 'PCS'),
(620, 'PE2601230012', 'OBAT-304', 'OBAT-304', 'Strepsil lemon kuning ', '2024-12-31', 2, 'PCS'),
(621, 'PE2701230013', 'OBAT-305', 'OBAT-305', 'Kalpanak cream ', '2024-11-30', 1, 'Tube'),
(622, 'PE2701230013', 'OBAT-306', 'OBAT-306', 'My baby powder 100 fresh fruity ', '2026-04-30', 1, 'Botol'),
(623, 'PE2701230013', 'OBAT-307', 'OBAT-307', 'My baby powder 100 soft gentle biru', '2026-03-31', 1, 'Botol'),
(624, 'PE2701230013', 'OBAT-308', 'OBAT-308', 'My baby powder 100 ef telon plus', '2025-10-31', 1, 'Botol'),
(625, 'PE2701230013', 'OBAT-309', 'OBAT-309', 'My baby powder 100 sf pink ', '2025-11-30', 1, 'Botol'),
(626, 'PE2701230013', 'OBAT-310', 'OBAT-310', 'My baby powder 50 fresh fruity ', '2025-12-31', 1, 'Botol'),
(627, 'PE2701230013', 'OBAT-311', 'OBAT-311', 'My baby powder 50 sf pink', '2026-04-30', 1, 'Botol'),
(628, 'PE2701230013', 'OBAT-312', 'OBAT-312', 'My baby powder 50 soft gentle biru', '2026-01-31', 1, 'Botol'),
(629, 'PE2701230013', 'OBAT-313', 'OBAT-313', 'My baby powder 50 telon plus ', '2025-10-31', 1, 'Botol'),
(630, 'PE2701230013', 'OBAT-314', 'OBAT-314', 'My baby powder 75 telon plus ', '2025-05-31', 1, 'Botol'),
(631, 'PE2701230013', 'OBAT-315', 'OBAT-315', 'Plossa citrus herbal ', '2024-09-30', 2, 'PCS'),
(632, 'PE2701230013', 'OBAT-316', 'OBAT-316', 'Curcuma sharpy blackurrant ', '2024-09-30', 1, 'Botol'),
(633, 'PE2701230013', 'OBAT-317', 'OBAT-317', 'Curcuma sharpy strawbery', '2024-09-30', 1, 'Botol'),
(634, 'PE2701230013', 'OBAT-318', 'OBAT-318', 'Curvit syr', '2024-08-31', 1, 'Botol'),
(635, 'PE2701230013', 'OBAT-319', 'OBAT-319', 'Ferriz drop', '2024-03-31', 2, 'Botol'),
(636, 'PE2701230013', 'OBAT-320', 'OBAT-320', 'Ferriz syr', '2025-09-30', 1, 'Botol'),
(637, 'PE2701230013', 'OBAT-321', 'OBAT-321', 'Lelap 3x4 kap', '2025-09-30', 3, 'PCS'),
(638, 'PE2701230013', 'OBAT-322', 'OBAT-322', 'Mastin ', '2026-10-31', 1, 'Botol'),
(639, 'PE2701230013', 'OBAT-323', 'OBAT-323', 'Plossa mini eucalyptus', '2024-10-31', 2, 'PCS'),
(640, 'PE2701230013', 'OBAT-324', 'OBAT-324', 'Plossa mini red hot ', '2024-08-31', 2, 'PCS'),
(641, 'PE2701230013', 'OBAT-325', 'OBAT-325', 'Plossa red hot besar', '2024-09-30', 2, 'PCS'),
(642, 'PE2701230013', 'OBAT-326', 'OBAT-326', 'Plossa eucalyptus besar', '2024-11-30', 2, 'PCS'),
(643, 'PE2701230013', 'OBAT-327', 'OBAT-327', 'Paratusin syr 60ml ', '2024-06-30', 1, 'Botol'),
(644, 'PE2701230013', 'OBAT-328', 'OBAT-328', 'OBH Combi anak 60ml apel ', '2024-12-31', 2, 'Botol'),
(645, 'PE2701230013', 'OBAT-329', 'OBAT-329', 'OBH Combi anak 60ml orange ', '2024-11-30', 2, 'Botol'),
(646, 'PE2701230013', 'OBAT-330', 'OBAT-330', 'OBH Combi anak 60ml strawberry ', '2024-12-31', 2, 'Botol'),
(647, 'PE2701230013', 'OBAT-331', 'OBAT-331', 'OBH Combi plus 100 mentol dewasa', '2024-08-31', 2, 'Botol'),
(648, 'PE2701230013', 'OBAT-332', 'OBAT-332', 'OBH Combi 60ml jahe dewasa', '2024-06-30', 2, 'Botol'),
(649, 'PE2701230013', 'OBAT-333', 'OBAT-333', 'OBH Combi 100ml jahe dewasa', '2024-07-31', 2, 'Botol'),
(650, 'PE2701230013', 'OBAT-334', 'OBAT-334', 'OBH Combi 100ml madu dewasa', '2024-06-30', 2, 'Botol'),
(651, 'PE2701230013', 'OBAT-335', 'OBAT-335', 'OBH Combi 60ml madu dewasa', '2024-06-30', 2, 'Botol'),
(652, 'PE2701230013', 'OBAT-336', 'OBAT-336', 'OBH Combi antitusive 60ml ', '2024-07-31', 2, 'Botol'),
(653, 'PE2701230013', 'OBAT-337', 'OBAT-337', 'Vick 44 dewasa 100ml', '2024-06-30', 2, 'Botol'),
(654, 'PE2701230013', 'OBAT-338', 'OBAT-338', 'Komix herbal jahe sach ', '2024-01-31', 6, 'PCS'),
(655, 'PE2701230013', 'OBAT-339', 'OBAT-339', 'Komix herbal jeruk nipis', '2024-02-29', 6, 'PCS'),
(656, 'PE2701230013', 'OBAT-340', 'OBAT-340', 'Komix herbal lemon ', '2024-01-31', 4, 'PCS'),
(657, 'PE2701230013', 'OBAT-341', 'OBAT-341', 'Renovit gold strip', '2024-03-31', 3, 'PCS'),
(658, 'PE2701230013', 'OBAT-342', 'OBAT-342', 'Safecare euca kayu putih rool on ', '2026-07-01', 2, 'PCS'),
(659, 'PE2701230013', 'OBAT-343', 'OBAT-343', 'Safecare strong aromatherapy ', '2025-04-01', 2, 'PCS'),
(660, 'PE2701230013', 'OBAT-345', 'OBAT-345', 'Momilen nursing ', '2025-06-30', 1, 'Tube'),
(661, 'PE2701230013', 'OBAT-346', 'OBAT-346', 'Momilen diaper baby', '2025-08-31', 1, 'Tube'),
(662, 'PE3001230014', 'OBAT-347', 'OBAT-347', 'Metronidazole tablet 500mg ', '2026-09-30', 10, 'Tablet'),
(663, 'PE3001230014', 'OBAT-348', 'OBAT-348', 'Attapulgit tab ', '2024-09-30', 10, 'Tablet'),
(664, 'PE3001230014', 'OBAT-349', 'OBAT-349', 'Furosemide 40mg ', '2024-11-30', 10, 'Tablet'),
(665, 'PE3001230014', 'OBAT-350', 'OBAT-350', 'Roverton kap', '2026-10-31', 10, 'Kapsul'),
(666, 'PE3001230014', 'OBAT-351', 'OBAT-351', 'Polysilane susp 100ml ', '2025-07-31', 2, 'Botol'),
(667, 'PE3001230014', 'OBAT-352', 'OBAT-352', 'Polysilane tablet ', '2024-07-31', 5, 'PCS'),
(668, 'PE3001230014', 'OBAT-353', 'OBAT-353', 'Proris susp forte', '2024-08-31', 2, 'Botol'),
(669, 'PE3001230014', 'OBAT-356', 'OBAT-356', 'Paratusin tab', '2024-10-31', 20, 'Tablet'),
(670, 'PE3001230015', 'OBAT-355', 'OBAT-355', 'Bodrex migra ', '2025-09-30', 25, 'Tablet'),
(671, 'PE3001230015', 'KOS-237', 'KOS-237', 'Caladine powder active fresh ', '2027-06-30', 1, 'Botol'),
(672, 'PE3001230015', 'KOS-238', 'KOS-238', 'Caladine powder soft comfort ', '2027-05-31', 1, 'Botol'),
(673, 'PE3001230015', 'OBAT-356', 'OBAT-356', 'Cavicur tab ', '2025-04-30', 10, 'Tablet'),
(674, 'PE3001230015', 'OBAT-357', 'OBAT-357', 'Glucosamine mpl ', '2027-03-31', 10, 'Tablet'),
(675, 'PE3001230015', 'OBAT-358', 'OBAT-358', 'Neuralgin rhema cap', '2024-06-30', 10, 'Kapsul'),
(676, 'PE3001230015', 'KOS-239', 'KOS-239', 'Parasol spf 30 100gr ', '2025-05-31', 1, 'Botol'),
(677, 'PE3001230015', 'KOS-240', 'KOS-240', 'Parasol spf 30 50gr ', '2024-01-31', 1, 'Botol'),
(678, 'PE3001230015', 'OBAT-359', 'OBAT-359', 'Sanadryl expect syr 60ml ', '2024-08-31', 2, 'Botol'),
(679, 'PE3001230015', 'KOS-241', 'KOS-241', 'Sensodyne cool gel 100gr ', '2024-01-31', 1, 'Tube'),
(680, 'PE3001230015', 'KOS-242', 'KOS-242', 'Sensodyne F mint 100gr ', '2025-02-28', 1, 'Tube'),
(681, 'PE3001230015', 'KOS-243', 'KOS-243', 'Sensodyne gen white 100gr ', '2024-10-31', 1, 'Tube'),
(682, 'PE3001230015', 'OBAT-360', 'OBAT-360', 'Gemfibrozil 300mg tab ', '2026-03-31', 10, 'Kapsul'),
(683, 'PE3001230015', 'OBAT-361', 'OBAT-361', 'Spironalactone 25mg ', '2024-05-31', 10, 'Tablet'),
(684, 'PE3001230016', 'OBAT-362', 'OBAT-362', 'Decadryl exp 120ml ', '2025-08-31', 1, 'Botol'),
(685, 'PE3001230016', 'OBAT-363', 'OBAT-363', 'Decadryl exp 60ml ', '2025-10-31', 1, 'Botol'),
(686, 'PE3001230016', 'OBAT-364', 'OBAT-364', 'Lansoprazole ', '2024-10-31', 2, 'Tablet'),
(687, 'PE3001230016', 'OBAT-365', 'OBAT-365', 'Bisoprolol 5mg ', '2025-11-30', 5, 'Tablet'),
(688, 'PE3001230016', 'OBAT-366', 'OBAT-366', 'Nifedipine 10mg ', '2026-10-31', 10, 'Tablet'),
(689, 'PE3001230016', 'OBAT-367', 'OBAT-367', 'Cotrimoxazole tablet', '2026-09-30', 10, 'Tablet'),
(690, 'PE3001230016', 'OBAT-368', 'OBAT-368', 'Asifit ', '2024-06-30', 3, 'Kapsul'),
(691, 'PE3001230016', 'OBAT-369', 'OBAT-369', 'Glimepiride 1mg ', '2025-06-30', 10, 'Tablet'),
(692, 'PE3001230016', 'OBAT-370', 'OBAT-370', 'Glimepiride 3mg ', '2025-05-31', 10, 'Tablet'),
(693, 'PE3001230016', 'OBAT-371', 'OBAT-371', 'Glimepiride 4mg ', '2025-04-30', 10, 'Tablet'),
(694, 'PE3101230017', 'ALKES-58', 'ALKES-58', 'Masker KN 95 Pro ', '2030-12-31', 4, 'PCS'),
(695, 'PE3101230017', 'ALKES-59', 'ALKES-59', 'Masker KF 94', '2030-12-31', 5, 'PCS'),
(696, 'PE3101230017', 'ALKES-60', 'ALKES-60', 'Masker Duckbil care warna ', '2030-12-31', 2, 'PCS'),
(697, 'PE0202230017', 'ALKES-58', 'ALKES-58', 'Masker KN 95 Pro ', '2030-12-31', 4, 'PCS'),
(698, 'PE0202230017', 'ALKES-59', 'ALKES-59', 'Masker KF 94', '2030-12-31', 5, 'PCS'),
(699, 'PE0202230017', 'ALKES-60', 'ALKES-60', 'Masker Duckbil care warna ', '2030-12-31', 33, 'PCS'),
(700, 'PE0202230018', 'ALKES-58', 'ALKES-58', 'Masker KN 95 Pro ', '2030-12-31', 4, 'PCS'),
(701, 'PE0202230018', 'ALKES-59', 'ALKES-59', 'Masker KF 94', '2030-12-31', 5, 'PCS'),
(702, 'PE0202230018', 'ALKES-60', 'ALKES-60', 'Masker Duckbil care warna ', '2030-12-31', 33, 'PCS'),
(703, 'PE0202230018', 'OBAT-372', 'OBAT-372', 'Minyak telon lang 100ml ', '2025-07-31', 2, 'Botol'),
(704, 'PE0202230018', 'OBAT-373', 'OBAT-373', 'Minyak telon lang plus 150ml ', '2027-04-30', 1, 'Botol'),
(705, 'PE0202230018', 'OBAT-374', 'OBAT-374', 'Minyak telon lang plus 30ml ', '2027-07-31', 1, 'Botol'),
(706, 'PE0202230018', 'OBAT-375', 'OBAT-375', 'Minyak telon lang plus 100ml ', '2027-07-31', 1, 'Botol'),
(707, 'PE0202230018', 'OBAT-376', 'OBAT-376', 'Minyak telon lang plus 60ml ', '2027-11-30', 1, 'Botol'),
(708, 'PE0202230018', 'OBAT-377', 'OBAT-377', 'Minyak telon lang plus 15ml ', '2027-12-31', 1, 'Botol'),
(709, 'PE0202230018', 'OBAT-378', 'OBAT-378', 'My baby eucalyp 150ml ', '2024-11-30', 2, 'Botol'),
(710, 'PE0202230018', 'OBAT-379', 'OBAT-379', 'My baby eucalyp 90ml ', '2024-11-30', 2, 'Botol'),
(711, 'PE0202230018', 'OBAT-380', 'OBAT-380', 'Nourish skin ultimate ', '2025-03-31', 1, 'PCS'),
(712, 'PE0202230018', 'OBAT-381', 'OBAT-381', 'Nourish skin kecil ', '2025-04-30', 1, 'PCS'),
(713, 'PE0202230018', 'OBAT-382', 'OBAT-382', 'My baby telon plus 90ml orange ', '2024-09-30', 1, 'Botol'),
(714, 'PE0202230018', 'OBAT-383', 'OBAT-383', 'My baby lavender 60ml ungu', '2024-06-30', 2, 'Botol'),
(715, 'PE0202230018', 'OBAT-384', 'OBAT-384', 'My baby lavender 90ml ungu', '2024-06-30', 2, 'Botol'),
(716, 'PE0202230018', 'OBAT-385', 'OBAT-385', 'My baby telon plus 60ml', '2024-07-31', 1, 'Botol'),
(717, 'PE0202230018', 'OBAT-386', 'OBAT-386', 'My baby telon plus 150ml', '2024-09-30', 1, 'Botol'),
(718, 'PE0202230018', 'OBAT-387', 'OBAT-387', 'My baby lavender 150ml ungu', '2024-10-31', 2, 'Botol'),
(719, 'PE0202230018', 'OBAT-388', 'OBAT-388', 'Lactulose syr 60ml ', '2024-08-31', 1, 'Botol'),
(720, 'PE0202230018', 'OBAT-389', 'OBAT-389', 'Loratadine 10mg tab ', '2027-05-31', 5, 'Strip'),
(721, 'PE0202230018', 'OBAT-390', 'OBAT-390', 'Genoint salep mata ', '2024-11-30', 2, 'Tube'),
(722, 'PE0202230018', 'OBAT-391', 'OBAT-391', 'Omepros mini cap ', '2025-07-31', 1, 'PCS'),
(723, 'PE0202230018', 'OBAT-392', 'OBAT-392', 'Praxion drops 100mg', '2024-11-30', 1, 'Botol'),
(724, 'PE0202230018', 'OBAT-393', 'OBAT-393', 'OBH Berlico jeruk nipis ', '2024-05-31', 2, 'Botol'),
(725, 'PE0202230018', 'OBAT-394', 'OBAT-394', 'Tempra syr anggur 60ml ', '2024-04-30', 1, 'Botol'),
(726, 'PE0202230018', 'OBAT-395', 'OBAT-395', 'Tempra syr anggur 30ml ', '2024-05-31', 2, 'Botol'),
(727, 'PE0202230018', 'OBAT-396', 'OBAT-396', 'Vosea syrup 30ml', '2025-07-31', 1, 'Botol'),
(728, 'PE0202230018', 'OBAT-397', 'OBAT-397', 'Paracetamol tab 50mg ', '2025-10-31', 10, 'Strip'),
(729, 'PE0202230018', 'OBAT-398', 'OBAT-398', 'Kalpanak cream 5gr', '2024-06-30', 1, 'Tube'),
(730, 'PE0202230018', 'OBAT-399', 'OBAT-399', 'Voltadex gel', '2024-07-31', 2, 'Tube'),
(731, 'PE0202230018', 'OBAT-400', 'OBAT-400', 'Kanna whitening 30gr ', '2024-10-31', 1, 'Tube'),
(732, 'PE0202230018', 'OBAT-401', 'OBAT-401', 'Kanna whitening 15gr ', '2026-11-30', 1, 'Tube'),
(733, 'PE0202230018', 'OBAT-402', 'OBAT-402', 'GPU Krim hot lang 120gr', '2024-09-30', 1, 'Botol'),
(734, 'PE0202230018', 'OBAT-403', 'OBAT-403', 'Krim GPU 60gr', '2025-09-30', 1, 'PCS'),
(735, 'PE0202230018', 'OBAT-404', 'OBAT-404', 'Krim GPU 150gr', '2025-09-30', 1, 'PCS'),
(736, 'PE0202230018', 'OBAT-405', 'OBAT-405', 'Erymed cream 20gr', '2023-10-31', 1, 'Tube'),
(737, 'PE0202230018', 'OBAT-406', 'OBAT-406', 'Synalten cream 5gr', '2025-08-31', 2, 'Tube'),
(738, 'PE0202230018', 'OBAT-407', 'OBAT-407', 'Kalmicetine salep kulit 15gr ', '2024-06-30', 2, 'Tube'),
(739, 'PE0202230018', 'OBAT-408', 'OBAT-408', 'Melanox cream 15gr', '2025-03-31', 1, 'Tube'),
(740, 'PE0202230018', 'OBAT-409', 'OBAT-409', 'Kloderma cream 5gr', '2025-11-30', 1, 'Tube'),
(741, 'PE0202230018', 'OBAT-410', 'OBAT-410', 'Candasartan 8mg', '2025-05-31', 3, 'Strip'),
(742, 'PE0202230018', 'OBAT-411', 'OBAT-411', 'Bedak salicyl ', '2026-08-31', 1, 'Botol'),
(743, 'PE0202230018', 'OBAT-412', 'OBAT-412', 'Fasidol Kaplet ', '2026-10-31', 10, 'Strip'),
(744, 'PE0202230018', 'OBAT-413', 'OBAT-413', 'Mefinal 500mg ', '2024-08-31', 10, 'Strip'),
(745, 'PE0202230018', 'OBAT-414', 'OBAT-414', 'Vosea tablet 10mg', '2026-03-31', 10, 'Strip'),
(746, 'PE0202230017', 'ALKES-58', 'ALKES-58', 'Masker KN 95 Pro ', '2030-12-31', 4, 'PCS'),
(747, 'PE0202230017', 'ALKES-59', 'ALKES-59', 'Masker KF 94', '2030-12-31', 5, 'PCS'),
(748, 'PE0202230017', 'ALKES-60', 'ALKES-60', 'Masker Duckbil care warna ', '2030-12-31', 33, 'PCS'),
(749, 'PE0202230018', 'OBAT-372', 'OBAT-372', 'Minyak telon lang 100ml ', '2025-07-31', 2, 'Botol'),
(750, 'PE0202230018', 'OBAT-373', 'OBAT-373', 'Minyak telon lang plus 150ml ', '2027-04-30', 1, 'Botol'),
(751, 'PE0202230018', 'OBAT-374', 'OBAT-374', 'Minyak telon lang plus 30ml ', '2027-07-31', 1, 'Botol'),
(752, 'PE0202230018', 'OBAT-375', 'OBAT-375', 'Minyak telon lang plus 100ml ', '2027-07-31', 1, 'Botol'),
(753, 'PE0202230018', 'OBAT-376', 'OBAT-376', 'Minyak telon lang plus 60ml ', '2027-11-30', 1, 'Botol'),
(754, 'PE0202230018', 'OBAT-377', 'OBAT-377', 'Minyak telon lang plus 15ml ', '2027-12-31', 1, 'Botol'),
(755, 'PE0202230018', 'OBAT-378', 'OBAT-378', 'My baby eucalyp 150ml ', '2024-11-30', 2, 'Botol'),
(756, 'PE0202230018', 'OBAT-379', 'OBAT-379', 'My baby eucalyp 90ml ', '2024-11-30', 2, 'Botol'),
(757, 'PE0202230018', 'OBAT-380', 'OBAT-380', 'Nourish skin ultimate ', '2025-03-31', 1, 'PCS'),
(758, 'PE0202230018', 'OBAT-381', 'OBAT-381', 'Nourish skin kecil ', '2025-04-30', 1, 'PCS'),
(759, 'PE0202230018', 'OBAT-382', 'OBAT-382', 'My baby telon plus 90ml orange ', '2024-09-30', 1, 'Botol'),
(760, 'PE0202230018', 'OBAT-383', 'OBAT-383', 'My baby lavender 60ml ungu', '2024-06-30', 2, 'Botol'),
(761, 'PE0202230018', 'OBAT-384', 'OBAT-384', 'My baby lavender 90ml ungu', '2024-06-30', 2, 'Botol'),
(762, 'PE0202230018', 'OBAT-385', 'OBAT-385', 'My baby telon plus 60ml', '2024-07-31', 1, 'Botol'),
(763, 'PE0202230018', 'OBAT-386', 'OBAT-386', 'My baby telon plus 150ml', '2024-09-30', 1, 'Botol'),
(764, 'PE0202230018', 'OBAT-387', 'OBAT-387', 'My baby lavender 150ml ungu', '2024-10-31', 2, 'Botol'),
(765, 'PE0202230018', 'OBAT-388', 'OBAT-388', 'Lactulose syr 60ml ', '2024-08-31', 1, 'Botol'),
(766, 'PE0202230018', 'OBAT-389', 'OBAT-389', 'Loratadine 10mg tab ', '2027-05-31', 5, 'Strip'),
(767, 'PE0202230018', 'OBAT-390', 'OBAT-390', 'Genoint salep mata ', '2024-11-30', 2, 'Tube'),
(768, 'PE0202230018', 'OBAT-391', 'OBAT-391', 'Omepros mini cap ', '2025-07-31', 1, 'PCS'),
(769, 'PE0202230018', 'OBAT-392', 'OBAT-392', 'Praxion drops 100mg', '2024-11-30', 1, 'Botol'),
(770, 'PE0202230018', 'OBAT-393', 'OBAT-393', 'OBH Berlico jeruk nipis ', '2024-05-31', 2, 'Botol'),
(771, 'PE0202230018', 'OBAT-394', 'OBAT-394', 'Tempra syr anggur 60ml ', '2024-04-30', 1, 'Botol'),
(772, 'PE0202230018', 'OBAT-395', 'OBAT-395', 'Tempra syr anggur 30ml ', '2024-05-31', 2, 'Botol'),
(773, 'PE0202230018', 'OBAT-396', 'OBAT-396', 'Vosea syrup 30ml', '2025-07-31', 1, 'Botol'),
(774, 'PE0202230018', 'OBAT-397', 'OBAT-397', 'Paracetamol tab 50mg ', '2025-10-31', 10, 'Strip'),
(775, 'PE0202230018', 'OBAT-398', 'OBAT-398', 'Kalpanak cream 5gr', '2024-06-30', 1, 'Tube'),
(776, 'PE0202230018', 'OBAT-399', 'OBAT-399', 'Voltadex gel', '2024-07-31', 2, 'Tube'),
(777, 'PE0202230018', 'OBAT-400', 'OBAT-400', 'Kanna whitening 30gr ', '2024-10-31', 1, 'Tube'),
(778, 'PE0202230018', 'OBAT-401', 'OBAT-401', 'Kanna whitening 15gr ', '2026-11-30', 1, 'Tube'),
(779, 'PE0202230018', 'OBAT-402', 'OBAT-402', 'GPU Krim hot lang 120gr', '2024-09-30', 1, 'Botol'),
(780, 'PE0202230018', 'OBAT-403', 'OBAT-403', 'Krim GPU 60gr', '2025-09-30', 1, 'PCS'),
(781, 'PE0202230018', 'OBAT-404', 'OBAT-404', 'Krim GPU 150gr', '2025-09-30', 1, 'PCS'),
(782, 'PE0202230018', 'OBAT-405', 'OBAT-405', 'Erymed cream 20gr', '2023-10-31', 1, 'Tube'),
(783, 'PE0202230018', 'OBAT-406', 'OBAT-406', 'Synalten cream 5gr', '2025-08-31', 2, 'Tube'),
(784, 'PE0202230018', 'OBAT-407', 'OBAT-407', 'Kalmicetine salep kulit 15gr ', '2024-06-30', 2, 'Tube'),
(785, 'PE0202230018', 'OBAT-408', 'OBAT-408', 'Melanox cream 15gr', '2025-03-31', 1, 'Tube'),
(786, 'PE0202230018', 'OBAT-409', 'OBAT-409', 'Kloderma cream 5gr', '2025-11-30', 1, 'Tube'),
(787, 'PE0202230018', 'OBAT-410', 'OBAT-410', 'Candasartan 8mg', '2025-05-31', 3, 'Strip'),
(788, 'PE0202230018', 'OBAT-411', 'OBAT-411', 'Bedak salicyl ', '2026-08-31', 1, 'Botol'),
(789, 'PE0202230018', 'OBAT-412', 'OBAT-412', 'Fasidol Kaplet ', '2026-10-31', 10, 'Strip'),
(790, 'PE0202230018', 'OBAT-413', 'OBAT-413', 'Mefinal 500mg ', '2024-08-31', 10, 'Strip'),
(791, 'PE0202230018', 'OBAT-414', 'OBAT-414', 'Vosea tablet 10mg', '2026-03-31', 10, 'Strip'),
(792, 'PE0202230019', 'OBAT-424', 'OBAT-424', 'Callusol lotion fahrenheit ', '2024-09-30', 1, 'Strip'),
(793, 'PE0202230019', 'OBAT-425', 'OBAT-425', 'Tropicana slim diabtx 100', '2025-06-30', 1, 'Box'),
(794, 'PE0202230019', 'OBAT-426', 'OBAT-426', 'Tropicana slim diabtx 50', '2025-07-31', 1, 'Box'),
(795, 'PE0202230019', 'OBAT-427', 'OBAT-427', 'Betadine feminine hygiene 60ml ', '2024-05-31', 2, 'Botol'),
(796, 'PE0202230019', 'OBAT-428', 'OBAT-428', 'Tempra forte anggur 30ml ', '2024-03-31', 1, 'Botol'),
(797, 'PE0202230019', 'OBAT-429', 'OBAT-429', 'Tempra drop straw 15ml', '2024-04-30', 1, 'Botol'),
(798, 'PE0202230019', 'OBAT-430', 'OBAT-430', 'Mylanta sirup 150ml ', '2025-03-31', 1, 'Botol'),
(799, 'PE0202230019', 'OBAT-431', 'OBAT-431', 'Tempra drop anggur 15ml', '2024-03-31', 1, 'Botol'),
(800, 'PE0202230019', 'OBAT-432', 'OBAT-432', 'Mylanta sirup 50ml ', '2025-05-31', 2, 'Botol'),
(801, 'PE0202230020', 'OBAT-421', 'OBAT-421', 'Citikoline 500mg', '2026-07-31', 3, 'Strip'),
(802, 'PE0202230020', 'OBAT-422', 'OBAT-422', 'Laxama tab 100', '2026-11-30', 10, 'Botol'),
(803, 'PE0202230020', 'OBAT-423', 'OBAT-423', 'Ester c holisticare str 12', '2024-12-31', 12, 'Strip'),
(804, 'PE0902230021', 'OBAT-415', 'OBAT-415', 'CBR Serbuk pk', '2026-10-31', 2, 'Botol'),
(805, 'PE0902230021', 'OBAT-416', 'OBAT-416', 'Anakonidin syr 30ml ', '2025-08-31', 2, 'Botol'),
(806, 'PE0902230021', 'OBAT-417', 'OBAT-417', 'Anakonidin syr 60ml ', '2025-10-31', 2, 'Botol'),
(807, 'PE0902230021', 'OBAT-418', 'OBAT-418', 'Anakonidin OBH 30ml ', '2024-10-31', 2, 'Botol'),
(808, 'PE0902230021', 'OBAT-419', 'OBAT-419', 'Anakonidin OBH 60ml ', '2024-10-31', 2, 'Botol'),
(809, 'PE0902230021', 'OBAT-420', 'OBAT-420', 'Intunal syr 60ml', '2025-09-30', 1, 'Botol'),
(810, 'PE0902230022', 'OBAT-433', 'OBAT-433', 'Imboost force syr 60ml', '2024-04-30', 1, 'Botol'),
(811, 'PE0902230022', 'OBAT-434', 'OBAT-434', 'Simvastatin 10mg dexa', '2025-03-31', 10, 'Strip'),
(812, 'PE0902230023', 'ALKES-61', 'ALKES-61', 'Alkohol swab ', '2027-11-30', 300, 'PCS'),
(813, 'PE0902230023', 'ALKES-62', 'ALKES-62', 'Strip gula darah nesco', '2024-08-31', 25, 'PCS'),
(814, 'PE0902230023', 'ALKES-63', 'ALKES-63', 'Strip asam urat nesco', '2024-04-30', 25, 'PCS'),
(815, 'PE0902230023', 'ALKES-64', 'ALKES-64', 'Strip kolesterol nesco', '2024-09-30', 10, 'PCS'),
(816, 'PE0902230023', 'ALKES-65', 'ALKES-65', 'Leukoplast 2,5cm x 4,5m', '2027-01-31', 1, 'PCS'),
(817, 'PE0902230023', 'ALKES-66', 'ALKES-66', 'Leukoplast 1,25cm x 4,5m', '2027-05-31', 2, 'PCS'),
(818, 'PE1302230024', 'ALKES-67', 'ALKES-67', 'Perban gulung kassa 10cm x 5 cm ', '2030-12-31', 3, 'PCS'),
(819, 'PE1302230024', 'ALKES-68', 'ALKES-68', 'Gelas Ukur 50ml ', '2030-12-31', 1, 'Botol'),
(820, 'PE1302230024', 'ALKES-69', 'ALKES-69', 'Gelas Ukur 25ml ', '2030-12-31', 1, 'Botol'),
(821, 'PE1302230024', 'ALKES-70', 'ALKES-70', 'Gelas Ukur 10ml ', '2030-12-31', 1, 'Botol'),
(822, 'PE1302230024', 'ALKES-71', 'ALKES-71', 'Rak kayu tabung reaksi ', '2030-12-31', 1, 'PCS'),
(823, 'PE1302230025', 'ALKES-72', 'ALKES-72', 'NACL OTSUKA 500ml', '2024-07-31', 2, 'PCS'),
(824, 'PE1402230026', 'OBAT-435', 'OBAT-435', 'Apolar cream', '2024-06-30', 1, 'Tube'),
(825, 'PE1402230026', 'OBAT-436', 'OBAT-436', 'Apolar-N cream', '2024-07-31', 1, 'Tube'),
(826, 'PE1402230026', 'OBAT-437', 'OBAT-437', 'Andalan Laktasi Strip', '2025-10-31', 2, 'Strip'),
(827, 'PE1602230027', 'OBAT-438', 'OBAT-438', 'Sagestam cream', '2025-02-23', 3, 'Tube'),
(828, 'PE2202230028', 'ALKES-73', 'ALKES-73', 'NACL MJB ', '2024-09-30', 3, 'Botol'),
(829, 'PE2202230028', 'ALKES-74', 'ALKES-74', 'Alkohol medika 100ml ', '2025-07-31', 3, 'Botol'),
(830, 'PE2202230028', 'OBAT-439', 'OBAT-439', 'Magtral mint ', '2024-09-30', 10, 'Strip'),
(831, 'PE2202230028', 'OBAT-440', 'OBAT-440', 'My baby telon plus 60ml', '2024-12-31', 3, 'Botol'),
(832, 'PE2302230029', 'OBAT-441', 'OBAT-441', 'Methylpredinsolone 4mg dexa', '2024-09-30', 10, 'Strip'),
(833, 'PE2402230030', 'OBAT-442', 'OBAT-442', 'Dettol liq 95ml', '2025-01-31', 1, 'Botol'),
(834, 'PE2402230030', 'OBAT-443', 'OBAT-443', 'L-Bio Granul ', '2024-10-31', 30, 'PCS'),
(835, 'PE2402230030', 'ALKES-75', 'ALKES-75', 'Hypafix 5x1', '2027-05-31', 1, 'Box'),
(836, 'PE2702230031', 'OBAT-444', 'OBAT-444', 'Actifed cough 60 ml merah ', '2025-07-31', 1, 'Botol'),
(837, 'PE2702230031', 'OBAT-445', 'OBAT-445', 'Actifed Syr 60 ml hijau', '2025-10-31', 1, 'Botol'),
(838, 'PE2702230031', 'OBAT-446', 'OBAT-446', 'Actifed Syr 60 ml kuning', '2025-08-31', 1, 'Botol'),
(839, 'PE0103230032', 'KOS-244', 'KOS-244', 'Hers Protex extra maxi', '2026-01-19', 2, 'PCS'),
(840, 'PE0103230032', 'KOS-245', 'KOS-245', 'Charm safe night ', '2028-12-31', 3, 'PCS'),
(841, 'PE0103230032', 'KOS-246', 'KOS-246', 'Charm body fit', '2028-12-31', 2, 'PCS'),
(842, 'PE0603230033', 'OBAT-447', 'OBAT-447', 'Becom-C', '2024-05-25', 10, 'Strip'),
(843, 'PE0603230033', 'OBAT-448', 'OBAT-448', 'Cortamine syr 60ml ', '2025-08-01', 1, 'Botol'),
(844, 'PE0603230034', 'OBAT-449', 'OBAT-449', 'Vitabulmin syr 60ml ', '2025-01-31', 1, 'Botol'),
(845, 'PE0603230034', 'OBAT-450', 'OBAT-450', 'Imboost kids 21 tablet mixberry', '2025-01-31', 1, 'Botol'),
(846, 'PE1603230035', 'OBAT-451', 'OBAT-451', 'Hufamag Plus ', '2024-11-30', 10, 'Strip'),
(847, 'PE2703230036', 'OBAT-452', 'OBAT-452', 'Super tetra ', '2025-09-30', 3, 'Strip'),
(848, 'PE2703230036', 'OBAT-453', 'OBAT-453', 'Eyevit ', '2025-10-31', 2, 'Strip'),
(849, 'PE2703230036', 'OBAT-454', 'OBAT-454', 'Planotab ', '2027-08-31', 3, 'Strip'),
(850, 'PE2703230036', 'OBAT-455', 'OBAT-455', 'Andalan pil kb', '2027-08-25', 3, 'Strip'),
(851, 'PE0404230037', 'OBAT-456', 'OBAT-456', 'Aloclair gel ', '2025-03-31', 1, 'Tube'),
(852, 'PE0404230037', 'OBAT-457', 'OBAT-457', 'Aloclair plus spray', '2025-10-31', 1, 'Tube'),
(853, 'PE0404230037', 'OBAT-458', 'OBAT-458', 'Imunped syr 60ml', '2024-06-30', 1, 'Botol'),
(854, 'PE0404230038', 'OBAT-459', 'OBAT-459', 'Minyak telon TJ 100ML band telon 30ml ', '2025-11-30', 2, 'Botol'),
(855, 'PE0404230038', 'OBAT-460', 'OBAT-460', 'Dettol liq 45ml', '2025-11-30', 2, 'Botol'),
(856, 'PE0404230038', 'OBAT-461', 'OBAT-461', 'Cendo lyteers ', '2025-09-30', 1, 'Botol'),
(857, 'PE0404230038', 'KOS-247', 'KOS-247', 'Cessa baby happy nose 8ml biru', '2025-01-31', 1, 'PCS'),
(858, 'PE0404230038', 'KOS-248', 'KOS-248', 'Cessa baby BOFIT 8ml ungu', '2025-01-31', 1, 'PCS'),
(859, 'PE0404230038', 'OBAT-462', 'OBAT-462', 'Dionicol dry syr 60ml', '2026-01-31', 2, 'Botol'),
(860, 'PE0404230039', 'OBAT-463', 'OBAT-463', 'Histigo ', '2026-01-31', 5, 'Strip'),
(861, 'PE0404230039', 'OBAT-464', 'OBAT-464', 'Dettol mosaic 245ml', '2024-08-31', 1, 'Botol'),
(862, 'PE1004230040', 'OBAT-465', 'OBAT-465', 'Pure Kids Inhaler 10ml', '2027-09-01', 1, 'Botol'),
(863, 'PE1004230040', 'OBAT-466', 'OBAT-466', 'GPU Pala 30ml', '2028-01-01', 1, 'Botol'),
(864, 'PE1004230040', 'OBAT-467', 'OBAT-467', 'Handsaplast koyo hangat ', '2024-11-30', 10, 'PCS'),
(865, 'PE1004230040', 'OBAT-468', 'OBAT-468', 'Handsaplast koyo Panas', '2024-11-30', 10, 'PCS'),
(866, 'PE1104230041', 'OBAT-469', 'OBAT-469', 'Demacolin tab', '2026-12-31', 10, 'Strip'),
(867, 'PE1204230042', 'OBAT-470', 'OBAT-470', 'Cerebrofort gold orange ', '2024-07-31', 1, 'Botol'),
(868, 'PE1204230042', 'OBAT-471', 'OBAT-471', 'Cerebrofort gold strawberry', '2024-08-31', 1, 'Botol'),
(869, 'PE1204230042', 'OBAT-472', 'OBAT-472', 'Mixagrip flu batuk ', '2025-01-31', 25, 'Strip'),
(870, 'PE1204230042', 'OBAT-473', 'OBAT-473', 'Mixagrip flu', '2024-12-31', 25, 'Strip'),
(871, 'PE1605230043', 'OBAT-474', 'OBAT-474', 'Fasidol forte ungu', '2027-01-31', 10, 'Strip'),
(872, 'PE2505230044', 'OBAT-477', 'OBAT-477', 'Lactacyd baby 60ml pink ', '2024-06-30', 2, 'Botol'),
(873, 'PE2505230044', 'ALKES-76', 'ALKES-76', 'Leukoplast 2,5cm x 1m', '2027-01-31', 2, 'PCS'),
(874, 'PE2505230044', 'OBAT-475', 'OBAT-475', 'Atorvastatin 10mg ', '2024-08-31', 3, 'Strip'),
(875, 'PE2505230044', 'OBAT-476', 'OBAT-476', 'Degirol loz kecil ', '2026-11-26', 5, 'Strip');

-- --------------------------------------------------------

--
-- Table structure for table `penjualan`
--

CREATE TABLE `penjualan` (
  `id` varchar(50) NOT NULL,
  `id_pembeli` int(11) DEFAULT NULL,
  `id_admin` int(11) NOT NULL,
  `total_upah_peracik` decimal(10,0) NOT NULL,
  `total_harga_item` decimal(10,0) NOT NULL,
  `total` decimal(10,0) NOT NULL,
  `tanggal` date NOT NULL,
  `tanggal_jam` datetime NOT NULL,
  `retur` enum('0','1') NOT NULL DEFAULT '0',
  `tanggal_retur` datetime NOT NULL,
  `admin_retur` int(11) DEFAULT NULL
) ENGINE=InnoDB DEFAULT CHARSET=latin1 COLLATE=latin1_swedish_ci;

--
-- Dumping data for table `penjualan`
--

INSERT INTO `penjualan` (`id`, `id_pembeli`, `id_admin`, `total_upah_peracik`, `total_harga_item`, `total`, `tanggal`, `tanggal_jam`, `retur`, `tanggal_retur`, `admin_retur`) VALUES
('010323000054', 37, 1, '0', '7500', '7500', '2023-03-01', '2023-03-01 10:41:40', '0', '0000-00-00 00:00:00', NULL),
('010323000055', 56, 1, '0', '58000', '58000', '2023-03-01', '2023-03-01 10:43:50', '0', '0000-00-00 00:00:00', NULL),
('010323000056', 35, 1, '0', '20500', '20500', '2023-03-01', '2023-03-01 10:45:18', '0', '0000-00-00 00:00:00', NULL),
('010323000057', 19, 1, '0', '7500', '7500', '2023-03-01', '2023-03-01 11:25:18', '0', '0000-00-00 00:00:00', NULL),
('010323000058', 57, 1, '0', '43000', '43000', '2023-03-01', '2023-03-01 11:26:18', '0', '0000-00-00 00:00:00', NULL),
('010323000059', 58, 1, '0', '8500', '8500', '2023-03-01', '2023-03-01 15:29:56', '0', '0000-00-00 00:00:00', NULL),
('010323000060', 52, 1, '0', '16500', '16500', '2023-03-01', '2023-03-01 15:30:35', '0', '0000-00-00 00:00:00', NULL),
('020323000061', 44, 1, '0', '196000', '196000', '2023-03-02', '2023-03-02 08:59:09', '0', '0000-00-00 00:00:00', NULL),
('020323000062', 35, 1, '0', '3500', '3500', '2023-03-02', '2023-03-02 15:35:21', '0', '0000-00-00 00:00:00', NULL),
('020523000178', 55, 1, '0', '39500', '39500', '2023-05-02', '2023-05-02 11:24:54', '0', '0000-00-00 00:00:00', NULL),
('020523000179', 44, 1, '0', '11500', '11500', '2023-05-02', '2023-05-02 11:25:32', '0', '0000-00-00 00:00:00', NULL),
('020523000180', 58, 1, '0', '16500', '16500', '2023-05-02', '2023-05-02 14:47:02', '0', '0000-00-00 00:00:00', NULL),
('020523000181', 68, 1, '0', '9000', '9000', '2023-05-02', '2023-05-02 15:33:35', '0', '0000-00-00 00:00:00', NULL),
('020523000182', 18, 1, '0', '30000', '30000', '2023-05-02', '2023-05-02 15:52:06', '0', '0000-00-00 00:00:00', NULL),
('030323000063', 19, 1, '0', '7000', '7000', '2023-03-03', '2023-03-03 08:04:55', '0', '0000-00-00 00:00:00', NULL),
('030323000064', 58, 1, '0', '9000', '9000', '2023-03-03', '2023-03-03 11:04:57', '0', '0000-00-00 00:00:00', NULL),
('030323000065', 45, 1, '0', '23500', '23500', '2023-03-03', '2023-03-03 11:05:45', '0', '0000-00-00 00:00:00', NULL),
('030323000066', 52, 1, '0', '7500', '7500', '2023-03-03', '2023-03-03 11:25:28', '0', '0000-00-00 00:00:00', NULL),
('030323000067', 59, 1, '0', '68500', '68500', '2023-03-03', '2023-03-03 11:27:55', '0', '0000-00-00 00:00:00', NULL),
('030423000131', 77, 1, '0', '22500', '22500', '2023-04-03', '2023-04-03 07:59:13', '0', '0000-00-00 00:00:00', NULL),
('030423000132', NULL, 1, '0', '63500', '63500', '2023-04-03', '2023-04-03 12:44:45', '0', '0000-00-00 00:00:00', NULL),
('030423000133', 66, 1, '0', '63500', '63500', '2023-04-03', '2023-04-03 12:44:58', '0', '0000-00-00 00:00:00', NULL),
('030423000134', 68, 1, '0', '63500', '63500', '2023-04-03', '2023-04-03 12:45:11', '0', '0000-00-00 00:00:00', NULL),
('030423000135', 17, 1, '0', '10500', '10500', '2023-04-03', '2023-04-03 13:54:55', '0', '0000-00-00 00:00:00', NULL),
('030423000136', 52, 1, '0', '14500', '14500', '2023-04-03', '2023-04-03 13:56:33', '0', '0000-00-00 00:00:00', NULL),
('030523000183', 44, 1, '0', '194000', '194000', '2023-05-03', '2023-05-03 10:12:08', '0', '0000-00-00 00:00:00', NULL),
('030523000184', 44, 1, '0', '162500', '162500', '2023-05-03', '2023-05-03 15:10:59', '0', '0000-00-00 00:00:00', NULL),
('040423000137', 52, 1, '0', '21500', '21500', '2023-04-04', '2023-04-04 08:12:00', '0', '0000-00-00 00:00:00', NULL),
('040423000138', 45, 1, '0', '3000', '3000', '2023-04-04', '2023-04-04 10:42:05', '0', '0000-00-00 00:00:00', NULL),
('040423000139', 34, 1, '0', '59000', '59000', '2023-04-04', '2023-04-04 10:55:02', '0', '0000-00-00 00:00:00', NULL),
('040423000140', 48, 1, '0', '15000', '15000', '2023-04-04', '2023-04-04 11:56:03', '0', '0000-00-00 00:00:00', NULL),
('040423000141', 18, 1, '0', '9500', '9500', '2023-04-04', '2023-04-04 13:57:58', '0', '0000-00-00 00:00:00', NULL),
('040523000185', 80, 1, '0', '15500', '15500', '2023-05-04', '2023-05-04 08:22:59', '0', '0000-00-00 00:00:00', NULL),
('040523000186', 61, 1, '0', '7500', '7500', '2023-05-04', '2023-05-04 09:19:56', '0', '0000-00-00 00:00:00', NULL),
('040523000187', 72, 1, '0', '15500', '15500', '2023-05-04', '2023-05-04 10:09:31', '0', '0000-00-00 00:00:00', NULL),
('040523000188', 83, 1, '0', '21000', '21000', '2023-05-04', '2023-05-04 10:10:30', '0', '0000-00-00 00:00:00', NULL),
('040523000189', 17, 1, '0', '38500', '38500', '2023-05-04', '2023-05-04 10:27:42', '0', '0000-00-00 00:00:00', NULL),
('040523000190', 51, 1, '0', '23000', '23000', '2023-05-04', '2023-05-04 14:01:15', '0', '0000-00-00 00:00:00', NULL),
('040523000191', 52, 1, '0', '15000', '15000', '2023-05-04', '2023-05-04 15:14:50', '0', '0000-00-00 00:00:00', NULL),
('050423000142', 78, 1, '0', '6000', '6000', '2023-04-05', '2023-04-05 12:37:59', '0', '0000-00-00 00:00:00', NULL),
('050423000143', 79, 1, '0', '21000', '21000', '2023-04-05', '2023-04-05 12:38:50', '0', '0000-00-00 00:00:00', NULL),
('050423000144', 80, 1, '0', '54500', '54500', '2023-04-05', '2023-04-05 12:39:54', '0', '0000-00-00 00:00:00', NULL),
('050523000192', 68, 1, '0', '2000', '2000', '2023-05-05', '2023-05-05 10:21:51', '0', '0000-00-00 00:00:00', NULL),
('050523000193', 52, 1, '0', '5000', '5000', '2023-05-05', '2023-05-05 10:29:10', '0', '0000-00-00 00:00:00', NULL),
('050523000194', 84, 1, '0', '22000', '22000', '2023-05-05', '2023-05-05 11:34:02', '0', '0000-00-00 00:00:00', NULL),
('060323000068', 31, 1, '0', '23000', '23000', '2023-03-06', '2023-03-06 08:59:01', '0', '0000-00-00 00:00:00', NULL),
('060323000069', 60, 1, '0', '35500', '35500', '2023-03-06', '2023-03-06 09:00:10', '0', '0000-00-00 00:00:00', NULL),
('060323000070', 44, 1, '0', '9000', '9000', '2023-03-06', '2023-03-06 09:34:33', '0', '0000-00-00 00:00:00', NULL),
('060323000071', 17, 1, '0', '18000', '18000', '2023-03-06', '2023-03-06 13:18:05', '0', '0000-00-00 00:00:00', NULL),
('060323000072', 61, 1, '0', '9000', '9000', '2023-03-06', '2023-03-06 13:18:37', '0', '0000-00-00 00:00:00', NULL),
('060323000073', 41, 1, '0', '17500', '17500', '2023-03-06', '2023-03-06 13:25:43', '0', '0000-00-00 00:00:00', NULL),
('060323000074', 18, 1, '0', '19500', '19500', '2023-03-06', '2023-03-06 13:28:25', '0', '0000-00-00 00:00:00', NULL),
('060323000075', 45, 1, '0', '10500', '10500', '2023-03-06', '2023-03-06 14:02:31', '0', '0000-00-00 00:00:00', NULL),
('060323000076', 62, 1, '0', '13000', '13000', '2023-03-06', '2023-03-06 14:27:20', '0', '0000-00-00 00:00:00', NULL),
('060323000077', 20, 1, '0', '2000', '2000', '2023-03-06', '2023-03-06 15:26:30', '0', '0000-00-00 00:00:00', NULL),
('060423000145', 18, 1, '0', '45000', '45000', '2023-04-06', '2023-04-06 08:10:24', '0', '0000-00-00 00:00:00', NULL),
('070323000078', 44, 1, '0', '19000', '19000', '2023-03-07', '2023-03-07 14:45:45', '0', '0000-00-00 00:00:00', NULL),
('080323000079', 44, 1, '0', '6000', '6000', '2023-03-08', '2023-03-08 08:07:58', '0', '0000-00-00 00:00:00', NULL),
('080323000080', 52, 1, '0', '45000', '45000', '2023-03-08', '2023-03-08 13:08:00', '0', '0000-00-00 00:00:00', NULL),
('080523000195', 65, 1, '0', '17000', '17000', '2023-05-08', '2023-05-08 09:18:25', '0', '0000-00-00 00:00:00', NULL),
('080523000196', 17, 1, '0', '12000', '12000', '2023-05-08', '2023-05-08 10:27:13', '0', '0000-00-00 00:00:00', NULL),
('080523000197', 37, 1, '0', '8000', '8000', '2023-05-08', '2023-05-08 11:54:19', '0', '0000-00-00 00:00:00', NULL),
('080523000198', 85, 1, '0', '30000', '30000', '2023-05-08', '2023-05-08 13:12:24', '0', '0000-00-00 00:00:00', NULL),
('080523000199', 58, 1, '0', '16500', '16500', '2023-05-08', '2023-05-08 14:35:21', '0', '0000-00-00 00:00:00', NULL),
('080523000200', 52, 1, '0', '6000', '6000', '2023-05-08', '2023-05-08 15:27:06', '0', '0000-00-00 00:00:00', NULL),
('090323000081', 17, 1, '0', '9000', '9000', '2023-03-09', '2023-03-09 07:57:58', '0', '0000-00-00 00:00:00', NULL),
('090323000082', 41, 1, '0', '15000', '15000', '2023-03-09', '2023-03-09 08:12:48', '0', '0000-00-00 00:00:00', NULL),
('090323000083', NULL, 1, '0', '8500', '8500', '2023-03-09', '2023-03-09 08:39:38', '0', '0000-00-00 00:00:00', NULL),
('090323000084', 63, 1, '0', '7000', '7000', '2023-03-09', '2023-03-09 13:10:31', '0', '0000-00-00 00:00:00', NULL),
('090523000201', 45, 1, '0', '24000', '24000', '2023-05-09', '2023-05-09 14:29:25', '0', '0000-00-00 00:00:00', NULL),
('090523000202', 51, 1, '0', '57000', '57000', '2023-05-09', '2023-05-09 14:30:50', '0', '0000-00-00 00:00:00', NULL),
('090523000203', 17, 1, '0', '28500', '28500', '2023-05-09', '2023-05-09 14:31:40', '0', '0000-00-00 00:00:00', NULL),
('090523000204', 19, 1, '0', '15500', '15500', '2023-05-09', '2023-05-09 14:32:20', '0', '0000-00-00 00:00:00', NULL),
('100323000085', 64, 1, '0', '7500', '7500', '2023-03-10', '2023-03-10 10:03:25', '0', '0000-00-00 00:00:00', NULL),
('100423000146', 19, 1, '0', '23000', '23000', '2023-04-10', '2023-04-10 08:08:22', '0', '0000-00-00 00:00:00', NULL),
('100423000147', 17, 1, '0', '33000', '33000', '2023-04-10', '2023-04-10 08:29:46', '0', '0000-00-00 00:00:00', NULL),
('100423000148', NULL, 1, '0', '62000', '62000', '2023-04-10', '2023-04-10 10:32:14', '0', '0000-00-00 00:00:00', NULL),
('100423000149', 77, 1, '0', '14000', '14000', '2023-04-10', '2023-04-10 11:53:51', '0', '0000-00-00 00:00:00', NULL),
('100523000205', 31, 1, '0', '14500', '14500', '2023-05-10', '2023-05-10 14:39:33', '0', '0000-00-00 00:00:00', NULL),
('110423000150', 17, 1, '0', '14500', '14500', '2023-04-11', '2023-04-11 11:08:20', '0', '0000-00-00 00:00:00', NULL),
('110423000151', 37, 1, '0', '4000', '4000', '2023-04-11', '2023-04-11 13:20:02', '0', '0000-00-00 00:00:00', NULL),
('110423000152', 39, 1, '0', '5000', '5000', '2023-04-11', '2023-04-11 13:20:49', '0', '0000-00-00 00:00:00', NULL),
('110423000153', 80, 1, '0', '23500', '23500', '2023-04-11', '2023-04-11 13:51:07', '0', '0000-00-00 00:00:00', NULL),
('110523000206', 86, 1, '0', '29500', '29500', '2023-05-11', '2023-05-11 14:27:42', '0', '0000-00-00 00:00:00', NULL),
('110523000207', 80, 1, '0', '40500', '40500', '2023-05-11', '2023-05-11 14:29:40', '0', '0000-00-00 00:00:00', NULL),
('120423000154', 66, 1, '0', '20000', '20000', '2023-04-12', '2023-04-12 08:16:06', '0', '0000-00-00 00:00:00', NULL),
('120423000155', 45, 1, '0', '5500', '5500', '2023-04-12', '2023-04-12 10:32:58', '0', '0000-00-00 00:00:00', NULL),
('120423000156', 58, 1, '0', '38000', '38000', '2023-04-12', '2023-04-12 12:16:57', '0', '0000-00-00 00:00:00', NULL),
('120423000157', 36, 1, '0', '20000', '20000', '2023-04-12', '2023-04-12 13:53:27', '0', '0000-00-00 00:00:00', NULL),
('120523000208', 58, 1, '0', '8500', '8500', '2023-05-12', '2023-05-12 11:49:59', '0', '0000-00-00 00:00:00', NULL),
('120523000209', 68, 1, '0', '48000', '48000', '2023-05-12', '2023-05-12 11:51:00', '0', '0000-00-00 00:00:00', NULL),
('120523000210', 52, 1, '0', '20000', '20000', '2023-05-12', '2023-05-12 11:51:32', '0', '0000-00-00 00:00:00', NULL),
('130223000004', 19, 1, '0', '79000', '79000', '2023-02-13', '2023-02-13 14:29:50', '0', '0000-00-00 00:00:00', NULL),
('130223000005', 21, 1, '0', '27500', '27500', '2023-02-13', '2023-02-13 14:43:04', '0', '0000-00-00 00:00:00', NULL),
('130323000086', 51, 1, '0', '36000', '36000', '2023-03-13', '2023-03-13 10:11:21', '0', '0000-00-00 00:00:00', NULL),
('130323000087', 65, 1, '0', '2500', '2500', '2023-03-13', '2023-03-13 10:25:05', '0', '0000-00-00 00:00:00', NULL),
('130323000088', 58, 1, '0', '6500', '6500', '2023-03-13', '2023-03-13 13:31:50', '0', '0000-00-00 00:00:00', NULL),
('130323000089', 66, 1, '0', '9000', '9000', '2023-03-13', '2023-03-13 13:32:24', '0', '0000-00-00 00:00:00', NULL),
('130323000090', 67, 1, '0', '25000', '25000', '2023-03-13', '2023-03-13 13:37:47', '0', '0000-00-00 00:00:00', NULL),
('130323000091', 68, 1, '0', '9000', '9000', '2023-03-13', '2023-03-13 14:26:32', '0', '0000-00-00 00:00:00', NULL),
('130323000092', 68, 1, '0', '7500', '7500', '2023-03-13', '2023-03-13 14:35:11', '0', '0000-00-00 00:00:00', NULL),
('130323000093', NULL, 1, '0', '60000', '60000', '2023-03-13', '2023-03-13 15:46:03', '0', '0000-00-00 00:00:00', NULL),
('130423000158', 52, 1, '0', '38000', '38000', '2023-04-13', '2023-04-13 08:21:14', '0', '0000-00-00 00:00:00', NULL),
('130423000159', 81, 1, '0', '9000', '9000', '2023-04-13', '2023-04-13 08:22:28', '0', '0000-00-00 00:00:00', NULL),
('140223000006', 22, 1, '0', '12000', '12000', '2023-02-14', '2023-02-14 13:30:05', '0', '0000-00-00 00:00:00', NULL),
('140223000007', 23, 1, '0', '15000', '15000', '2023-02-14', '2023-02-14 13:30:41', '0', '0000-00-00 00:00:00', NULL),
('140223000008', 23, 1, '0', '15000', '15000', '2023-02-14', '2023-02-14 13:31:09', '0', '0000-00-00 00:00:00', NULL),
('140223000009', 22, 1, '0', '2500', '2500', '2023-02-14', '2023-02-14 13:32:03', '0', '0000-00-00 00:00:00', NULL),
('140323000094', 41, 1, '0', '13500', '13500', '2023-03-14', '2023-03-14 07:59:57', '0', '0000-00-00 00:00:00', NULL),
('140323000095', 18, 1, '0', '7000', '7000', '2023-03-14', '2023-03-14 08:17:25', '0', '0000-00-00 00:00:00', NULL),
('140323000096', 69, 1, '0', '1500', '1500', '2023-03-14', '2023-03-14 08:17:53', '0', '0000-00-00 00:00:00', NULL),
('140323000097', 17, 1, '0', '3500', '3500', '2023-03-14', '2023-03-14 10:27:30', '0', '0000-00-00 00:00:00', NULL),
('140323000098', 18, 1, '0', '42000', '42000', '2023-03-14', '2023-03-14 13:13:52', '0', '0000-00-00 00:00:00', NULL),
('140423000160', 65, 1, '0', '2000', '2000', '2023-04-14', '2023-04-14 08:18:46', '0', '0000-00-00 00:00:00', NULL),
('140423000161', 44, 1, '0', '113500', '113500', '2023-04-14', '2023-04-14 10:46:19', '0', '0000-00-00 00:00:00', NULL),
('150223000010', 24, 1, '0', '18500', '18500', '2023-02-15', '2023-02-15 13:08:24', '0', '0000-00-00 00:00:00', NULL),
('150223000011', 25, 1, '0', '68000', '68000', '2023-02-15', '2023-02-15 13:34:01', '0', '0000-00-00 00:00:00', NULL),
('150223000012', 26, 1, '0', '1500', '1500', '2023-02-15', '2023-02-15 13:34:28', '0', '0000-00-00 00:00:00', NULL),
('150323000099', 68, 1, '0', '2000', '2000', '2023-03-15', '2023-03-15 08:07:50', '0', '0000-00-00 00:00:00', NULL),
('150323000100', NULL, 1, '0', '54500', '54500', '2023-03-15', '2023-03-15 08:39:19', '0', '0000-00-00 00:00:00', NULL),
('150323000101', 70, 1, '0', '11000', '11000', '2023-03-15', '2023-03-15 11:05:05', '0', '0000-00-00 00:00:00', NULL),
('150323000102', 58, 1, '0', '24500', '24500', '2023-03-15', '2023-03-15 13:58:15', '0', '0000-00-00 00:00:00', NULL),
('150323000103', 71, 1, '0', '27000', '27000', '2023-03-15', '2023-03-15 13:59:22', '0', '0000-00-00 00:00:00', NULL),
('150323000104', 71, 1, '0', '40000', '40000', '2023-03-15', '2023-03-15 14:00:06', '0', '0000-00-00 00:00:00', NULL),
('150523000211', 77, 1, '0', '8000', '8000', '2023-05-15', '2023-05-15 15:42:44', '0', '0000-00-00 00:00:00', NULL),
('150523000212', 45, 1, '0', '8000', '8000', '2023-05-15', '2023-05-15 15:43:03', '0', '0000-00-00 00:00:00', NULL),
('150523000213', 58, 1, '0', '28000', '28000', '2023-05-15', '2023-05-15 15:44:07', '0', '0000-00-00 00:00:00', NULL),
('150523000214', 68, 1, '0', '14000', '14000', '2023-05-15', '2023-05-15 15:45:36', '0', '0000-00-00 00:00:00', NULL),
('150523000215', 72, 1, '0', '51000', '51000', '2023-05-15', '2023-05-15 15:46:35', '0', '0000-00-00 00:00:00', NULL),
('150523000216', 85, 1, '0', '2500', '2500', '2023-05-15', '2023-05-15 15:46:46', '0', '0000-00-00 00:00:00', NULL),
('160223000013', 27, 1, '0', '31000', '31000', '2023-02-16', '2023-02-16 09:10:46', '0', '0000-00-00 00:00:00', NULL),
('160223000014', 28, 1, '0', '37000', '37000', '2023-02-16', '2023-02-16 15:39:49', '0', '0000-00-00 00:00:00', NULL),
('160323000105', 51, 1, '0', '16500', '16500', '2023-03-16', '2023-03-16 14:11:32', '0', '0000-00-00 00:00:00', NULL),
('160523000217', 19, 1, '0', '27000', '27000', '2023-05-16', '2023-05-16 14:33:57', '0', '0000-00-00 00:00:00', NULL),
('170223000015', 29, 1, '0', '2000', '2000', '2023-02-17', '2023-02-17 07:51:41', '0', '0000-00-00 00:00:00', NULL),
('170223000016', 18, 1, '0', '22000', '22000', '2023-02-17', '2023-02-17 08:23:23', '0', '0000-00-00 00:00:00', NULL),
('170223000017', 30, 1, '0', '4000', '4000', '2023-02-17', '2023-02-17 09:05:14', '0', '0000-00-00 00:00:00', NULL),
('170223000018', 18, 1, '0', '23000', '23000', '2023-02-17', '2023-02-17 09:14:33', '0', '0000-00-00 00:00:00', NULL),
('170223000019', 31, 1, '0', '42500', '42500', '2023-02-17', '2023-02-17 10:40:37', '0', '0000-00-00 00:00:00', NULL),
('170223000020', 32, 1, '0', '2000', '2000', '2023-02-17', '2023-02-17 10:41:01', '0', '0000-00-00 00:00:00', NULL),
('170223000021', 27, 1, '0', '3000', '3000', '2023-02-17', '2023-02-17 11:36:57', '0', '0000-00-00 00:00:00', NULL),
('170223000022', 33, 1, '0', '7500', '7500', '2023-02-17', '2023-02-17 13:24:37', '0', '0000-00-00 00:00:00', NULL),
('170323000106', 72, 1, '0', '179000', '179000', '2023-03-17', '2023-03-17 08:36:48', '0', '0000-00-00 00:00:00', NULL),
('170323000107', 73, 1, '0', '13000', '13000', '2023-03-17', '2023-03-17 09:59:45', '0', '0000-00-00 00:00:00', NULL),
('170323000108', NULL, 1, '0', '12000', '12000', '2023-03-17', '2023-03-17 11:21:20', '0', '0000-00-00 00:00:00', NULL),
('170423000162', 80, 1, '0', '13000', '13000', '2023-04-17', '2023-04-17 10:17:51', '0', '0000-00-00 00:00:00', NULL),
('170423000163', 52, 1, '0', '3000', '3000', '2023-04-17', '2023-04-17 12:15:53', '0', '0000-00-00 00:00:00', NULL),
('170523000218', 72, 1, '0', '64000', '64000', '2023-05-17', '2023-05-17 14:24:27', '0', '0000-00-00 00:00:00', NULL),
('170523000219', 87, 1, '0', '28500', '28500', '2023-05-17', '2023-05-17 14:24:53', '0', '0000-00-00 00:00:00', NULL),
('180423000164', 18, 1, '0', '52000', '52000', '2023-04-18', '2023-04-18 08:03:28', '0', '0000-00-00 00:00:00', NULL),
('180423000165', 39, 1, '0', '74500', '74500', '2023-04-18', '2023-04-18 09:40:45', '0', '0000-00-00 00:00:00', NULL),
('180423000166', 19, 1, '0', '20000', '20000', '2023-04-18', '2023-04-18 12:55:47', '0', '0000-00-00 00:00:00', NULL),
('180423000167', NULL, 1, '0', '42000', '42000', '2023-04-18', '2023-04-18 13:19:43', '0', '0000-00-00 00:00:00', NULL),
('190523000220', 44, 1, '0', '104000', '104000', '2023-05-19', '2023-05-19 11:29:35', '0', '0000-00-00 00:00:00', NULL),
('190523000221', 61, 1, '0', '14000', '14000', '2023-05-19', '2023-05-19 11:30:20', '0', '0000-00-00 00:00:00', NULL),
('200223000023', 34, 1, '0', '6000', '6000', '2023-02-20', '2023-02-20 13:19:59', '0', '0000-00-00 00:00:00', NULL),
('200223000024', 35, 1, '0', '10000', '10000', '2023-02-20', '2023-02-20 13:20:23', '0', '0000-00-00 00:00:00', NULL),
('200223000025', 36, 1, '0', '39500', '39500', '2023-02-20', '2023-02-20 15:37:27', '0', '0000-00-00 00:00:00', NULL),
('200323000109', 52, 1, '0', '31500', '31500', '2023-03-20', '2023-03-20 08:20:02', '0', '0000-00-00 00:00:00', NULL),
('200323000110', 74, 1, '0', '5000', '5000', '2023-03-20', '2023-03-20 09:18:13', '0', '0000-00-00 00:00:00', NULL),
('200323000111', 65, 1, '0', '6000', '6000', '2023-03-20', '2023-03-20 13:09:15', '0', '0000-00-00 00:00:00', NULL),
('210223000026', 37, 1, '0', '17500', '17500', '2023-02-21', '2023-02-21 09:51:55', '0', '0000-00-00 00:00:00', NULL),
('210223000027', 38, 1, '0', '6000', '6000', '2023-02-21', '2023-02-21 09:57:50', '0', '0000-00-00 00:00:00', NULL),
('210223000028', 39, 1, '0', '29000', '29000', '2023-02-21', '2023-02-21 11:03:07', '0', '0000-00-00 00:00:00', NULL),
('210223000029', 40, 1, '0', '3000', '3000', '2023-02-21', '2023-02-21 11:57:19', '0', '0000-00-00 00:00:00', NULL),
('210223000030', 41, 1, '0', '40000', '40000', '2023-02-21', '2023-02-21 13:06:45', '0', '0000-00-00 00:00:00', NULL),
('210223000031', 42, 1, '0', '18500', '18500', '2023-02-21', '2023-02-21 14:05:03', '0', '0000-00-00 00:00:00', NULL),
('210323000112', 18, 1, '0', '9500', '9500', '2023-03-21', '2023-03-21 09:18:19', '0', '0000-00-00 00:00:00', NULL),
('210323000113', 19, 1, '0', '2500', '2500', '2023-03-21', '2023-03-21 15:47:50', '0', '0000-00-00 00:00:00', NULL),
('220223000032', 41, 1, '0', '2000', '2000', '2023-02-22', '2023-02-22 10:42:40', '0', '0000-00-00 00:00:00', NULL),
('220223000033', 43, 1, '0', '48000', '48000', '2023-02-22', '2023-02-22 15:07:06', '0', '0000-00-00 00:00:00', NULL),
('220223000034', 37, 1, '0', '7500', '7500', '2023-02-22', '2023-02-22 15:48:23', '0', '0000-00-00 00:00:00', NULL),
('220523000222', 52, 1, '0', '40000', '40000', '2023-05-22', '2023-05-22 14:12:23', '0', '0000-00-00 00:00:00', NULL),
('220523000223', 18, 1, '0', '46500', '46500', '2023-05-22', '2023-05-22 14:13:21', '0', '0000-00-00 00:00:00', NULL),
('220523000224', 65, 1, '0', '22000', '22000', '2023-05-22', '2023-05-22 14:14:36', '0', '0000-00-00 00:00:00', NULL),
('220523000225', 76, 1, '0', '14000', '14000', '2023-05-22', '2023-05-22 14:23:31', '0', '0000-00-00 00:00:00', NULL),
('220523000226', 31, 1, '0', '43000', '43000', '2023-05-22', '2023-05-22 14:59:07', '0', '0000-00-00 00:00:00', NULL),
('230223000035', 44, 1, '0', '51500', '51500', '2023-02-23', '2023-02-23 08:59:18', '0', '0000-00-00 00:00:00', NULL),
('230223000036', 45, 1, '0', '9500', '9500', '2023-02-23', '2023-02-23 10:56:08', '0', '0000-00-00 00:00:00', NULL),
('230223000037', 46, 1, '0', '2500', '2500', '2023-02-23', '2023-02-23 13:22:35', '0', '0000-00-00 00:00:00', NULL),
('230223000038', 47, 1, '0', '31500', '31500', '2023-02-23', '2023-02-23 14:09:52', '0', '0000-00-00 00:00:00', NULL),
('230223000039', 48, 1, '0', '48000', '48000', '2023-02-23', '2023-02-23 14:58:06', '0', '0000-00-00 00:00:00', NULL),
('230223000040', 48, 1, '0', '6500', '6500', '2023-02-23', '2023-02-23 15:29:12', '0', '0000-00-00 00:00:00', NULL),
('230523000227', 17, 1, '0', '24500', '24500', '2023-05-23', '2023-05-23 14:30:30', '0', '0000-00-00 00:00:00', NULL),
('230523000228', 77, 1, '0', '26000', '26000', '2023-05-23', '2023-05-23 14:31:57', '0', '0000-00-00 00:00:00', NULL),
('240223000041', 41, 1, '0', '4000', '4000', '2023-02-24', '2023-02-24 10:14:06', '0', '0000-00-00 00:00:00', NULL),
('240223000042', 49, 1, '0', '4000', '4000', '2023-02-24', '2023-02-24 10:30:38', '0', '0000-00-00 00:00:00', NULL),
('240523000229', 52, 1, '0', '34500', '34500', '2023-05-24', '2023-05-24 21:24:59', '0', '0000-00-00 00:00:00', NULL),
('250523000230', 18, 1, '0', '96500', '96500', '2023-05-25', '2023-05-25 14:31:00', '0', '0000-00-00 00:00:00', NULL),
('250523000231', 17, 1, '0', '58500', '58500', '2023-05-25', '2023-05-25 14:32:06', '0', '0000-00-00 00:00:00', NULL),
('250523000232', 65, 1, '0', '3500', '3500', '2023-05-25', '2023-05-25 15:14:50', '0', '0000-00-00 00:00:00', NULL),
('270223000043', 50, 1, '0', '6000', '6000', '2023-02-27', '2023-02-27 10:30:07', '0', '0000-00-00 00:00:00', NULL),
('270223000044', 51, 1, '0', '15500', '15500', '2023-02-27', '2023-02-27 13:06:55', '0', '0000-00-00 00:00:00', NULL),
('270223000045', 52, 1, '0', '10500', '10500', '2023-02-27', '2023-02-27 13:07:32', '0', '0000-00-00 00:00:00', NULL),
('270223000046', 53, 1, '0', '2500', '2500', '2023-02-27', '2023-02-27 14:38:26', '0', '0000-00-00 00:00:00', NULL),
('270223000047', 18, 1, '0', '58500', '58500', '2023-02-27', '2023-02-27 14:41:26', '0', '0000-00-00 00:00:00', NULL),
('270223000048', 17, 1, '0', '21000', '21000', '2023-02-27', '2023-02-27 14:41:50', '0', '0000-00-00 00:00:00', NULL),
('270223000049', 41, 1, '0', '3500', '3500', '2023-02-27', '2023-02-27 15:04:36', '0', '0000-00-00 00:00:00', NULL),
('270223000050', 37, 1, '0', '57500', '57500', '2023-02-27', '2023-02-27 15:45:13', '0', '0000-00-00 00:00:00', NULL),
('270323000114', 44, 1, '0', '74000', '74000', '2023-03-27', '2023-03-27 09:49:29', '0', '0000-00-00 00:00:00', NULL),
('270323000115', 65, 1, '0', '2000', '2000', '2023-03-27', '2023-03-27 09:49:44', '0', '0000-00-00 00:00:00', NULL),
('270323000116', 18, 1, '0', '15000', '15000', '2023-03-27', '2023-03-27 09:50:54', '0', '0000-00-00 00:00:00', NULL),
('270323000117', 75, 1, '0', '10000', '10000', '2023-03-27', '2023-03-27 10:53:22', '0', '0000-00-00 00:00:00', NULL),
('270323000118', 18, 1, '0', '9500', '9500', '2023-03-27', '2023-03-27 11:03:00', '0', '0000-00-00 00:00:00', NULL),
('270323000119', 18, 1, '0', '47500', '47500', '2023-03-27', '2023-03-27 11:09:43', '0', '0000-00-00 00:00:00', NULL),
('270323000120', 52, 1, '0', '5500', '5500', '2023-03-27', '2023-03-27 11:12:33', '0', '0000-00-00 00:00:00', NULL),
('270323000121', 19, 1, '0', '8500', '8500', '2023-03-27', '2023-03-27 13:24:23', '0', '0000-00-00 00:00:00', NULL),
('270423000168', 18, 1, '0', '12000', '12000', '2023-04-27', '2023-04-27 11:10:09', '0', '0000-00-00 00:00:00', NULL),
('270423000169', 58, 1, '0', '15000', '15000', '2023-04-27', '2023-04-27 11:32:13', '0', '0000-00-00 00:00:00', NULL),
('270423000170', 82, 1, '0', '7500', '7500', '2023-04-27', '2023-04-27 11:33:44', '0', '0000-00-00 00:00:00', NULL),
('270423000171', 17, 1, '0', '26000', '26000', '2023-04-27', '2023-04-27 11:46:26', '0', '0000-00-00 00:00:00', NULL),
('270423000172', 77, 1, '0', '10000', '10000', '2023-04-27', '2023-04-27 12:31:53', '0', '0000-00-00 00:00:00', NULL),
('270423000173', 17, 1, '0', '14500', '14500', '2023-04-27', '2023-04-27 12:36:59', '0', '0000-00-00 00:00:00', NULL),
('270423000174', 41, 1, '0', '62000', '62000', '2023-04-27', '2023-04-27 12:53:03', '0', '0000-00-00 00:00:00', NULL),
('270423000175', 61, 1, '0', '6000', '6000', '2023-04-27', '2023-04-27 12:54:18', '0', '0000-00-00 00:00:00', NULL),
('270523000233', 52, 1, '0', '267000', '267000', '2023-05-27', '2023-05-27 16:43:00', '0', '0000-00-00 00:00:00', NULL),
('280223000051', 54, 1, '0', '4000', '4000', '2023-02-28', '2023-02-28 09:03:12', '0', '0000-00-00 00:00:00', NULL),
('280223000052', 23, 1, '0', '10000', '10000', '2023-02-28', '2023-02-28 10:11:15', '0', '0000-00-00 00:00:00', NULL),
('280223000053', 55, 1, '0', '25500', '25500', '2023-02-28', '2023-02-28 10:12:39', '0', '0000-00-00 00:00:00', NULL),
('280323000122', 76, 1, '0', '18500', '18500', '2023-03-28', '2023-03-28 08:34:06', '0', '0000-00-00 00:00:00', NULL),
('280323000123', 65, 1, '0', '8500', '8500', '2023-03-28', '2023-03-28 11:46:44', '0', '0000-00-00 00:00:00', NULL),
('280323000124', 44, 1, '0', '117500', '117500', '2023-03-28', '2023-03-28 14:09:32', '0', '0000-00-00 00:00:00', NULL),
('280423000176', 19, 1, '0', '8000', '8000', '2023-04-28', '2023-04-28 07:51:09', '0', '0000-00-00 00:00:00', NULL),
('280423000177', 41, 1, '0', '32500', '32500', '2023-04-28', '2023-04-28 11:13:26', '0', '0000-00-00 00:00:00', NULL),
('281222000001', NULL, 1, '0', '21000', '21000', '2022-12-28', '2022-12-28 15:11:01', '0', '0000-00-00 00:00:00', NULL),
('290323000125', NULL, 1, '0', '10000', '10000', '2023-03-29', '2023-03-29 09:15:56', '0', '0000-00-00 00:00:00', NULL),
('290323000126', NULL, 1, '0', '43500', '43500', '2023-03-29', '2023-03-29 10:10:53', '0', '0000-00-00 00:00:00', NULL),
('290323000127', NULL, 1, '0', '5500', '5500', '2023-03-29', '2023-03-29 10:11:15', '0', '0000-00-00 00:00:00', NULL),
('290323000128', 68, 1, '0', '24500', '24500', '2023-03-29', '2023-03-29 11:33:28', '0', '0000-00-00 00:00:00', NULL),
('290323000129', 77, 1, '0', '39000', '39000', '2023-03-29', '2023-03-29 12:40:30', '0', '0000-00-00 00:00:00', NULL),
('310123000002', NULL, 1, '0', '14500', '14500', '2023-01-31', '2023-01-31 13:34:25', '0', '0000-00-00 00:00:00', NULL),
('310123000003', NULL, 1, '0', '2000', '2000', '2023-01-31', '2023-01-31 13:35:01', '0', '0000-00-00 00:00:00', NULL),
('310323000130', 65, 1, '0', '10000', '10000', '2023-03-31', '2023-03-31 09:38:29', '0', '0000-00-00 00:00:00', NULL);

-- --------------------------------------------------------

--
-- Table structure for table `penjualan_detail`
--

CREATE TABLE `penjualan_detail` (
  `id` int(11) NOT NULL,
  `id_penjualan` varchar(50) NOT NULL,
  `kode_item` varchar(100) NOT NULL,
  `racikan` enum('0','1') NOT NULL DEFAULT '0',
  `upah_peracik` decimal(10,0) NOT NULL,
  `harga` decimal(10,0) NOT NULL,
  `diskon` decimal(10,0) NOT NULL,
  `kuantiti` float NOT NULL,
  `total` decimal(10,0) NOT NULL
) ENGINE=InnoDB DEFAULT CHARSET=latin1 COLLATE=latin1_swedish_ci;

--
-- Dumping data for table `penjualan_detail`
--

INSERT INTO `penjualan_detail` (`id`, `id_penjualan`, `kode_item`, `racikan`, `upah_peracik`, `harga`, `diskon`, `kuantiti`, `total`) VALUES
(58, '281222000001', '8999909028230', '0', '0', '21000', '0', 1, '21000'),
(59, '310123000002', 'OBAT-297', '0', '0', '14500', '0', 1, '14500'),
(60, '310123000003', 'OBAT-195', '0', '0', '2000', '0', 1, '2000'),
(61, '130223000004', 'OBAT-126', '0', '0', '2500', '0', 1, '2500'),
(62, '130223000004', 'OBAT-213', '0', '0', '14500', '0', 1, '14500'),
(63, '130223000004', 'KOS-210', '0', '0', '45000', '0', 1, '45000'),
(64, '130223000004', 'OBAT-65', '0', '0', '17000', '0', 1, '17000'),
(65, '130223000005', 'ALKES-72', '0', '0', '27500', '0', 1, '27500'),
(66, '140223000006', 'ALKES-41', '0', '0', '3000', '0', 4, '12000'),
(67, '140223000007', 'OBAT-354', '0', '0', '15000', '0', 1, '15000'),
(68, '140223000008', 'OBAT-354', '0', '0', '15000', '0', 1, '15000'),
(69, '140223000009', 'OBAT-350', '0', '0', '2500', '0', 1, '2500'),
(70, '150223000010', 'OBAT-413', '0', '0', '18500', '0', 1, '18500'),
(71, '150223000011', 'OBAT-75', '0', '0', '7500', '0', 1, '7500'),
(72, '150223000011', 'OBAT-195', '0', '0', '2000', '0', 2, '4000'),
(73, '150223000011', 'OBAT-07', '0', '0', '26500', '0', 1, '26500'),
(74, '150223000011', 'OBAT-122', '0', '0', '3000', '0', 10, '30000'),
(75, '150223000012', 'OBAT-234', '0', '0', '1500', '0', 1, '1500'),
(76, '160223000013', 'OBAT-438', '0', '0', '25000', '0', 1, '25000'),
(77, '160223000013', 'OBAT-179', '0', '0', '6000', '0', 1, '6000'),
(78, '160223000014', 'ALKES-72', '0', '0', '27500', '0', 1, '27500'),
(79, '160223000014', 'KOS-226', '0', '0', '9500', '0', 1, '9500'),
(80, '170223000015', 'ALKES-57', '0', '0', '500', '0', 4, '2000'),
(81, '170223000016', 'OBAT-170', '0', '0', '3000', '0', 3, '9000'),
(82, '170223000016', 'OBAT-166', '0', '0', '13000', '0', 1, '13000'),
(83, '170223000017', 'OBAT-152', '0', '0', '4000', '0', 1, '4000'),
(84, '170223000018', 'OBAT-384', '0', '0', '23000', '0', 1, '23000'),
(85, '170223000019', 'OBAT-411', '0', '0', '8000', '0', 1, '8000'),
(86, '170223000019', 'OBAT-122', '0', '0', '3000', '0', 2, '6000'),
(87, '170223000019', 'OBAT-434', '0', '0', '6500', '0', 2, '13000'),
(88, '170223000019', 'OBAT-78', '0', '0', '15500', '0', 1, '15500'),
(89, '170223000020', 'OBAT-195', '0', '0', '2000', '0', 1, '2000'),
(90, '170223000021', 'OBAT-422', '0', '0', '3000', '0', 1, '3000'),
(91, '170223000022', 'KOS-16', '0', '0', '2500', '0', 1, '2500'),
(92, '170223000022', 'OBAT-239', '0', '0', '5000', '0', 1, '5000'),
(93, '200223000023', 'ALKES-50', '0', '0', '2000', '0', 1, '2000'),
(94, '200223000023', 'ALKES-49', '0', '0', '2000', '0', 2, '4000'),
(95, '200223000024', 'ALKES-49', '0', '0', '2000', '0', 5, '10000'),
(96, '200223000025', 'OBAT-63', '0', '0', '39500', '0', 1, '39500'),
(97, '210223000026', 'KOS-225', '0', '0', '5500', '0', 1, '5500'),
(98, '210223000026', 'OBAT-161', '0', '0', '6000', '0', 1, '6000'),
(99, '210223000026', 'OBAT-245', '0', '0', '6000', '0', 1, '6000'),
(100, '210223000027', 'OBAT-125', '0', '0', '6000', '0', 1, '6000'),
(101, '210223000028', 'OBAT-302', '0', '0', '6500', '0', 1, '6500'),
(102, '210223000028', 'OBAT-301', '0', '0', '6500', '0', 1, '6500'),
(103, '210223000028', 'OBAT-216', '0', '0', '16000', '0', 1, '16000'),
(104, '210223000029', 'OBAT-412', '0', '0', '3000', '0', 1, '3000'),
(105, '210223000030', 'OBAT-179', '0', '0', '6000', '0', 1, '6000'),
(106, '210223000030', 'ALKES-51', '0', '0', '2000', '0', 17, '34000'),
(107, '210223000031', 'OBAT-332', '0', '0', '15000', '0', 1, '15000'),
(108, '210223000031', 'OBAT-240', '0', '0', '3500', '0', 1, '3500'),
(109, '220223000032', 'ALKES-49', '0', '0', '2000', '0', 1, '2000'),
(110, '220223000033', 'ALKES-61', '0', '0', '32500', '0', 1, '32500'),
(111, '220223000033', 'OBAT-78', '0', '0', '15500', '0', 1, '15500'),
(112, '220223000034', 'OBAT-194', '0', '0', '7500', '0', 1, '7500'),
(113, '230223000035', 'OBAT-238', '0', '0', '6000', '0', 1, '6000'),
(114, '230223000035', 'OBAT-206', '0', '0', '45500', '0', 1, '45500'),
(115, '230223000036', 'OBAT-51', '0', '0', '2500', '0', 1, '2500'),
(116, '230223000036', 'OBAT-240', '0', '0', '3500', '0', 2, '7000'),
(117, '230223000037', 'OBAT-189', '0', '0', '2500', '0', 1, '2500'),
(118, '230223000038', 'OBAT-161', '0', '0', '6000', '0', 1, '6000'),
(119, '230223000038', 'OBAT-302', '0', '0', '6500', '0', 1, '6500'),
(120, '230223000038', 'OBAT-331', '0', '0', '19000', '0', 1, '19000'),
(121, '230223000039', 'OBAT-114', '0', '0', '48000', '0', 1, '48000'),
(122, '230223000040', 'OBAT-302', '0', '0', '6500', '0', 1, '6500'),
(123, '240223000041', 'ALKES-49', '0', '0', '2000', '0', 2, '4000'),
(124, '240223000042', 'ALKES-49', '0', '0', '2000', '0', 2, '4000'),
(125, '270223000043', 'ALKES-51', '0', '0', '2000', '0', 3, '6000'),
(126, '270223000044', 'OBAT-329', '0', '0', '15500', '0', 1, '15500'),
(127, '270223000045', 'OBAT-88', '0', '0', '3000', '0', 1, '3000'),
(128, '270223000045', 'OBAT-194', '0', '0', '7500', '0', 1, '7500'),
(129, '270223000046', 'OBAT-189', '0', '0', '2500', '0', 1, '2500'),
(130, '270223000047', 'OBAT-107', '0', '0', '30000', '0', 1, '30000'),
(131, '270223000047', 'OBAT-110', '0', '0', '13000', '0', 1, '13000'),
(132, '270223000047', 'OBAT-152', '0', '0', '4000', '0', 2, '8000'),
(133, '270223000047', 'OBAT-369', '0', '0', '2500', '0', 3, '7500'),
(134, '270223000048', 'OBAT-296', '0', '0', '21000', '0', 1, '21000'),
(135, '270223000049', 'OBAT-196', '0', '0', '3500', '0', 1, '3500'),
(136, '270223000050', 'OBAT-41', '0', '0', '13000', '0', 1, '13000'),
(137, '270223000050', 'OBAT-07', '0', '0', '26500', '0', 1, '26500'),
(138, '270223000050', 'OBAT-155', '0', '0', '18000', '0', 1, '18000'),
(139, '280223000051', 'ALKES-60', '0', '0', '2000', '0', 2, '4000'),
(140, '280223000052', 'KOS-14', '0', '0', '10000', '0', 1, '10000'),
(141, '280223000053', 'OBAT-33', '0', '0', '7000', '0', 1, '7000'),
(142, '280223000053', 'OBAT-423', '0', '0', '6500', '0', 1, '6500'),
(143, '280223000053', 'OBAT-223', '0', '0', '12000', '0', 1, '12000'),
(144, '010323000054', 'OBAT-194', '0', '0', '7500', '0', 1, '7500'),
(145, '010323000055', 'OBAT-129', '0', '0', '9000', '0', 1, '9000'),
(146, '010323000055', 'OBAT-16', '0', '0', '17000', '0', 1, '17000'),
(147, '010323000055', 'OBAT-224', '0', '0', '32000', '0', 1, '32000'),
(148, '010323000056', 'OBAT-75', '0', '0', '7500', '0', 1, '7500'),
(149, '010323000056', 'OBAT-204', '0', '0', '6500', '0', 1, '6500'),
(150, '010323000056', 'OBAT-441', '0', '0', '6500', '0', 1, '6500'),
(151, '010323000057', 'OBAT-194', '0', '0', '7500', '0', 1, '7500'),
(152, '010323000058', 'KOS-31', '0', '0', '22500', '0', 1, '22500'),
(153, '010323000058', 'OBAT-413', '0', '0', '18500', '0', 1, '18500'),
(154, '010323000058', 'OBAT-208', '0', '0', '2000', '0', 1, '2000'),
(155, '010323000059', 'OBAT-200', '0', '0', '2500', '0', 1, '2500'),
(156, '010323000059', 'OBAT-120', '0', '0', '6000', '0', 1, '6000'),
(157, '010323000060', 'OBAT-241', '0', '0', '7500', '0', 1, '7500'),
(158, '010323000060', 'OBAT-11', '0', '0', '2500', '0', 1, '2500'),
(159, '010323000060', 'OBAT-423', '0', '0', '6500', '0', 1, '6500'),
(160, '020323000061', 'ALKES-53', '0', '0', '12000', '0', 1, '12000'),
(161, '020323000061', 'KOS-157', '0', '0', '68000', '0', 1, '68000'),
(162, '020323000061', 'OBAT-64', '0', '0', '71500', '0', 1, '71500'),
(163, '020323000061', 'KOS-62', '0', '0', '29500', '0', 1, '29500'),
(164, '020323000061', 'OBAT-354', '0', '0', '15000', '0', 1, '15000'),
(165, '020323000062', 'OBAT-240', '0', '0', '3500', '0', 1, '3500'),
(166, '030323000063', 'KOS-244', '0', '0', '3500', '0', 2, '7000'),
(167, '030323000064', 'OBAT-201', '0', '0', '3000', '0', 2, '6000'),
(168, '030323000064', 'OBAT-234', '0', '0', '1500', '0', 2, '3000'),
(169, '030323000065', 'OBAT-106', '0', '0', '4000', '0', 2, '8000'),
(170, '030323000065', 'ALKES-49', '0', '0', '2000', '0', 4, '8000'),
(171, '030323000065', 'OBAT-194', '0', '0', '7500', '0', 1, '7500'),
(172, '030323000066', 'OBAT-194', '0', '0', '7500', '0', 1, '7500'),
(173, '030323000067', 'ALKES-64', '0', '0', '20000', '0', 1, '20000'),
(174, '030323000067', 'OBAT-391', '0', '0', '27500', '0', 1, '27500'),
(175, '030323000067', 'OBAT-296', '0', '0', '21000', '0', 1, '21000'),
(176, '060323000068', 'OBAT-379', '0', '0', '23000', '0', 1, '23000'),
(177, '060323000069', 'OBAT-135', '0', '0', '5500', '0', 1, '5500'),
(178, '060323000069', 'OBAT-183', '0', '0', '15000', '0', 1, '15000'),
(179, '060323000069', 'ALKES-66', '0', '0', '15000', '0', 1, '15000'),
(180, '060323000070', 'OBAT-48', '0', '0', '1500', '0', 6, '9000'),
(181, '060323000071', 'OBAT-179', '0', '0', '6000', '0', 1, '6000'),
(182, '060323000071', 'OBAT-53', '0', '0', '12000', '0', 1, '12000'),
(183, '060323000072', 'OBAT-32', '0', '0', '9000', '0', 1, '9000'),
(184, '060323000073', 'OBAT-416', '0', '0', '7500', '0', 1, '7500'),
(185, '060323000073', 'OBAT-302', '0', '0', '6500', '0', 1, '6500'),
(186, '060323000073', 'OBAT-240', '0', '0', '3500', '0', 1, '3500'),
(187, '060323000074', 'KOS-16', '0', '0', '2500', '0', 1, '2500'),
(188, '060323000074', 'OBAT-402', '0', '0', '17000', '0', 1, '17000'),
(189, '060323000075', 'OBAT-240', '0', '0', '3500', '0', 3, '10500'),
(190, '060323000076', 'OBAT-41', '0', '0', '13000', '0', 1, '13000'),
(191, '060323000077', 'OBAT-243', '0', '0', '2000', '0', 1, '2000'),
(192, '070323000078', 'OBAT-82', '0', '0', '19000', '0', 1, '19000'),
(193, '080323000079', 'OBAT-238', '0', '0', '6000', '0', 1, '6000'),
(194, '080323000080', 'OBAT-257', '0', '0', '18500', '0', 1, '18500'),
(195, '080323000080', 'OBAT-122', '0', '0', '3000', '0', 3, '9000'),
(196, '080323000080', 'OBAT-198', '0', '0', '17500', '0', 1, '17500'),
(197, '090323000081', 'OBAT-30', '0', '0', '9000', '0', 1, '9000'),
(198, '090323000082', 'OBAT-98', '0', '0', '15000', '0', 1, '15000'),
(199, '090323000083', 'OBAT-350', '0', '0', '2500', '0', 1, '2500'),
(200, '090323000083', 'OBAT-238', '0', '0', '6000', '0', 1, '6000'),
(201, '090323000084', 'OBAT-138', '0', '0', '3500', '0', 2, '7000'),
(202, '100323000085', 'OBAT-241', '0', '0', '7500', '0', 1, '7500'),
(203, '130323000086', 'OBAT-211', '0', '0', '3000', '0', 1, '3000'),
(204, '130323000086', 'KOS-19', '0', '0', '4500', '0', 1, '4500'),
(205, '130323000086', 'KOS-225', '0', '0', '5500', '0', 1, '5500'),
(206, '130323000086', 'OBAT-379', '0', '0', '23000', '0', 1, '23000'),
(207, '130323000087', 'OBAT-72', '0', '0', '2500', '0', 1, '2500'),
(208, '130323000088', 'OBAT-235', '0', '0', '2000', '0', 2, '4000'),
(209, '130323000088', 'OBAT-397', '0', '0', '2500', '0', 1, '2500'),
(210, '130323000089', 'OBAT-121', '0', '0', '4500', '0', 2, '9000'),
(211, '130323000090', 'OBAT-370', '0', '0', '4000', '0', 1, '4000'),
(212, '130323000090', 'OBAT-296', '0', '0', '21000', '0', 1, '21000'),
(213, '130323000091', 'OBAT-121', '0', '0', '4500', '0', 2, '9000'),
(214, '130323000092', 'OBAT-241', '0', '0', '7500', '0', 1, '7500'),
(215, '130323000093', 'ALKES-55', '0', '0', '10000', '0', 1, '10000'),
(216, '130323000093', 'OBAT-239', '0', '0', '5000', '0', 2, '10000'),
(217, '130323000093', 'OBAT-24', '0', '0', '13500', '0', 1, '13500'),
(218, '130323000093', 'ALKES-75', '0', '0', '26500', '0', 1, '26500'),
(219, '140323000094', 'OBAT-41', '0', '0', '13500', '0', 1, '13500'),
(220, '140323000095', 'OBAT-240', '0', '0', '3500', '0', 2, '7000'),
(221, '140323000096', 'OBAT-234', '0', '0', '1500', '0', 1, '1500'),
(222, '140323000097', 'OBAT-138', '0', '0', '3500', '0', 1, '3500'),
(223, '140323000098', 'OBAT-384', '0', '0', '23000', '0', 1, '23000'),
(224, '140323000098', 'OBAT-331', '0', '0', '19000', '0', 1, '19000'),
(225, '150323000099', 'OBAT-195', '0', '0', '2000', '0', 1, '2000'),
(226, '150323000100', 'OBAT-161', '0', '0', '6000', '0', 1, '6000'),
(227, '150323000100', 'OBAT-261', '0', '0', '3000', '0', 1, '3000'),
(228, '150323000100', 'OBAT-206', '0', '0', '45500', '0', 1, '45500'),
(229, '150323000101', 'ALKES-73', '0', '0', '11000', '0', 1, '11000'),
(230, '150323000102', 'OBAT-135', '0', '0', '5500', '0', 1, '5500'),
(231, '150323000102', 'OBAT-334', '0', '0', '19000', '0', 1, '19000'),
(232, '150323000103', 'OBAT-135', '0', '0', '5500', '0', 1, '5500'),
(233, '150323000103', 'OBAT-434', '0', '0', '6500', '0', 1, '6500'),
(234, '150323000103', 'OBAT-364', '0', '0', '7500', '0', 2, '15000'),
(235, '150323000104', 'ALKES-64', '0', '0', '20000', '0', 1, '20000'),
(236, '150323000104', 'ALKES-62', '0', '0', '10000', '0', 1, '10000'),
(237, '150323000104', 'ALKES-63', '0', '0', '10000', '0', 1, '10000'),
(238, '160323000105', 'OBAT-59', '0', '0', '16500', '0', 1, '16500'),
(239, '170323000106', 'ALKES-57', '0', '0', '500', '0', 20, '10000'),
(240, '170323000106', 'KOS-226', '0', '0', '9500', '0', 2, '19000'),
(241, '170323000106', 'OBAT-09', '0', '0', '15500', '0', 1, '15500'),
(242, '170323000106', 'OBAT-245', '0', '0', '7500', '0', 1, '7500'),
(243, '170323000106', 'OBAT-299', '0', '0', '14500', '0', 2, '29000'),
(244, '170323000106', 'OBAT-161', '0', '0', '6000', '0', 4, '24000'),
(245, '170323000106', 'OBAT-239', '0', '0', '5000', '0', 4, '20000'),
(246, '170323000106', 'OBAT-75', '0', '0', '7500', '0', 4, '30000'),
(247, '170323000106', 'OBAT-196', '0', '0', '3500', '0', 4, '14000'),
(248, '170323000106', 'OBAT-397', '0', '0', '2500', '0', 4, '10000'),
(249, '170323000107', 'ALKES-58', '0', '0', '13000', '0', 1, '13000'),
(250, '170323000108', 'OBAT-240', '0', '0', '4000', '0', 3, '12000'),
(251, '200323000109', 'OBAT-150', '0', '0', '16500', '0', 1, '16500'),
(252, '200323000109', 'OBAT-170', '0', '0', '3000', '0', 5, '15000'),
(253, '200323000110', 'OBAT-239', '0', '0', '5000', '0', 1, '5000'),
(254, '200323000111', 'OBAT-279', '0', '0', '6000', '0', 1, '6000'),
(255, '210323000112', 'ALKES-36', '0', '0', '1500', '0', 2, '3000'),
(256, '210323000112', 'OBAT-301', '0', '0', '6500', '0', 1, '6500'),
(257, '210323000113', 'OBAT-397', '0', '0', '2500', '0', 1, '2500'),
(258, '270323000114', 'OBAT-137', '0', '0', '9000', '0', 1, '9000'),
(259, '270323000114', 'OBAT-160', '0', '0', '13500', '0', 1, '13500'),
(260, '270323000114', 'OBAT-441', '0', '0', '6500', '0', 1, '6500'),
(261, '270323000114', 'OBAT-96', '0', '0', '33000', '0', 1, '33000'),
(262, '270323000114', 'OBAT-106', '0', '0', '4000', '0', 3, '12000'),
(263, '270323000115', 'ALKES-57', '0', '0', '500', '0', 4, '2000'),
(264, '270323000116', 'OBAT-197', '0', '0', '3000', '0', 5, '15000'),
(265, '270323000117', 'OBAT-127', '0', '0', '2500', '0', 4, '10000'),
(266, '270323000118', 'OBAT-390', '0', '0', '9500', '0', 1, '9500'),
(267, '270323000119', 'OBAT-369', '0', '0', '2500', '0', 3, '7500'),
(268, '270323000119', 'OBAT-170', '0', '0', '3000', '0', 3, '9000'),
(269, '270323000119', 'OBAT-449', '0', '0', '31000', '0', 1, '31000'),
(270, '270323000120', 'OBAT-135', '0', '0', '5500', '0', 1, '5500'),
(271, '270323000121', 'KOS-246', '0', '0', '8500', '0', 1, '8500'),
(272, '280323000122', 'OBAT-13', '0', '0', '18500', '0', 1, '18500'),
(273, '280323000123', 'OBAT-179', '0', '0', '6000', '0', 1, '6000'),
(274, '280323000123', 'OBAT-131', '0', '0', '2500', '0', 1, '2500'),
(275, '280323000124', 'OBAT-221', '0', '0', '9000', '0', 1, '9000'),
(276, '280323000124', 'OBAT-278', '0', '0', '6000', '0', 1, '6000'),
(277, '280323000124', 'OBAT-442', '0', '0', '25500', '0', 1, '25500'),
(278, '280323000124', 'ALKES-73', '0', '0', '11000', '0', 1, '11000'),
(279, '280323000124', 'KOS-236', '0', '0', '13500', '0', 1, '13500'),
(280, '280323000124', 'OBAT-436', '0', '0', '52500', '0', 1, '52500'),
(281, '290323000125', 'KOS-232', '0', '0', '10000', '0', 1, '10000'),
(282, '290323000126', 'OBAT-235', '0', '0', '2000', '0', 2, '4000'),
(283, '290323000126', 'OBAT-201', '0', '0', '3000', '0', 3, '9000'),
(284, '290323000126', 'OBAT-135', '0', '0', '5500', '0', 2, '11000'),
(285, '290323000126', 'OBAT-397', '0', '0', '2500', '0', 2, '5000'),
(286, '290323000126', 'OBAT-120', '0', '0', '6000', '0', 1, '6000'),
(287, '290323000126', 'OBAT-200', '0', '0', '2500', '0', 2, '5000'),
(288, '290323000126', 'OBAT-196', '0', '0', '3500', '0', 1, '3500'),
(289, '290323000127', 'OBAT-200', '0', '0', '2500', '0', 1, '2500'),
(290, '290323000127', 'OBAT-412', '0', '0', '3000', '0', 1, '3000'),
(291, '290323000128', 'OBAT-149', '0', '0', '24500', '0', 1, '24500'),
(292, '290323000129', 'OBAT-216', '0', '0', '16000', '0', 1, '16000'),
(293, '290323000129', 'OBAT-135', '0', '0', '5500', '0', 1, '5500'),
(294, '290323000129', 'OBAT-261', '0', '0', '3000', '0', 5, '15000'),
(295, '290323000129', 'OBAT-200', '0', '0', '2500', '0', 1, '2500'),
(296, '310323000130', 'KOS-245', '0', '0', '10000', '0', 1, '10000'),
(297, '030423000131', 'KOS-19', '0', '0', '4500', '0', 1, '4500'),
(298, '030423000131', 'OBAT-211', '0', '0', '3000', '0', 2, '6000'),
(299, '030423000131', 'OBAT-106', '0', '0', '4000', '0', 1, '4000'),
(300, '030423000131', 'OBAT-240', '0', '0', '4000', '0', 2, '8000'),
(301, '030423000132', 'OBAT-09', '0', '0', '15500', '0', 1, '15500'),
(302, '030423000132', 'KOS-226', '0', '0', '9500', '0', 1, '9500'),
(303, '030423000132', 'OBAT-155', '0', '0', '18000', '0', 1, '18000'),
(304, '030423000132', 'OBAT-354', '0', '0', '15000', '0', 1, '15000'),
(305, '030423000133', 'OBAT-09', '0', '0', '15500', '0', 1, '15500'),
(306, '030423000133', 'KOS-226', '0', '0', '9500', '0', 1, '9500'),
(307, '030423000133', 'OBAT-155', '0', '0', '18000', '0', 1, '18000'),
(308, '030423000133', 'OBAT-354', '0', '0', '15000', '0', 1, '15000'),
(309, '030423000134', 'OBAT-09', '0', '0', '15500', '0', 1, '15500'),
(310, '030423000134', 'KOS-226', '0', '0', '9500', '0', 1, '9500'),
(311, '030423000134', 'OBAT-155', '0', '0', '18000', '0', 1, '18000'),
(312, '030423000134', 'OBAT-354', '0', '0', '15000', '0', 1, '15000'),
(313, '030423000135', 'OBAT-138', '0', '0', '3500', '0', 2, '7000'),
(314, '030423000135', 'OBAT-196', '0', '0', '3500', '0', 1, '3500'),
(315, '030423000136', 'OBAT-299', '0', '0', '14500', '0', 1, '14500'),
(316, '040423000137', 'OBAT-200', '0', '0', '2500', '0', 2, '5000'),
(317, '040423000137', 'OBAT-135', '0', '0', '5500', '0', 3, '16500'),
(318, '040423000138', 'OBAT-197', '0', '0', '3000', '0', 1, '3000'),
(319, '040423000139', 'OBAT-21', '0', '0', '5000', '0', 1, '5000'),
(320, '040423000139', 'OBAT-256', '0', '0', '45000', '0', 1, '45000'),
(321, '040423000139', 'OBAT-412', '0', '0', '3000', '0', 2, '6000'),
(322, '040423000139', 'OBAT-232', '0', '0', '3000', '0', 1, '3000'),
(323, '040423000140', 'OBAT-250', '0', '0', '15000', '0', 1, '15000'),
(324, '040423000141', 'OBAT-443', '0', '0', '9500', '0', 1, '9500'),
(325, '050423000142', 'OBAT-122', '0', '0', '3000', '0', 1, '3000'),
(326, '050423000142', 'OBAT-261', '0', '0', '3000', '0', 1, '3000'),
(327, '050423000143', 'OBAT-52', '0', '0', '6500', '0', 1, '6500'),
(328, '050423000143', 'OBAT-214', '0', '0', '14500', '0', 1, '14500'),
(329, '050423000144', 'OBAT-412', '0', '0', '3000', '0', 1, '3000'),
(330, '050423000144', 'OBAT-106', '0', '0', '4000', '0', 3, '12000'),
(331, '050423000144', 'OBAT-211', '0', '0', '3000', '0', 5, '15000'),
(332, '050423000144', 'OBAT-155', '0', '0', '18000', '0', 1, '18000'),
(333, '050423000144', 'OBAT-52', '0', '0', '6500', '0', 1, '6500'),
(334, '060423000145', 'OBAT-122', '0', '0', '3000', '0', 3, '9000'),
(335, '060423000145', 'OBAT-07', '0', '0', '26500', '0', 1, '26500'),
(336, '060423000145', 'OBAT-443', '0', '0', '9500', '0', 1, '9500'),
(337, '100423000146', 'OBAT-98', '0', '0', '15000', '0', 1, '15000'),
(338, '100423000146', 'OBAT-152', '0', '0', '4000', '0', 2, '8000'),
(339, '100423000147', 'OBAT-103', '0', '0', '22000', '0', 1, '22000'),
(340, '100423000147', 'OBAT-240', '0', '0', '4000', '0', 2, '8000'),
(341, '100423000147', 'OBAT-128', '0', '0', '1500', '0', 2, '3000'),
(342, '100423000148', 'OBAT-75', '0', '0', '7500', '0', 1, '7500'),
(343, '100423000148', 'OBAT-204', '0', '0', '6500', '0', 1, '6500'),
(344, '100423000148', 'OBAT-106', '0', '0', '4000', '0', 12, '48000'),
(345, '100423000149', 'OBAT-135', '0', '0', '5500', '0', 1, '5500'),
(346, '100423000149', 'OBAT-83', '0', '0', '8500', '0', 1, '8500'),
(347, '110423000150', 'OBAT-214', '0', '0', '14500', '0', 1, '14500'),
(348, '110423000151', 'OBAT-152', '0', '0', '4000', '0', 1, '4000'),
(349, '110423000152', 'OBAT-134', '0', '0', '5000', '0', 1, '5000'),
(350, '110423000153', 'OBAT-469', '0', '0', '5500', '0', 1, '5500'),
(351, '110423000153', 'OBAT-155', '0', '0', '18000', '0', 1, '18000'),
(352, '120423000154', 'OBAT-162', '0', '0', '11000', '0', 1, '11000'),
(353, '120423000154', 'OBAT-121', '0', '0', '4500', '0', 2, '9000'),
(354, '120423000155', 'ALKES-74', '0', '0', '5500', '0', 1, '5500'),
(355, '120423000156', 'OBAT-235', '0', '0', '2000', '0', 2, '4000'),
(356, '120423000156', 'OBAT-135', '0', '0', '5500', '0', 3, '16500'),
(357, '120423000156', 'OBAT-120', '0', '0', '6000', '0', 1, '6000'),
(358, '120423000156', 'OBAT-201', '0', '0', '3000', '0', 3, '9000'),
(359, '120423000156', 'OBAT-200', '0', '0', '2500', '0', 1, '2500'),
(360, '120423000157', 'OBAT-370', '0', '0', '4000', '0', 5, '20000'),
(361, '130423000158', 'OBAT-109', '0', '0', '13000', '0', 1, '13000'),
(362, '130423000158', 'KOS-215', '0', '0', '25000', '0', 1, '25000'),
(363, '130423000159', 'OBAT-397', '0', '0', '2500', '0', 1, '2500'),
(364, '130423000159', 'OBAT-196', '0', '0', '3500', '0', 1, '3500'),
(365, '130423000159', 'OBAT-154', '0', '0', '3000', '0', 1, '3000'),
(366, '140423000160', 'ALKES-57', '0', '0', '500', '0', 4, '2000'),
(367, '140423000161', 'OBAT-467', '0', '0', '7000', '0', 1, '7000'),
(368, '140423000161', 'KOS-55', '0', '0', '35000', '0', 1, '35000'),
(369, '140423000161', 'OBAT-64', '0', '0', '71500', '0', 1, '71500'),
(370, '170423000162', 'ALKES-58', '0', '0', '13000', '0', 1, '13000'),
(371, '170423000163', 'OBAT-412', '0', '0', '3000', '0', 1, '3000'),
(372, '180423000164', 'ALKES-49', '0', '0', '2000', '0', 1, '2000'),
(373, '180423000164', 'OBAT-170', '0', '0', '3000', '0', 3, '9000'),
(374, '180423000164', 'OBAT-144', '0', '0', '41000', '0', 1, '41000'),
(375, '180423000165', 'OBAT-125', '0', '0', '6000', '0', 1, '6000'),
(376, '180423000165', 'OBAT-347', '0', '0', '3500', '0', 1, '3500'),
(377, '180423000165', 'OBAT-469', '0', '0', '5500', '0', 1, '5500'),
(378, '180423000165', 'OBAT-397', '0', '0', '2500', '0', 1, '2500'),
(379, '180423000165', 'OBAT-296', '0', '0', '21000', '0', 1, '21000'),
(380, '180423000165', 'OBAT-286', '0', '0', '12000', '0', 1, '12000'),
(381, '180423000165', 'OBAT-106', '0', '0', '4000', '0', 6, '24000'),
(382, '180423000166', 'OBAT-190', '0', '0', '20000', '0', 1, '20000'),
(383, '180423000167', 'KOS-213', '0', '0', '20500', '0', 1, '20500'),
(384, '180423000167', 'OBAT-196', '0', '0', '3500', '0', 1, '3500'),
(385, '180423000167', 'OBAT-155', '0', '0', '18000', '0', 1, '18000'),
(386, '270423000168', 'OBAT-106', '0', '0', '4000', '0', 3, '12000'),
(387, '270423000169', 'OBAT-201', '0', '0', '3000', '0', 3, '9000'),
(388, '270423000169', 'OBAT-235', '0', '0', '2000', '0', 3, '6000'),
(389, '270423000170', 'OBAT-121', '0', '0', '4500', '0', 1, '4500'),
(390, '270423000170', 'OBAT-170', '0', '0', '3000', '0', 1, '3000'),
(391, '270423000171', 'OBAT-103', '0', '0', '22000', '0', 1, '22000'),
(392, '270423000171', 'OBAT-240', '0', '0', '4000', '0', 1, '4000'),
(393, '270423000172', 'OBAT-126', '0', '0', '2500', '0', 4, '10000'),
(394, '270423000173', 'OBAT-214', '0', '0', '14500', '0', 1, '14500'),
(395, '270423000174', 'OBAT-122', '0', '0', '3000', '0', 3, '9000'),
(396, '270423000174', 'OBAT-77', '0', '0', '12500', '0', 1, '12500'),
(397, '270423000174', 'OBAT-105', '0', '0', '27500', '0', 1, '27500'),
(398, '270423000174', 'OBAT-434', '0', '0', '6500', '0', 2, '13000'),
(399, '270423000175', 'OBAT-179', '0', '0', '6000', '0', 1, '6000'),
(400, '280423000176', 'OBAT-411', '0', '0', '8000', '0', 1, '8000'),
(401, '280423000177', 'OBAT-161', '0', '0', '6000', '0', 1, '6000'),
(402, '280423000177', 'OBAT-20', '0', '0', '26500', '0', 1, '26500'),
(403, '020523000178', 'OBAT-351', '0', '0', '24500', '0', 1, '24500'),
(404, '020523000178', 'OBAT-68', '0', '0', '15000', '0', 1, '15000'),
(405, '020523000179', 'OBAT-125', '0', '0', '6000', '0', 1, '6000'),
(406, '020523000179', 'OBAT-181', '0', '0', '5500', '0', 1, '5500'),
(407, '020523000180', 'OBAT-234', '0', '0', '1500', '0', 1, '1500'),
(408, '020523000180', 'OBAT-235', '0', '0', '2000', '0', 2, '4000'),
(409, '020523000180', 'OBAT-397', '0', '0', '2500', '0', 1, '2500'),
(410, '020523000180', 'OBAT-200', '0', '0', '2500', '0', 1, '2500'),
(411, '020523000180', 'OBAT-201', '0', '0', '3000', '0', 2, '6000'),
(412, '020523000181', 'OBAT-121', '0', '0', '4500', '0', 2, '9000'),
(413, '020523000182', 'OBAT-107', '0', '0', '30000', '0', 1, '30000'),
(414, '030523000183', 'KOS-166', '0', '0', '117000', '0', 1, '117000'),
(415, '030523000183', 'KOS-149', '0', '0', '77000', '0', 1, '77000'),
(416, '030523000184', 'KOS-121', '0', '0', '62500', '0', 1, '62500'),
(417, '030523000184', 'KOS-194', '0', '0', '60000', '0', 1, '60000'),
(418, '030523000184', 'OBAT-308', '0', '0', '7000', '0', 1, '7000'),
(419, '030523000184', 'KOS-213', '0', '0', '20500', '0', 1, '20500'),
(420, '030523000184', 'OBAT-14', '0', '0', '12500', '0', 1, '12500'),
(421, '040523000185', 'KOS-231', '0', '0', '15500', '0', 1, '15500'),
(422, '040523000186', 'OBAT-152', '0', '0', '4000', '0', 1, '4000'),
(423, '040523000186', 'OBAT-138', '0', '0', '3500', '0', 1, '3500'),
(424, '040523000187', 'OBAT-129', '0', '0', '9000', '0', 1, '9000'),
(425, '040523000187', 'OBAT-100', '0', '0', '6500', '0', 1, '6500'),
(426, '040523000188', 'ALKES-55', '0', '0', '10000', '0', 1, '10000'),
(427, '040523000188', 'OBAT-207', '0', '0', '11000', '0', 1, '11000'),
(428, '040523000189', 'OBAT-126', '0', '0', '2500', '0', 1, '2500'),
(429, '040523000189', 'OBAT-138', '0', '0', '3500', '0', 1, '3500'),
(430, '040523000189', 'OBAT-411', '0', '0', '8000', '0', 1, '8000'),
(431, '040523000189', 'KOS-45', '0', '0', '24500', '0', 1, '24500'),
(432, '040523000190', 'OBAT-379', '0', '0', '23000', '0', 1, '23000'),
(433, '040523000191', 'ALKES-66', '0', '0', '15000', '0', 1, '15000'),
(434, '050523000192', 'OBAT-195', '0', '0', '2000', '0', 1, '2000'),
(435, '050523000193', 'OBAT-11', '0', '0', '2500', '0', 2, '5000'),
(436, '050523000194', 'OBAT-243', '0', '0', '2000', '0', 1, '2000'),
(437, '050523000194', 'OBAT-246', '0', '0', '5000', '0', 4, '20000'),
(438, '080523000195', 'OBAT-78', '0', '0', '17000', '0', 1, '17000'),
(439, '080523000196', 'OBAT-195', '0', '0', '2000', '0', 1, '2000'),
(440, '080523000196', 'ALKES-55', '0', '0', '10000', '0', 1, '10000'),
(441, '080523000197', 'ALKES-50', '0', '0', '2000', '0', 4, '8000'),
(442, '080523000198', 'OBAT-352', '0', '0', '9500', '0', 2, '19000'),
(443, '080523000198', 'OBAT-207', '0', '0', '11000', '0', 1, '11000'),
(444, '080523000199', 'OBAT-443', '0', '0', '9500', '0', 1, '9500'),
(445, '080523000199', 'OBAT-88', '0', '0', '3000', '0', 1, '3000'),
(446, '080523000199', 'OBAT-234', '0', '0', '1500', '0', 1, '1500'),
(447, '080523000199', 'OBAT-397', '0', '0', '2500', '0', 1, '2500'),
(448, '080523000200', 'OBAT-122', '0', '0', '3000', '0', 1, '3000'),
(449, '080523000200', 'OBAT-170', '0', '0', '3000', '0', 1, '3000'),
(450, '090523000201', 'OBAT-197', '0', '0', '3000', '0', 3, '9000'),
(451, '090523000201', 'OBAT-170', '0', '0', '3000', '0', 4, '12000'),
(452, '090523000201', 'OBAT-232', '0', '0', '3000', '0', 1, '3000'),
(453, '090523000202', 'OBAT-162', '0', '0', '11000', '0', 1, '11000'),
(454, '090523000202', 'OBAT-379', '0', '0', '23000', '0', 2, '46000'),
(455, '090523000203', 'OBAT-126', '0', '0', '2500', '0', 1, '2500'),
(456, '090523000203', 'OBAT-364', '0', '0', '7500', '0', 1, '7500'),
(457, '090523000203', 'OBAT-13', '0', '0', '18500', '0', 1, '18500'),
(458, '090523000204', 'OBAT-35', '0', '0', '12000', '0', 1, '12000'),
(459, '090523000204', 'OBAT-138', '0', '0', '3500', '0', 1, '3500'),
(460, '100523000205', 'ALKES-36', '0', '0', '1500', '0', 4, '6000'),
(461, '100523000205', 'KOS-225', '0', '0', '5500', '0', 1, '5500'),
(462, '100523000205', 'OBAT-412', '0', '0', '3000', '0', 1, '3000'),
(463, '110523000206', 'KOS-63', '0', '0', '29500', '0', 1, '29500'),
(464, '110523000207', 'OBAT-129', '0', '0', '9000', '0', 2, '18000'),
(465, '110523000207', 'OBAT-196', '0', '0', '3500', '0', 1, '3500'),
(466, '110523000207', 'KOS-226', '0', '0', '9500', '0', 2, '19000'),
(467, '120523000208', 'OBAT-201', '0', '0', '3000', '0', 1, '3000'),
(468, '120523000208', 'OBAT-135', '0', '0', '5500', '0', 1, '5500'),
(469, '120523000209', 'OBAT-106', '0', '0', '4000', '0', 12, '48000'),
(470, '120523000210', 'OBAT-157', '0', '0', '7500', '0', 1, '7500'),
(471, '120523000210', 'OBAT-77', '0', '0', '12500', '0', 1, '12500'),
(472, '150523000211', 'ALKES-51', '0', '0', '2000', '0', 1, '2000'),
(473, '150523000211', 'OBAT-197', '0', '0', '3000', '0', 1, '3000'),
(474, '150523000211', 'OBAT-170', '0', '0', '3000', '0', 1, '3000'),
(475, '150523000212', 'OBAT-240', '0', '0', '4000', '0', 2, '8000'),
(476, '150523000213', 'OBAT-200', '0', '0', '2500', '0', 2, '5000'),
(477, '150523000213', 'OBAT-201', '0', '0', '3000', '0', 2, '6000'),
(478, '150523000213', 'OBAT-347', '0', '0', '3500', '0', 1, '3500'),
(479, '150523000213', 'OBAT-135', '0', '0', '5500', '0', 2, '11000'),
(480, '150523000213', 'OBAT-350', '0', '0', '2500', '0', 1, '2500'),
(481, '150523000214', 'OBAT-210', '0', '0', '3000', '0', 2, '6000'),
(482, '150523000214', 'OBAT-106', '0', '0', '4000', '0', 2, '8000'),
(483, '150523000215', 'ALKES-62', '0', '0', '10000', '0', 1, '10000'),
(484, '150523000215', 'ALKES-63', '0', '0', '10000', '0', 1, '10000'),
(485, '150523000215', 'ALKES-64', '0', '0', '20000', '0', 1, '20000'),
(486, '150523000215', 'OBAT-231', '0', '0', '11000', '0', 1, '11000'),
(487, '150523000216', 'OBAT-397', '0', '0', '2500', '0', 1, '2500'),
(488, '160523000217', 'KOS-246', '0', '0', '8500', '0', 1, '8500'),
(489, '160523000217', 'OBAT-241', '0', '0', '7500', '0', 1, '7500'),
(490, '160523000217', 'OBAT-195', '0', '0', '2000', '0', 1, '2000'),
(491, '160523000217', 'OBAT-302', '0', '0', '6500', '0', 1, '6500'),
(492, '160523000217', 'OBAT-126', '0', '0', '2500', '0', 1, '2500'),
(493, '170523000218', 'OBAT-81', '0', '0', '21000', '0', 1, '21000'),
(494, '170523000218', 'OBAT-162', '0', '0', '11000', '0', 1, '11000'),
(495, '170523000218', 'OBAT-93', '0', '0', '17500', '0', 1, '17500'),
(496, '170523000218', 'OBAT-396', '0', '0', '7500', '0', 1, '7500'),
(497, '170523000218', 'OBAT-467', '0', '0', '7000', '0', 1, '7000'),
(498, '170523000219', 'OBAT-318', '0', '0', '28500', '0', 1, '28500'),
(499, '190523000220', 'KOS-64', '0', '0', '19000', '0', 1, '19000'),
(500, '190523000220', 'KOS-236', '0', '0', '13500', '0', 1, '13500'),
(501, '190523000220', 'OBAT-64', '0', '0', '71500', '0', 1, '71500'),
(502, '190523000221', 'OBAT-200', '0', '0', '2500', '0', 1, '2500'),
(503, '190523000221', 'OBAT-100', '0', '0', '6500', '0', 1, '6500'),
(504, '190523000221', 'OBAT-239', '0', '0', '5000', '0', 1, '5000'),
(505, '220523000222', 'KOS-87', '0', '0', '19500', '0', 1, '19500'),
(506, '220523000222', 'OBAT-159', '0', '0', '14500', '0', 1, '14500'),
(507, '220523000222', 'OBAT-179', '0', '0', '6000', '0', 1, '6000'),
(508, '220523000223', 'OBAT-282', '0', '0', '8000', '0', 1, '8000'),
(509, '220523000223', 'KOS-247', '0', '0', '38500', '0', 1, '38500'),
(510, '220523000224', 'ALKES-51', '0', '0', '2000', '0', 2, '4000'),
(511, '220523000224', 'OBAT-72', '0', '0', '2500', '0', 1, '2500'),
(512, '220523000224', 'OBAT-61', '0', '0', '8000', '0', 1, '8000'),
(513, '220523000224', 'OBAT-416', '0', '0', '7500', '0', 1, '7500'),
(514, '220523000225', 'OBAT-41', '0', '0', '14000', '0', 1, '14000'),
(515, '220523000226', 'OBAT-215', '0', '0', '14500', '0', 1, '14500'),
(516, '220523000226', 'OBAT-204', '0', '0', '6500', '0', 1, '6500'),
(517, '220523000226', 'OBAT-231', '0', '0', '11000', '0', 1, '11000'),
(518, '220523000226', 'OBAT-207', '0', '0', '11000', '0', 1, '11000'),
(519, '230523000227', 'OBAT-72', '0', '0', '2500', '0', 2, '5000'),
(520, '230523000227', 'OBAT-162', '0', '0', '11000', '0', 1, '11000'),
(521, '230523000227', 'OBAT-21', '0', '0', '5000', '0', 1, '5000'),
(522, '230523000227', 'OBAT-138', '0', '0', '3500', '0', 1, '3500'),
(523, '230523000228', 'OBAT-57', '0', '0', '9500', '0', 1, '9500'),
(524, '230523000228', 'OBAT-232', '0', '0', '3000', '0', 1, '3000'),
(525, '230523000228', 'OBAT-160', '0', '0', '13500', '0', 1, '13500'),
(526, '240523000229', 'OBAT-364', '0', '0', '7500', '0', 1, '7500'),
(527, '240523000229', 'OBAT-152', '0', '0', '4000', '0', 1, '4000'),
(528, '240523000229', 'OBAT-356', '0', '0', '7500', '0', 1, '7500'),
(529, '240523000229', 'OBAT-137', '0', '0', '9000', '0', 1, '9000'),
(530, '240523000229', 'OBAT-350', '0', '0', '2500', '0', 1, '2500'),
(531, '240523000229', 'ALKES-49', '0', '0', '2000', '0', 2, '4000'),
(532, '250523000230', 'OBAT-369', '0', '0', '3000', '0', 3, '9000'),
(533, '250523000230', 'KOS-09', '0', '0', '34000', '0', 1, '34000'),
(534, '250523000230', 'OBAT-52', '0', '0', '6500', '0', 1, '6500'),
(535, '250523000230', 'OBAT-384', '0', '0', '23000', '0', 1, '23000'),
(536, '250523000230', 'OBAT-379', '0', '0', '24000', '0', 1, '24000'),
(537, '250523000231', 'OBAT-296', '0', '0', '21000', '0', 1, '21000'),
(538, '250523000231', 'OBAT-103', '0', '0', '22000', '0', 1, '22000'),
(539, '250523000231', 'OBAT-122', '0', '0', '3000', '0', 3, '9000'),
(540, '250523000231', 'OBAT-434', '0', '0', '6500', '0', 1, '6500'),
(541, '250523000232', 'OBAT-412', '0', '0', '3500', '0', 1, '3500'),
(542, '270523000233', 'OBAT-200', '0', '0', '2500', '0', 2, '5000'),
(543, '270523000233', 'OBAT-195', '0', '0', '2000', '0', 2, '4000'),
(544, '270523000233', 'OBAT-416', '0', '0', '7500', '0', 1, '7500'),
(545, '270523000233', 'KOS-143', '0', '0', '47000', '0', 1, '47000'),
(546, '270523000233', 'OBAT-477', '0', '0', '28500', '0', 1, '28500'),
(547, '270523000233', 'OBAT-52', '0', '0', '6500', '0', 2, '13000'),
(548, '270523000233', 'KOS-140', '0', '0', '68000', '0', 1, '68000'),
(549, '270523000233', 'OBAT-254', '0', '0', '69000', '0', 1, '69000'),
(550, '270523000233', 'OBAT-198', '0', '0', '17500', '0', 1, '17500'),
(551, '270523000233', 'OBAT-241', '0', '0', '7500', '0', 1, '7500');

-- --------------------------------------------------------

--
-- Table structure for table `penjualan_pembayaran`
--

CREATE TABLE `penjualan_pembayaran` (
  `id` int(11) NOT NULL,
  `id_penjualan` varchar(50) NOT NULL,
  `nominal` decimal(10,0) NOT NULL,
  `cara_bayar` enum('cash','credit card','debet') NOT NULL DEFAULT 'cash',
  `swipe` varchar(100) NOT NULL,
  `card_no` varchar(100) NOT NULL,
  `holder_name` varchar(100) NOT NULL,
  `bank` varchar(30) NOT NULL,
  `month` varchar(10) NOT NULL,
  `year` varchar(10) NOT NULL,
  `security_code` varchar(100) NOT NULL,
  `catatan` varchar(300) NOT NULL
) ENGINE=InnoDB DEFAULT CHARSET=latin1 COLLATE=latin1_swedish_ci;

--
-- Dumping data for table `penjualan_pembayaran`
--

INSERT INTO `penjualan_pembayaran` (`id`, `id_penjualan`, `nominal`, `cara_bayar`, `swipe`, `card_no`, `holder_name`, `bank`, `month`, `year`, `security_code`, `catatan`) VALUES
(29, '300619000001', '20000', 'cash', '', '', '', '', '', '', '', ''),
(30, '300619000002', '16000', 'cash', '', '', '', '', '', '', '', ''),
(31, '300619000003', '18000', 'cash', '', '', '', '', '', '', '', ''),
(32, '300619000004', '25000', 'cash', '', '', '', '', '', '', '', ''),
(33, '300619000005', '50000', 'cash', '', '', '', '', '', '', '', ''),
(34, '300619000005', '66000', 'credit card', '', '', '', 'Amex', '', '', '', ''),
(35, '050719000006', '21000', 'cash', '', '', '', '', '', '', '', ''),
(36, '050719000007', '220000', 'cash', '', '', '', '', '', '', '', ''),
(37, '251022000008', '20000', 'cash', '', '', '', '', '', '', '', ''),
(38, '281222000001', '21000', 'cash', '', '', '', '', '', '', '', ''),
(39, '310123000002', '14500', 'cash', '', '', '', '', '', '', '', ''),
(40, '310123000003', '2000', 'cash', '', '', '', '', '', '', '', ''),
(41, '130223000004', '79000', 'cash', '', '', '', '', '', '', '', ''),
(42, '130223000005', '27500', 'cash', '', '', '', '', '', '', '', ''),
(43, '140223000006', '12000', 'cash', '', '', '', '', '', '', '', ''),
(44, '140223000007', '15000', 'cash', '', '', '', '', '', '', '', ''),
(45, '140223000008', '15000', 'cash', '', '', '', '', '', '', '', ''),
(46, '140223000009', '2500', 'cash', '', '', '', '', '', '', '', ''),
(47, '150223000010', '18500', 'cash', '', '', '', '', '', '', '', ''),
(48, '150223000011', '68000', 'cash', '', '', '', '', '', '', '', ''),
(49, '150223000012', '1500', 'cash', '', '', '', '', '', '', '', ''),
(50, '160223000013', '31000', 'cash', '', '', '', '', '', '', '', ''),
(51, '160223000014', '37000', 'cash', '', '', '', '', '', '', '', ''),
(52, '170223000015', '2000', 'cash', '', '', '', '', '', '', '', ''),
(53, '170223000016', '22000', 'cash', '', '', '', '', '', '', '', ''),
(54, '170223000017', '4000', 'cash', '', '', '', '', '', '', '', ''),
(55, '170223000018', '23000', 'cash', '', '', '', '', '', '', '', ''),
(56, '170223000019', '42500', 'cash', '', '', '', '', '', '', '', ''),
(57, '170223000020', '2000', 'cash', '', '', '', '', '', '', '', ''),
(58, '170223000021', '3000', 'cash', '', '', '', '', '', '', '', ''),
(59, '170223000022', '7500', 'cash', '', '', '', '', '', '', '', ''),
(60, '200223000023', '6000', 'cash', '', '', '', '', '', '', '', ''),
(61, '200223000024', '10000', 'cash', '', '', '', '', '', '', '', ''),
(62, '200223000025', '39500', 'cash', '', '', '', '', '', '', '', ''),
(63, '210223000026', '117500', 'cash', '', '', '', '', '', '', '', ''),
(64, '210223000027', '16000', 'cash', '', '', '', '', '', '', '', ''),
(65, '210223000028', '29000', 'cash', '', '', '', '', '', '', '', ''),
(66, '210223000029', '3000', 'cash', '', '', '', '', '', '', '', ''),
(67, '210223000030', '40000', 'cash', '', '', '', '', '', '', '', ''),
(68, '210223000031', '18500', 'cash', '', '', '', '', '', '', '', ''),
(69, '220223000032', '2000', 'cash', '', '', '', '', '', '', '', ''),
(70, '220223000033', '48000', 'cash', '', '', '', '', '', '', '', ''),
(71, '220223000034', '7500', 'cash', '', '', '', '', '', '', '', ''),
(72, '230223000035', '203000', 'cash', '', '', '', '', '', '', '', ''),
(73, '230223000036', '9500', 'cash', '', '', '', '', '', '', '', ''),
(74, '230223000037', '2500', 'cash', '', '', '', '', '', '', '', ''),
(75, '230223000038', '31500', 'cash', '', '', '', '', '', '', '', ''),
(76, '230223000039', '48000', 'cash', '', '', '', '', '', '', '', ''),
(77, '230223000040', '6500', 'cash', '', '', '', '', '', '', '', ''),
(78, '240223000041', '4000', 'cash', '', '', '', '', '', '', '', ''),
(79, '240223000042', '4000', 'cash', '', '', '', '', '', '', '', ''),
(80, '270223000043', '6000', 'cash', '', '', '', '', '', '', '', ''),
(81, '270223000044', '15500', 'cash', '', '', '', '', '', '', '', ''),
(82, '270223000045', '10500', 'cash', '', '', '', '', '', '', '', ''),
(83, '270223000046', '2500', 'cash', '', '', '', '', '', '', '', ''),
(84, '270223000047', '58500', 'cash', '', '', '', '', '', '', '', ''),
(85, '270223000048', '21000', 'cash', '', '', '', '', '', '', '', ''),
(86, '270223000049', '3500', 'cash', '', '', '', '', '', '', '', ''),
(87, '270223000050', '57500', 'cash', '', '', '', '', '', '', '', ''),
(88, '280223000051', '4000', 'cash', '', '', '', '', '', '', '', ''),
(89, '280223000052', '10000', 'cash', '', '', '', '', '', '', '', ''),
(90, '280223000053', '100000', 'cash', '', '', '', '', '', '', '', ''),
(91, '010323000054', '7500', 'cash', '', '', '', '', '', '', '', ''),
(92, '010323000055', '58000', 'cash', '', '', '', '', '', '', '', ''),
(93, '010323000056', '20500', 'cash', '', '', '', '', '', '', '', ''),
(94, '010323000057', '7500', 'cash', '', '', '', '', '', '', '', ''),
(95, '010323000058', '43000', 'cash', '', '', '', '', '', '', '', ''),
(96, '010323000059', '17000', 'cash', '', '', '', '', '', '', '', ''),
(97, '010323000060', '16500', 'cash', '', '', '', '', '', '', '', ''),
(98, '020323000061', '200000', 'cash', '', '', '', '', '', '', '', ''),
(99, '020323000062', '3500', 'cash', '', '', '', '', '', '', '', ''),
(100, '030323000063', '7000', 'cash', '', '', '', '', '', '', '', ''),
(101, '030323000064', '9000', 'cash', '', '', '', '', '', '', '', ''),
(102, '030323000065', '23500', 'cash', '', '', '', '', '', '', '', ''),
(103, '030323000066', '7500', 'cash', '', '', '', '', '', '', '', ''),
(104, '030323000067', '100000', 'cash', '', '', '', '', '', '', '', ''),
(105, '060323000068', '23000', 'cash', '', '', '', '', '', '', '', ''),
(106, '060323000069', '35500', 'cash', '', '', '', '', '', '', '', ''),
(107, '060323000070', '9000', 'cash', '', '', '', '', '', '', '', ''),
(108, '060323000071', '18000', 'cash', '', '', '', '', '', '', '', ''),
(109, '060323000072', '9000', 'cash', '', '', '', '', '', '', '', ''),
(110, '060323000073', '17500', 'cash', '', '', '', '', '', '', '', ''),
(111, '060323000074', '19500', 'cash', '', '', '', '', '', '', '', ''),
(112, '060323000075', '10500', 'cash', '', '', '', '', '', '', '', ''),
(113, '060323000076', '13000', 'cash', '', '', '', '', '', '', '', ''),
(114, '060323000077', '2000', 'cash', '', '', '', '', '', '', '', ''),
(115, '070323000078', '19000', 'cash', '', '', '', '', '', '', '', ''),
(116, '080323000079', '6000', 'cash', '', '', '', '', '', '', '', ''),
(117, '080323000080', '45000', 'cash', '', '', '', '', '', '', '', ''),
(118, '090323000081', '9000', 'cash', '', '', '', '', '', '', '', ''),
(119, '090323000082', '15000', 'cash', '', '', '', '', '', '', '', ''),
(120, '090323000083', '8500', 'cash', '', '', '', '', '', '', '', ''),
(121, '090323000084', '7000', 'cash', '', '', '', '', '', '', '', ''),
(122, '100323000085', '7500', 'cash', '', '', '', '', '', '', '', ''),
(123, '130323000086', '36000', 'cash', '', '', '', '', '', '', '', ''),
(124, '130323000087', '2500', 'cash', '', '', '', '', '', '', '', ''),
(125, '130323000088', '6500', 'cash', '', '', '', '', '', '', '', ''),
(126, '130323000089', '9000', 'cash', '', '', '', '', '', '', '', ''),
(127, '130323000090', '25000', 'cash', '', '', '', '', '', '', '', ''),
(128, '130323000091', '9000', 'cash', '', '', '', '', '', '', '', ''),
(129, '130323000092', '7500', 'cash', '', '', '', '', '', '', '', ''),
(130, '130323000093', '60000', 'cash', '', '', '', '', '', '', '', ''),
(131, '140323000094', '13500', 'cash', '', '', '', '', '', '', '', ''),
(132, '140323000095', '7000', 'cash', '', '', '', '', '', '', '', ''),
(133, '140323000096', '1500', 'cash', '', '', '', '', '', '', '', ''),
(134, '140323000097', '3500', 'cash', '', '', '', '', '', '', '', ''),
(135, '140323000098', '50000', 'cash', '', '', '', '', '', '', '', ''),
(136, '150323000099', '2000', 'cash', '', '', '', '', '', '', '', ''),
(137, '150323000100', '54500', 'cash', '', '', '', '', '', '', '', ''),
(138, '150323000101', '11000', 'cash', '', '', '', '', '', '', '', ''),
(139, '150323000102', '24500', 'cash', '', '', '', '', '', '', '', ''),
(140, '150323000103', '27000', 'cash', '', '', '', '', '', '', '', ''),
(141, '150323000104', '40000', 'cash', '', '', '', '', '', '', '', ''),
(142, '160323000105', '16500', 'cash', '', '', '', '', '', '', '', ''),
(143, '170323000106', '179000', 'cash', '', '', '', '', '', '', '', ''),
(144, '170323000107', '13000', 'cash', '', '', '', '', '', '', '', ''),
(145, '170323000108', '12000', 'cash', '', '', '', '', '', '', '', ''),
(146, '200323000109', '31500', 'cash', '', '', '', '', '', '', '', ''),
(147, '200323000110', '5000', 'cash', '', '', '', '', '', '', '', ''),
(148, '200323000111', '6000', 'cash', '', '', '', '', '', '', '', ''),
(149, '210323000112', '9500', 'cash', '', '', '', '', '', '', '', ''),
(150, '210323000113', '2500', 'cash', '', '', '', '', '', '', '', ''),
(151, '270323000114', '74000', 'cash', '', '', '', '', '', '', '', ''),
(152, '270323000115', '2000', 'cash', '', '', '', '', '', '', '', ''),
(153, '270323000116', '15000', 'cash', '', '', '', '', '', '', '', ''),
(154, '270323000117', '10000', 'cash', '', '', '', '', '', '', '', ''),
(155, '270323000118', '9500', 'cash', '', '', '', '', '', '', '', ''),
(156, '270323000119', '50000', 'cash', '', '', '', '', '', '', '', ''),
(157, '270323000120', '5500', 'cash', '', '', '', '', '', '', '', ''),
(158, '270323000121', '8500', 'cash', '', '', '', '', '', '', '', ''),
(159, '280323000122', '18500', 'cash', '', '', '', '', '', '', '', ''),
(160, '280323000123', '8500', 'cash', '', '', '', '', '', '', '', ''),
(161, '280323000124', '117500', 'cash', '', '', '', '', '', '', '', ''),
(162, '290323000125', '10000', 'cash', '', '', '', '', '', '', '', ''),
(163, '290323000126', '43500', 'cash', '', '', '', '', '', '', '', ''),
(164, '290323000127', '5500', 'cash', '', '', '', '', '', '', '', ''),
(165, '290323000128', '24500', 'cash', '', '', '', '', '', '', '', ''),
(166, '290323000129', '39000', 'cash', '', '', '', '', '', '', '', ''),
(167, '310323000130', '10000', 'cash', '', '', '', '', '', '', '', ''),
(168, '030423000131', '22500', 'cash', '', '', '', '', '', '', '', ''),
(169, '030423000132', '63500', 'cash', '', '', '', '', '', '', '', ''),
(170, '030423000133', '63500', 'cash', '', '', '', '', '', '', '', ''),
(171, '030423000134', '63500', 'cash', '', '', '', '', '', '', '', ''),
(172, '030423000135', '10500', 'cash', '', '', '', '', '', '', '', ''),
(173, '030423000136', '14500', 'cash', '', '', '', '', '', '', '', ''),
(174, '040423000137', '21500', 'cash', '', '', '', '', '', '', '', ''),
(175, '040423000138', '3000', 'cash', '', '', '', '', '', '', '', ''),
(176, '040423000139', '59000', 'cash', '', '', '', '', '', '', '', ''),
(177, '040423000140', '15000', 'cash', '', '', '', '', '', '', '', ''),
(178, '040423000141', '9500', 'cash', '', '', '', '', '', '', '', ''),
(179, '050423000142', '6000', 'cash', '', '', '', '', '', '', '', ''),
(180, '050423000143', '21000', 'cash', '', '', '', '', '', '', '', ''),
(181, '050423000144', '54500', 'cash', '', '', '', '', '', '', '', ''),
(182, '060423000145', '45000', 'cash', '', '', '', '', '', '', '', ''),
(183, '100423000146', '23000', 'cash', '', '', '', '', '', '', '', ''),
(184, '100423000147', '100000', 'cash', '', '', '', '', '', '', '', ''),
(185, '100423000148', '62000', 'cash', '', '', '', '', '', '', '', ''),
(186, '100423000149', '50000', 'cash', '', '', '', '', '', '', '', ''),
(187, '110423000150', '14500', 'cash', '', '', '', '', '', '', '', ''),
(188, '110423000151', '4000', 'cash', '', '', '', '', '', '', '', ''),
(189, '110423000152', '5000', 'cash', '', '', '', '', '', '', '', ''),
(190, '110423000153', '23500', 'cash', '', '', '', '', '', '', '', ''),
(191, '120423000154', '20000', 'cash', '', '', '', '', '', '', '', ''),
(192, '120423000155', '5500', 'cash', '', '', '', '', '', '', '', ''),
(193, '120423000156', '38000', 'cash', '', '', '', '', '', '', '', ''),
(194, '120423000157', '20000', 'cash', '', '', '', '', '', '', '', ''),
(195, '130423000158', '38000', 'cash', '', '', '', '', '', '', '', ''),
(196, '130423000159', '9000', 'cash', '', '', '', '', '', '', '', ''),
(197, '140423000160', '2000', 'cash', '', '', '', '', '', '', '', ''),
(198, '140423000161', '113500', 'cash', '', '', '', '', '', '', '', ''),
(199, '170423000162', '13000', 'cash', '', '', '', '', '', '', '', ''),
(200, '170423000163', '3000', 'cash', '', '', '', '', '', '', '', ''),
(201, '180423000164', '52000', 'cash', '', '', '', '', '', '', '', ''),
(202, '180423000165', '74500', 'cash', '', '', '', '', '', '', '', ''),
(203, '180423000166', '20000', 'cash', '', '', '', '', '', '', '', ''),
(204, '180423000167', '42000', 'cash', '', '', '', '', '', '', '', ''),
(205, '270423000168', '12000', 'cash', '', '', '', '', '', '', '', ''),
(206, '270423000169', '15000', 'cash', '', '', '', '', '', '', '', ''),
(207, '270423000170', '7500', 'cash', '', '', '', '', '', '', '', ''),
(208, '270423000171', '26000', 'cash', '', '', '', '', '', '', '', ''),
(209, '270423000172', '10000', 'cash', '', '', '', '', '', '', '', ''),
(210, '270423000173', '14500', 'cash', '', '', '', '', '', '', '', ''),
(211, '270423000174', '62000', 'cash', '', '', '', '', '', '', '', ''),
(212, '270423000175', '6000', 'cash', '', '', '', '', '', '', '', ''),
(213, '280423000176', '8000', 'cash', '', '', '', '', '', '', '', ''),
(214, '280423000177', '32500', 'cash', '', '', '', '', '', '', '', ''),
(215, '020523000178', '39500', 'cash', '', '', '', '', '', '', '', ''),
(216, '020523000179', '11500', 'cash', '', '', '', '', '', '', '', ''),
(217, '020523000180', '50000', 'cash', '', '', '', '', '', '', '', ''),
(218, '020523000181', '9000', 'cash', '', '', '', '', '', '', '', ''),
(219, '020523000182', '30000', 'cash', '', '', '', '', '', '', '', ''),
(220, '030523000183', '194000', 'cash', '', '', '', '', '', '', '', ''),
(221, '030523000184', '200000', 'cash', '', '', '', '', '', '', '', ''),
(222, '040523000185', '15500', 'cash', '', '', '', '', '', '', '', ''),
(223, '040523000186', '7500', 'cash', '', '', '', '', '', '', '', ''),
(224, '040523000187', '15500', 'cash', '', '', '', '', '', '', '', ''),
(225, '040523000188', '21000', 'cash', '', '', '', '', '', '', '', ''),
(226, '040523000189', '38500', 'cash', '', '', '', '', '', '', '', ''),
(227, '040523000190', '23000', 'cash', '', '', '', '', '', '', '', ''),
(228, '040523000191', '15000', 'cash', '', '', '', '', '', '', '', ''),
(229, '050523000192', '2000', 'cash', '', '', '', '', '', '', '', ''),
(230, '050523000193', '5000', 'cash', '', '', '', '', '', '', '', ''),
(231, '050523000194', '22000', 'cash', '', '', '', '', '', '', '', ''),
(232, '080523000195', '17000', 'cash', '', '', '', '', '', '', '', ''),
(233, '080523000196', '12000', 'cash', '', '', '', '', '', '', '', ''),
(234, '080523000197', '8000', 'cash', '', '', '', '', '', '', '', ''),
(235, '080523000198', '30000', 'cash', '', '', '', '', '', '', '', ''),
(236, '080523000199', '16500', 'cash', '', '', '', '', '', '', '', ''),
(237, '080523000200', '6000', 'cash', '', '', '', '', '', '', '', ''),
(238, '090523000201', '24000', 'cash', '', '', '', '', '', '', '', ''),
(239, '090523000202', '114000', 'cash', '', '', '', '', '', '', '', ''),
(240, '090523000203', '28500', 'cash', '', '', '', '', '', '', '', ''),
(241, '090523000204', '15500', 'cash', '', '', '', '', '', '', '', ''),
(242, '100523000205', '14500', 'cash', '', '', '', '', '', '', '', ''),
(243, '110523000206', '29500', 'cash', '', '', '', '', '', '', '', ''),
(244, '110523000207', '40500', 'cash', '', '', '', '', '', '', '', ''),
(245, '120523000208', '8500', 'cash', '', '', '', '', '', '', '', ''),
(246, '120523000209', '48000', 'cash', '', '', '', '', '', '', '', ''),
(247, '120523000210', '20000', 'cash', '', '', '', '', '', '', '', ''),
(248, '150523000211', '8000', 'cash', '', '', '', '', '', '', '', ''),
(249, '150523000212', '8000', 'cash', '', '', '', '', '', '', '', ''),
(250, '150523000213', '28000', 'cash', '', '', '', '', '', '', '', ''),
(251, '150523000214', '14000', 'cash', '', '', '', '', '', '', '', ''),
(252, '150523000215', '51000', 'cash', '', '', '', '', '', '', '', ''),
(253, '150523000216', '2500', 'cash', '', '', '', '', '', '', '', ''),
(254, '160523000217', '27000', 'cash', '', '', '', '', '', '', '', ''),
(255, '170523000218', '64000', 'cash', '', '', '', '', '', '', '', ''),
(256, '170523000219', '28500', 'cash', '', '', '', '', '', '', '', ''),
(257, '190523000220', '104000', 'cash', '', '', '', '', '', '', '', ''),
(258, '190523000221', '14000', 'cash', '', '', '', '', '', '', '', ''),
(259, '220523000222', '40000', 'cash', '', '', '', '', '', '', '', ''),
(260, '220523000223', '46500', 'cash', '', '', '', '', '', '', '', ''),
(261, '220523000224', '22000', 'cash', '', '', '', '', '', '', '', ''),
(262, '220523000225', '14000', 'cash', '', '', '', '', '', '', '', ''),
(263, '220523000226', '43000', 'cash', '', '', '', '', '', '', '', ''),
(264, '230523000227', '24500', 'cash', '', '', '', '', '', '', '', ''),
(265, '230523000228', '26000', 'cash', '', '', '', '', '', '', '', ''),
(266, '240523000229', '34500', 'cash', '', '', '', '', '', '', '', ''),
(267, '250523000230', '96500', 'cash', '', '', '', '', '', '', '', ''),
(268, '250523000231', '58500', 'cash', '', '', '', '', '', '', '', ''),
(269, '250523000232', '3500', 'cash', '', '', '', '', '', '', '', ''),
(270, '270523000233', '267000', 'cash', '', '', '', '', '', '', '', '');

-- --------------------------------------------------------

--
-- Table structure for table `piutang_dibayar_history`
--

CREATE TABLE `piutang_dibayar_history` (
  `id` int(11) NOT NULL,
  `keterangan` varchar(200) NOT NULL,
  `id_piutang` int(11) NOT NULL,
  `tanggal` date NOT NULL,
  `nominal` decimal(10,0) NOT NULL,
  `waktu_update` timestamp NOT NULL DEFAULT current_timestamp() ON UPDATE current_timestamp()
) ENGINE=InnoDB DEFAULT CHARSET=latin1 COLLATE=latin1_swedish_ci;

-- --------------------------------------------------------

--
-- Table structure for table `piutang_history`
--

CREATE TABLE `piutang_history` (
  `id` int(11) NOT NULL,
  `id_penjualan` varchar(50) NOT NULL,
  `id_pembeli` int(11) DEFAULT NULL,
  `judul` varchar(200) NOT NULL,
  `tanggal` date NOT NULL,
  `tanggal_jatuh_tempo` date NOT NULL,
  `nominal` decimal(10,0) NOT NULL,
  `nominal_dibayar` decimal(10,0) NOT NULL,
  `sudah_lunas` enum('0','1') NOT NULL DEFAULT '0',
  `tanggal_lunas` date NOT NULL,
  `waktu_update` timestamp NOT NULL DEFAULT current_timestamp() ON UPDATE current_timestamp(),
  `keterangan` varchar(500) NOT NULL
) ENGINE=InnoDB DEFAULT CHARSET=latin1 COLLATE=latin1_swedish_ci;

-- --------------------------------------------------------

--
-- Table structure for table `profil_apotek`
--

CREATE TABLE `profil_apotek` (
  `id` varchar(2) NOT NULL,
  `nama_apotek` varchar(300) NOT NULL,
  `alamat` varchar(300) NOT NULL,
  `logo` varchar(300) NOT NULL,
  `footer_struk` varchar(100) NOT NULL
) ENGINE=InnoDB DEFAULT CHARSET=latin1 COLLATE=latin1_swedish_ci;

--
-- Dumping data for table `profil_apotek`
--

INSERT INTO `profil_apotek` (`id`, `nama_apotek`, `alamat`, `logo`, `footer_struk`) VALUES
('1', 'APOTEK BHAMADA', 'Slawi', '1671808365.png', 'Terimakasih telah berbelanja');

-- --------------------------------------------------------

--
-- Table structure for table `purchase_order`
--

CREATE TABLE `purchase_order` (
  `nomor_po` varchar(100) NOT NULL,
  `tgl_po` date NOT NULL,
  `termin` int(5) NOT NULL,
  `pembayaran` enum('cash','hutang','lain-lain') NOT NULL DEFAULT 'cash',
  `supplier` int(11) NOT NULL,
  `total` decimal(20,0) NOT NULL,
  `keterangan` varchar(500) NOT NULL,
  `waktu_update_po` timestamp NOT NULL DEFAULT current_timestamp() ON UPDATE current_timestamp()
) ENGINE=InnoDB DEFAULT CHARSET=latin1 COLLATE=latin1_swedish_ci;

--
-- Dumping data for table `purchase_order`
--

INSERT INTO `purchase_order` (`nomor_po`, `tgl_po`, `termin`, `pembayaran`, `supplier`, `total`, `keterangan`, `waktu_update_po`) VALUES
('PO0103230032', '2023-02-25', 0, 'cash', 17, '47800', 'beli pembalut', '2023-03-01 06:38:07'),
('PO0202230018', '2023-01-10', 0, 'cash', 5, '1330766', 'PEMBELIAN OBAT', '2023-02-02 03:19:12'),
('PO0202230019', '2023-01-18', 0, 'cash', 11, '97524', 'pembe;lian obat', '2023-02-02 04:33:08'),
('PO0202230020', '2023-01-18', 0, 'cash', 5, '358939', 'PEMBELIAN OBAT ', '2023-02-08 07:24:50'),
('PO0202230021', '2023-01-15', 0, 'cash', 11, '220162', 'pembelian obat', '2023-02-02 07:41:24'),
('PO0404230037', '2023-04-03', 0, 'cash', 14, '231879', 'PEMBELIAN OBAT', '2023-04-04 02:27:17'),
('PO0404230038', '2023-04-03', 0, 'cash', 5, '162196', 'PEMBELIAN OBAT', '2023-04-04 02:31:28'),
('PO0404230039', '2023-04-04', 0, 'cash', 11, '153949', 'PEMBELIAN OBAT', '2023-04-04 03:46:01'),
('PO0603230033', '2023-02-28', 0, 'cash', 12, '218000', 'PEMBELIAN OBAT', '2023-03-06 02:16:08'),
('PO0603230034', '2023-02-28', 0, 'cash', 5, '53146', 'PEMBELIAN OBAT', '2023-03-06 02:54:07'),
('PO0802230022', '2023-02-03', 0, 'cash', 5, '105390', 'PEMBELIAN OBAT', '2023-02-08 07:24:11'),
('PO0802230023', '2023-02-03', 0, 'cash', 16, '558500', 'PEMBELIAN ALKES ', '2023-02-08 07:41:34'),
('PO1004230040', '2023-04-05', 0, 'cash', 12, '162835', 'pembelian obat', '2023-04-10 01:48:50'),
('PO1101230001', '2022-12-31', 0, 'cash', 9, '9900615', 'Pembelian kosmetik', '2023-01-12 06:57:48'),
('PO1104230041', '2023-04-10', 0, 'cash', 5, '44600', 'OBAT', '2023-04-11 06:49:46'),
('PO1201230002', '2022-12-31', 0, 'cash', 9, '83607', 'Pembelian kosmetik', '2023-01-12 07:22:01'),
('PO1204230042', '2023-04-11', 0, 'cash', 19, '133215', 'pembelian obat', '2023-04-12 01:47:36'),
('PO1302230024', '2023-02-03', 0, 'cash', 16, '167000', 'pembelian alkes ', '2023-02-13 02:31:28'),
('PO1302230025', '2023-01-13', 0, 'cash', 14, '38148', 'PEMBELIAN', '2023-02-13 07:41:31'),
('PO1402230026', '2023-02-13', 0, 'cash', 14, '97374', 'PEMBELIAN OBAT', '2023-02-14 01:57:33'),
('PO1602230027', '2023-02-06', 0, 'cash', 6, '61500', 'PEMBELIAN', '2023-02-16 02:09:24'),
('PO1603230035', '2023-03-16', 0, 'cash', 11, '26450', 'PEMBELIAN STOK OBAT', '2023-03-16 02:07:28'),
('PO1605230043', '2023-05-14', 0, 'cash', 11, '31600', 'BELI  OBAT', '2023-05-16 08:04:56'),
('PO1701230003', '2022-12-31', 0, 'cash', 6, '4456802', 'Pembelian Obat', '2023-02-07 01:21:47'),
('PO1801230004', '2022-12-31', 0, 'cash', 10, '2622900', 'Pembelian alat kesehatan ', '2023-01-18 03:39:08'),
('PO1801230005', '2022-12-31', 0, 'cash', 8, '1495351', 'Pembelian obat ', '2023-01-18 08:30:16'),
('PO1901230006', '2022-12-31', 0, 'cash', 5, '1727885', 'Pembelian obat', '2023-01-19 04:43:25'),
('PO1901230007', '2022-12-31', 0, 'cash', 5, '862680', 'Pembelian obat', '2023-01-19 07:09:16'),
('PO2202230028', '2023-02-19', 0, 'cash', 11, '102194', 'PEMBELIAN BARANG DAGANG', '2023-02-22 06:49:30'),
('PO2302230029', '2023-02-06', 0, 'cash', 5, '40550', 'pembelian', '2023-02-23 06:30:09'),
('PO2401230008', '2022-12-31', 0, 'cash', 5, '345534', 'Pembelian obat', '2023-01-24 07:04:37'),
('PO2402230030', '2023-02-23', 0, 'cash', 5, '271583', 'PEMBELIAN OBAT', '2023-02-24 02:30:27'),
('PO2501230009', '2022-12-31', 0, 'cash', 8, '1468982', 'Pembelian obat ', '2023-01-25 02:36:34'),
('PO2501230010', '2022-12-31', 0, 'cash', 7, '363712', 'Pembelian Obat ', '2023-01-25 03:47:51'),
('PO2501230011', '2022-12-31', 0, 'cash', 11, '817088', 'Pembelian obat', '2023-01-25 07:46:30'),
('PO2505230044', '2023-05-23', 0, 'cash', 5, '103024', 'PEMBELIAN OBAT', '2023-05-25 08:12:10'),
('PO2601230012', '2023-01-01', 0, 'cash', 5, '1030961', 'Pembelian obat', '2023-01-26 03:48:07'),
('PO2701230013', '2023-01-08', 0, 'cash', 12, '870614', 'Pembelian Obat ', '2023-01-27 02:16:54'),
('PO2702230031', '2023-02-21', 0, 'cash', 11, '150000', 'PEMBELIAN OBAT', '2023-02-27 04:26:56'),
('PO2703230036', '2023-03-20', 0, 'cash', 18, '133500', 'pembelian obat', '2023-03-27 03:09:28'),
('PO3001230014', '2023-01-08', 0, 'cash', 13, '453980', 'Pembelian Obat ', '2023-01-30 04:41:58'),
('PO3001230015', '2023-01-10', 0, 'cash', 14, '702640', 'Pembelian obat ', '2023-01-30 07:18:58'),
('PO3001230016', '2023-01-08', 0, 'cash', 7, '226241', 'Pembelian Obat ', '2023-01-30 08:14:21'),
('PO3101230017', '2023-01-01', 0, 'cash', 15, '148575', 'pembelian masker ', '2023-02-02 01:13:11');

-- --------------------------------------------------------

--
-- Table structure for table `purchase_order_detail`
--

CREATE TABLE `purchase_order_detail` (
  `idd` int(11) NOT NULL,
  `nomor_po` varchar(100) NOT NULL,
  `kode_item` varchar(100) NOT NULL,
  `sku` varchar(200) NOT NULL,
  `nama_item` varchar(200) NOT NULL,
  `tgl_expired` date NOT NULL,
  `harga` decimal(10,0) NOT NULL,
  `satuan_besar` varchar(100) NOT NULL,
  `satuan_kecil` varchar(100) NOT NULL,
  `konversi` int(5) NOT NULL,
  `kuantiti` int(5) NOT NULL,
  `total_harga` decimal(10,0) NOT NULL,
  `diskon` float NOT NULL
) ENGINE=InnoDB DEFAULT CHARSET=latin1 COLLATE=latin1_swedish_ci;

--
-- Dumping data for table `purchase_order_detail`
--

INSERT INTO `purchase_order_detail` (`idd`, `nomor_po`, `kode_item`, `sku`, `nama_item`, `tgl_expired`, `harga`, `satuan_besar`, `satuan_kecil`, `konversi`, `kuantiti`, `total_harga`, `diskon`) VALUES
(39, 'PO2812220001', '8999909028230', '8999909028230', 'BIOVISION STRIP 10 KAPSUL', '2022-12-31', '10000', 'DUS', 'Tablet', 0, 10, '0', 0),
(40, 'PO2812220002', 'N-01', 'N-01', 'Adem Sari', '2022-12-31', '1500', 'DUS', 'sacshet', 0, 12, '0', 0),
(191, 'PO1101230003', 'KOS-01', 'KOS-01', 'Emina Daily mate cream 02', '2022-12-31', '9000', 'DUS', 'Tube', 0, 1, '0', 0),
(1470, 'PO1101230001', 'KOS', 'KOS', 'Emina Daily mate cream 01', '2025-08-15', '26500', 'Tube', 'Tube', 1, 1, '26500', 0),
(1471, 'PO1101230001', 'KOS-01', 'KOS-01', 'Emina Daily mate cream 02', '2025-08-16', '26500', 'Tube', 'Tube', 1, 3, '79500', 0),
(1472, 'PO1101230001', 'KOS-13', 'KOS-13', 'Emina brigt stuff louse powder ', '2025-07-29', '21200', 'PCS', 'PCS', 1, 4, '84800', 0),
(1473, 'PO1101230001', 'KOS-14', 'KOS-14', 'Medisoft kapas ', '2027-08-10', '9000', 'PCS', 'PCS', 1, 1, '9000', 0),
(1474, 'PO1101230001', 'KOS-16', 'KOS-16', 'Tesa Tissu', '2027-09-22', '2050', 'PCS', 'PCS', 1, 3, '6150', 0),
(1475, 'PO1101230001', 'KOS-19', 'KOS-19', 'Cb huki cotton bad', '2027-08-05', '3900', 'PCS', 'PCS', 1, 1, '3900', 0),
(1476, 'PO1101230001', 'KOS-02', 'KOS-02', 'Vaseline hw perfect', '2024-05-30', '24250', 'PCS', 'PCS', 1, 1, '24250', 0),
(1477, 'PO1101230001', 'KOS-03', 'KOS-03', 'Citra HBL Golden glow', '2024-08-20', '13650', 'Botol', 'Botol', 1, 1, '13650', 0),
(1478, 'PO1101230001', 'KOS-04', 'KOS-04', 'Citra HBL pearly white', '2025-08-24', '13400', 'Botol', 'Botol', 1, 1, '13400', 0),
(1479, 'PO1101230001', 'KOS-05', 'KOS-05', 'Citra HBL Bengkuang ', '2025-07-11', '13400', 'Botol', 'Botol', 1, 1, '13400', 0),
(1480, 'PO1101230001', 'KOS-06', 'KOS-06', 'Herborist body butter zaitun', '2025-03-01', '22250', 'Tube', 'Tube', 1, 1, '22250', 0),
(1481, 'PO1101230001', 'KOS-07', 'KOS-07', 'Herborist body butter choco', '2025-07-01', '22100', 'Tube', 'Tube', 1, 1, '22100', 0),
(1482, 'PO1101230001', 'KOS-08', 'KOS-08', 'Herborist body butter straw', '2025-08-01', '22500', 'Tube', 'Tube', 1, 1, '22500', 0),
(1483, 'PO1101230001', 'KOS-11', 'KOS-11', 'Azarine acne gentle cleansing foam', '2025-02-09', '26700', 'Tube', 'Tube', 1, 1, '26700', 0),
(1484, 'PO1101230001', 'KOS-21', 'KOS-21', 'Azarine Sunscren serum gagical', '2025-02-09', '76500', 'Tube', 'Tube', 1, 1, '76500', 0),
(1485, 'PO1101230001', 'KOS-12', 'KOS-12', 'Azarine fresh radiant bright scrub', '2025-02-06', '20250', 'Tube', 'Tube', 1, 1, '20250', 0),
(1486, 'PO1101230001', 'KOS-09', 'KOS-09', 'Herborist minyak zaitun 150 ', '2025-07-01', '30750', 'Botol', 'Botol', 1, 2, '61500', 0),
(1487, 'PO1101230001', 'KOS-10', 'KOS-10', 'Herborist minyak zaitun 50 ', '2025-09-01', '20300', 'Botol', 'Botol', 1, 3, '60900', 0),
(1488, 'PO1101230001', 'KOS-22', 'KOS-22', 'Herborist FF Trea Free ', '2025-07-01', '22050', 'PCS', 'PCS', 1, 1, '22050', 0),
(1489, 'PO1101230001', 'KOS-23', 'KOS-23', 'Herborist scrup apple', '2025-08-01', '20300', 'Tube', 'Tube', 1, 1, '20300', 0),
(1490, 'PO1101230001', 'KOS-24', 'KOS-24', 'Herborist Face scrub rasbery and tomato', '2025-10-01', '20400', 'Tube', 'Tube', 1, 1, '20400', 0),
(1491, 'PO1101230001', 'KOS-25', 'KOS-25', 'Herborist FF Zaetun', '2025-09-01', '22600', 'Tube', 'Tube', 1, 1, '22600', 0),
(1492, 'PO1101230001', 'KOS-26', 'KOS-26', 'Herborist FW G ell rose', '2025-05-01', '16450', 'Tube', 'Tube', 1, 1, '16450', 0),
(1493, 'PO1101230001', 'KOS-27', 'KOS-27', 'Acnes FW Oil Control ', '2025-04-01', '16800', 'Tube', 'Tube', 1, 1, '16800', 0),
(1494, 'PO1101230001', 'KOS-28', 'KOS-28', 'Acnes Fw Complit White ', '2025-06-01', '16600', 'Tube', 'Tube', 1, 1, '16600', 0),
(1495, 'PO1101230001', 'KOS-29', 'KOS-29', 'Acnes FW Yougurt touch', '2025-06-01', '16800', 'Tube', 'Tube', 1, 1, '16800', 0),
(1496, 'PO1101230001', 'KOS-30', 'KOS-30', 'Eskulin Cologne dazling purple', '2025-03-01', '20048', 'Botol', 'Botol', 1, 1, '20048', 0),
(1497, 'PO1101230001', 'KOS-31', 'KOS-31', 'Eskulin cologne pink blosoom', '2025-03-01', '19404', 'Botol', 'Botol', 1, 1, '19404', 0),
(1498, 'PO1101230001', 'KOS-32', 'KOS-32', 'Vivile masker bengkuang ', '2025-01-20', '7900', 'PCS', 'PCS', 1, 1, '7900', 0),
(1499, 'PO1101230001', 'KOS-33', 'KOS-33', 'Vivile masker pomergrate', '2025-01-03', '7900', 'PCS', 'PCS', 1, 1, '7900', 0),
(1500, 'PO1101230001', 'KOS-34', 'KOS-34', 'Vivile masker colagen masker colegenanti ac', '2025-01-07', '7900', 'PCS', 'PCS', 1, 1, '7900', 0),
(1501, 'PO1101230001', 'KOS-35', 'KOS-35', 'Vivile masker chorcoal', '2025-01-31', '7900', 'PCS', 'PCS', 1, 1, '7900', 0),
(1502, 'PO1101230001', 'KOS-36', 'KOS-36', 'Hadalabo gkj face wash ', '2025-07-01', '37500', 'Tube', 'Tube', 1, 1, '37500', 0),
(1503, 'PO1101230001', 'KOS-37', 'KOS-37', 'Hadalabo srj face wash', '2025-09-01', '37500', 'Tube', 'Tube', 1, 1, '37500', 0),
(1504, 'PO1101230001', 'KOS-38', 'KOS-38', 'Hadalabo facewash white 50 ml', '2025-03-01', '22700', 'Tube', 'Tube', 1, 1, '22700', 0),
(1505, 'PO1101230001', 'KOS-39', 'KOS-39', 'Garnier sakura serum mask ', '2024-12-01', '20600', 'PCS', 'PCS', 1, 1, '20600', 0),
(1506, 'PO1101230001', 'KOS-40', 'KOS-40', 'Garnier Sakura white serum mask', '2024-04-01', '20600', 'PCS', 'PCS', 1, 1, '20600', 0),
(1507, 'PO1101230001', 'KOS-41', 'KOS-41', 'Garnier face mask clear up', '2024-05-01', '20300', 'PCS', 'PCS', 1, 1, '20300', 0),
(1508, 'PO1101230001', 'KOS-42', 'KOS-42', 'Garnier serum mask hb hijau', '2024-10-01', '20350', 'PCS', 'PCS', 1, 1, '20350', 0),
(1509, 'PO1101230001', 'KOS-43', 'KOS-43', 'Dettol SF Fresh ', '2024-04-01', '22100', 'Botol', 'Botol', 1, 1, '22100', 0),
(1510, 'PO1101230001', 'KOS-44', 'KOS-44', 'Dettol SF Original', '2024-03-01', '22100', 'Botol', 'Botol', 1, 1, '22100', 0),
(1511, 'PO1101230001', 'KOS-45', 'KOS-45', 'Dettol SF cool', '2024-04-01', '21950', 'Botol', 'Botol', 1, 1, '21950', 0),
(1512, 'PO1101230001', 'KOS-46', 'KOS-46', 'Dettol SF skincare', '2024-11-01', '21950', 'Botol', 'Botol', 1, 1, '21950', 0),
(1513, 'PO1101230001', 'KOS-47', 'KOS-47', 'Elips Hair mask repair ', '2025-04-01', '8300', 'PCS', 'PCS', 1, 2, '16600', 0),
(1514, 'PO1101230001', 'KOS-48', 'KOS-48', 'Elips Hair mask smooth slyking', '2025-09-01', '8300', 'PCS', 'PCS', 1, 1, '8300', 0),
(1515, 'PO1101230001', 'KOS-49', 'KOS-49', 'Elips Hair mask silky b sc ', '2025-03-01', '8300', 'PCS', 'PCS', 1, 3, '24900', 0),
(1516, 'PO1101230001', 'KOS-50', 'KOS-50', 'Viva air mawar', '2025-07-01', '4900', 'Botol', 'Botol', 1, 2, '9800', 0),
(1517, 'PO1101230001', 'KOS-51', 'KOS-51', 'Viva milk cleanser spirulina ', '2025-08-01', '6300', 'Botol', 'Botol', 1, 1, '6300', 0),
(1518, 'PO1101230001', 'KOS-52', 'KOS-52', 'Viva cucumber', '2025-05-01', '5700', 'Botol', 'Botol', 1, 1, '5700', 0),
(1519, 'PO1101230001', 'KOS-53', 'KOS-53', 'Biore BF Relax ', '2025-08-15', '11300', 'Botol', 'Botol', 1, 1, '11300', 0),
(1520, 'PO1101230001', 'KOS-54', 'KOS-54', 'Biore BF E mild', '2025-08-29', '11300', 'Botol', 'Botol', 1, 1, '11300', 0),
(1521, 'PO1101230001', 'KOS-55', 'KOS-55', 'Vaseline repair baby ', '2025-08-01', '31650', 'PCS', 'PCS', 1, 3, '94950', 0),
(1522, 'PO1101230001', 'KOS-56', 'KOS-56', 'Fair & Lovely 2 in 1 powder CR ', '2024-04-19', '24650', 'Tube', 'Tube', 1, 2, '49300', 0),
(1523, 'PO1101230001', 'KOS-57', 'KOS-57', 'Acne creamy wash ', '2025-05-01', '15900', 'Tube', 'Tube', 1, 2, '31800', 0),
(1524, 'PO1101230001', 'KOS-58', 'KOS-58', 'Citra hazeline pearly white', '2024-08-26', '42450', 'PCS', 'PCS', 1, 1, '42450', 0),
(1525, 'PO1101230001', 'KOS-59', 'KOS-59', 'Ponds WB tone up milk cream ', '2025-07-15', '30000', 'PCS', 'PCS', 1, 1, '30000', 0),
(1526, 'PO1101230001', 'KOS-60', 'KOS-60', 'Ponds WB pinkish white cream ', '2025-08-30', '29000', 'PCS', 'PCS', 1, 1, '29000', 0),
(1527, 'PO1101230001', 'KOS-61', 'KOS-61', 'Ponds AM Night cream ', '2025-08-12', '38300', 'PCS', 'PCS', 1, 1, '38300', 0),
(1528, 'PO1101230001', 'KOS-62', 'KOS-62', 'Garnier miceler watter pink 125', '2025-02-01', '26650', 'Botol', 'Botol', 1, 1, '26650', 0),
(1529, 'PO1101230001', 'KOS-63', 'KOS-63', 'Garnier miceler watter blue 125', '2025-04-01', '26650', 'Botol', 'Botol', 1, 1, '26650', 0),
(1530, 'PO1101230001', 'KOS-64', 'KOS-64', 'Garnier miceler watter pink 50', '2025-03-01', '17200', 'Botol', 'Botol', 1, 1, '17200', 0),
(1531, 'PO1101230001', 'KOS-65', 'KOS-65', 'Herborist face scrub orange ', '2025-08-01', '20700', 'Tube', 'Tube', 1, 1, '20700', 0),
(1532, 'PO1101230001', 'KOS-66', 'KOS-66', 'Viva milk cleanser green tea ', '2025-07-01', '6300', 'Botol', 'Botol', 1, 1, '6300', 0),
(1533, 'PO1101230001', 'KOS-67', 'KOS-67', 'Elips hair vitamin coklat', '2025-06-01', '12000', 'PCS', 'PCS', 1, 1, '12000', 0),
(1534, 'PO1101230001', 'KOS-68', 'KOS-68', 'Elips merah recovery', '2025-03-01', '12000', 'PCS', 'PCS', 1, 1, '12000', 0),
(1535, 'PO1101230001', 'KOS-69', 'KOS-69', 'Elips ungu', '2025-03-01', '12150', 'Botol', 'Botol', 1, 1, '12150', 0),
(1536, 'PO1101230001', 'KOS-70', 'KOS-70', 'Elips keratin silky black ', '2025-06-01', '12000', 'PCS', 'PCS', 1, 1, '12000', 0),
(1537, 'PO1101230001', 'KOS-71', 'KOS-71', 'Elips keratin smoothy & silky', '2025-04-01', '12000', 'PCS', 'PCS', 1, 1, '12000', 0),
(1538, 'PO1101230001', 'KOS-72', 'KOS-72', 'Victoria teens clg gel winnter', '2025-08-01', '9000', 'Botol', 'Botol', 1, 1, '9000', 0),
(1539, 'PO1101230001', 'KOS-73', 'KOS-73', 'Victoria teens clg gel antum', '2025-09-01', '8950', 'Botol', 'Botol', 1, 1, '8950', 0),
(1540, 'PO1101230001', 'KOS-74', 'KOS-74', 'Victoria teens clg gel rainbow', '2025-06-01', '8800', 'Botol', 'Botol', 1, 1, '8800', 0),
(1541, 'PO1101230001', 'KOS-75', 'KOS-75', 'Victoria teens clg gel spring', '2025-08-01', '8950', 'Botol', 'Botol', 1, 1, '8950', 0),
(1542, 'PO1101230001', 'KOS-76', 'KOS-76', 'Acnes jel 9 ', '2025-08-28', '17700', 'Tube', 'Tube', 1, 2, '35400', 0),
(1543, 'PO1101230001', 'KOS-77', 'KOS-77', 'Acnes sport care 120', '2025-05-01', '33450', 'Tube', 'Tube', 1, 2, '66900', 0),
(1544, 'PO1101230001', 'KOS-78', 'KOS-78', 'Eskulin hijab perfect ', '2025-05-01', '15593', 'Botol', 'Botol', 1, 1, '15593', 0),
(1545, 'PO1101230001', 'KOS-79', 'KOS-79', 'Eskulin gel dream', '2025-05-01', '15741', 'Botol', 'Botol', 1, 1, '15741', 0),
(1546, 'PO1101230001', 'KOS-80', 'KOS-80', 'Eskulin gel friday', '2025-09-01', '15741', 'Botol', 'Botol', 1, 1, '15741', 0),
(1547, 'PO1101230001', 'KOS-81', 'KOS-81', 'Eskulin gel monday', '2025-05-01', '15741', 'Botol', 'Botol', 1, 1, '15741', 0),
(1548, 'PO1101230001', 'KOS-81', 'KOS-81', 'Eskulin gel monday', '2025-06-01', '15741', 'Botol', 'Botol', 1, 1, '15741', 0),
(1549, 'PO1101230001', 'KOS-82', 'KOS-82', 'Eskulin gel romantic', '2025-06-01', '15543', 'Botol', 'Botol', 1, 1, '15543', 0),
(1550, 'PO1101230001', 'KOS-83', 'KOS-83', 'Eskulin hijab fresh', '2025-07-01', '15593', 'Botol', 'Botol', 1, 1, '15593', 0),
(1551, 'PO1101230001', 'KOS-84', 'KOS-84', 'Garnier LC white serum spf 19 20 ', '2026-06-01', '26100', 'Tube', 'Tube', 1, 2, '52200', 0),
(1552, 'PO1101230001', 'KOS-85', 'KOS-85', 'Skin aqua UV Mild milk 4', '2026-03-01', '49850', 'PCS', 'PCS', 1, 1, '49850', 0),
(1553, 'PO1101230001', 'KOS-86', 'KOS-86', 'Rexona RO Glowing white ', '2023-05-06', '14400', 'PCS', 'PCS', 1, 1, '14400', 0),
(1554, 'PO1101230001', 'KOS-87', 'KOS-87', 'Rexona women rool on invible', '2024-08-19', '17700', 'PCS', 'PCS', 1, 1, '17700', 0),
(1555, 'PO1101230001', 'KOS-88', 'KOS-88', 'Rexona women ro adv white', '2024-07-21', '20850', 'PCS', 'PCS', 1, 1, '20850', 0),
(1556, 'PO1101230001', 'KOS-89', 'KOS-89', 'Rexona ro dreamy white ', '2024-08-19', '14500', 'PCS', 'PCS', 1, 1, '14500', 0),
(1557, 'PO1101230001', 'KOS-90', 'KOS-90', 'Vaselin repair aloejo', '2025-07-12', '28200', 'PCS', 'PCS', 1, 2, '56400', 0),
(1558, 'PO1101230001', 'KOS-91', 'KOS-91', 'Kahf edt humbling 35 ml', '2025-06-22', '63000', 'Botol', 'Botol', 1, 1, '63000', 0),
(1559, 'PO1101230001', 'KOS-92', 'KOS-92', 'Kahf edt true brotherhood 35 ml', '2025-05-17', '63000', 'Botol', 'Botol', 1, 1, '63000', 0),
(1560, 'PO1101230001', 'KOS-93', 'KOS-93', 'Kahf edt revered out 35ml', '2025-08-18', '66100', 'Botol', 'Botol', 1, 1, '66100', 0),
(1561, 'PO1101230001', 'KOS-94', 'KOS-94', 'Kahf face wash acne ', '2025-09-26', '34800', 'Tube', 'Tube', 1, 1, '34800', 0),
(1562, 'PO1101230001', 'KOS-95', 'KOS-95', 'Kahf edt invigething', '2025-05-30', '63000', 'Botol', 'Botol', 1, 1, '63000', 0),
(1563, 'PO1101230001', 'KOS-96', 'KOS-96', 'Kahf face wash brighte', '2025-09-27', '34800', 'Tube', 'Tube', 1, 1, '34800', 0),
(1564, 'PO1101230001', 'KOS-97', 'KOS-97', 'Kahf face wash triple action oil', '2025-09-06', '36800', 'Tube', 'Tube', 1, 1, '36800', 0),
(1565, 'PO1101230001', 'KOS-98', 'KOS-98', 'Kahf gentle face scrub ', '2025-09-23', '34800', 'Tube', 'Tube', 1, 1, '34800', 0),
(1566, 'PO1101230001', 'KOS-99', 'KOS-99', 'Kahf deodorant', '2025-08-29', '22000', 'Botol', 'Botol', 1, 2, '44000', 0),
(1567, 'PO1101230001', 'KOS-100', 'KOS-100', 'Emina bright stuff sheet mask ', '2025-07-26', '13200', 'PCS', 'PCS', 1, 2, '26400', 0),
(1568, 'PO1101230001', 'KOS-101', 'KOS-101', 'Emina sugar rush lip scrub ', '2024-07-18', '34900', 'PCS', 'PCS', 1, 1, '34900', 0),
(1569, 'PO1101230001', 'KOS-102', 'KOS-102', 'Emina bright stuff moisturizing cream ', '2025-09-19', '22000', 'Tube', 'Tube', 1, 2, '44000', 0),
(1570, 'PO1101230001', 'KOS-103', 'KOS-103', 'Emina Sun battle spf 30', '2025-09-27', '27000', 'Tube', 'Tube', 1, 2, '54000', 0),
(1571, 'PO1101230001', 'KOS-104', 'KOS-104', 'Emina magic potion 05', '2025-06-09', '42800', 'PCS', 'PCS', 1, 1, '42800', 0),
(1572, 'PO1101230001', 'KOS-106', 'KOS-106', 'Wardah uv shield essent gell ', '2025-10-05', '31000', 'Tube', 'Tube', 1, 3, '93000', 0),
(1573, 'PO1101230001', 'KOS-107', 'KOS-107', 'Wardah exclusive matte lip cream 03', '2025-03-29', '55700', 'PCS', 'PCS', 1, 1, '55700', 0),
(1574, 'PO1101230001', 'KOS-108', 'KOS-108', 'Wardah exclusive matte lip cream 09', '2025-08-25', '56700', 'PCS', 'PCS', 1, 1, '56700', 0),
(1575, 'PO1101230001', 'KOS-109', 'KOS-109', 'Wardah color fit last all day lip paint 14', '2025-01-15', '39250', 'PCS', 'PCS', 1, 1, '39250', 0),
(1576, 'PO1101230001', 'KOS-110', 'KOS-110', 'Wardah color fit last velvet matte lip mouse 08', '2025-06-30', '67000', 'PCS', 'PCS', 1, 1, '67000', 0),
(1577, 'PO1101230001', 'KOS-111', 'KOS-111', 'Wardah color fit last velvet matte lip mouse 09', '2025-06-10', '67000', 'PCS', 'PCS', 1, 1, '67000', 0),
(1578, 'PO1101230001', 'KOS-112', 'KOS-112', 'Wardah scetsation bliss bodymist ', '2025-05-12', '33500', 'Botol', 'Botol', 1, 1, '33500', 0),
(1579, 'PO1101230001', 'KOS-113', 'KOS-113', 'Wardah scetsation purity bodymist ', '2025-10-04', '33500', 'Botol', 'Botol', 1, 1, '33500', 0),
(1580, 'PO1101230001', 'KOS-114', 'KOS-114', 'Wardah scetsation passion bodymist ', '2025-05-31', '33500', 'Botol', 'Botol', 1, 1, '33500', 0),
(1581, 'PO1101230001', 'KOS-115', 'KOS-115', 'Wardah scetsation joyfull bodymist ', '2025-06-16', '33500', 'Botol', 'Botol', 1, 1, '33500', 0),
(1582, 'PO1101230001', 'KOS-116', 'KOS-116', 'Wardah lightening face mist ', '2025-07-28', '25100', 'Botol', 'Botol', 1, 2, '50200', 0),
(1583, 'PO1101230001', 'KOS-117', 'KOS-117', 'Wardah lightening bb cream natural', '2025-07-26', '29850', 'Tube', 'Tube', 1, 1, '29850', 0),
(1584, 'PO1101230001', 'KOS-118', 'KOS-118', 'Wardah everyday bb cream light ', '2025-08-13', '25600', 'Tube', 'Tube', 1, 1, '25600', 0),
(1585, 'PO1101230001', 'KOS-119', 'KOS-119', 'Wardah eyepert liner black ', '2025-05-20', '50800', 'PCS', 'PCS', 1, 1, '50800', 0),
(1586, 'PO1101230001', 'KOS-120', 'KOS-120', 'Wardah eyepert liftflash mascara', '2025-08-10', '54300', 'PCS', 'PCS', 1, 1, '54300', 0),
(1587, 'PO1101230001', 'KOS-121', 'KOS-121', 'Loreal crystal essence ', '2023-08-01', '56750', 'Botol', 'Botol', 1, 2, '113500', 0),
(1588, 'PO1101230001', 'KOS-122', 'KOS-122', 'La tulipe hydraluronik serum', '2025-04-01', '53300', 'Botol', 'Botol', 1, 1, '53300', 0),
(1589, 'PO1101230001', 'KOS-123', 'KOS-123', 'La tulipe sunscren crem', '2024-08-01', '35150', 'Tube', 'Tube', 1, 1, '35150', 0),
(1590, 'PO1101230001', 'KOS-124', 'KOS-124', 'La tulipe colagen serum ', '2025-07-01', '57200', 'Botol', 'Botol', 1, 1, '57200', 0),
(1591, 'PO1101230001', 'KOS-125', 'KOS-125', 'La tulipe sunscren gel', '2024-12-01', '30500', 'Tube', 'Tube', 1, 2, '61000', 0),
(1592, 'PO1101230001', 'KOS-126', 'KOS-126', 'La tulipe bright sheet mask ', '2024-07-01', '22000', 'PCS', 'PCS', 1, 1, '22000', 0),
(1593, 'PO1101230001', 'KOS-127', 'KOS-127', 'LT Men facial wash cool sens ', '2025-09-01', '19500', 'Tube', 'Tube', 1, 1, '19500', 0),
(1594, 'PO1101230001', 'KOS-128', 'KOS-128', 'LT Men refreshing cream ', '2025-07-01', '37600', 'Tube', 'Tube', 1, 1, '37600', 0),
(1595, 'PO1101230001', 'KOS-129', 'KOS-129', 'La tulipe shimmeing touch starlight ', '2025-02-01', '53350', 'PCS', 'PCS', 1, 1, '53350', 0),
(1596, 'PO1101230001', 'KOS-130', 'KOS-130', 'La tulipe exfloating serum ', '2025-01-01', '66000', 'Botol', 'Botol', 1, 1, '66000', 0),
(1597, 'PO1101230001', 'KOS-131', 'KOS-131', 'La tulipe hydrating sheet mask ', '2025-05-01', '22000', 'PCS', 'PCS', 1, 1, '22000', 0),
(1598, 'PO1101230001', 'KOS-132', 'KOS-132', 'La tulipe bb cushion 02', '2025-06-01', '110000', 'PCS', 'PCS', 1, 1, '110000', 0),
(1599, 'PO1101230001', 'KOS-133', 'KOS-133', 'La tulipe countur kit med 10', '2027-02-01', '60000', 'PCS', 'PCS', 1, 1, '60000', 0),
(1600, 'PO1101230001', 'KOS-135', 'KOS-135', 'La tulipe liptint butterscotch ', '2025-05-01', '40000', 'PCS', 'PCS', 1, 1, '40000', 0),
(1601, 'PO1101230001', 'KOS-220', 'KOS-220', 'La tulipe shadowkit dark brown', '2027-03-01', '70700', 'PCS', 'PCS', 1, 1, '70700', 0),
(1602, 'PO1101230001', 'KOS-136', 'KOS-136', 'La tulipe liptint cottion candy ', '2025-11-01', '40000', 'PCS', 'PCS', 1, 1, '40000', 0),
(1603, 'PO1101230001', 'KOS-137', 'KOS-137', 'La tulipe liptint red velvet', '2025-08-01', '42000', 'PCS', 'PCS', 1, 1, '42000', 0),
(1604, 'PO1101230001', 'KOS-138', 'KOS-138', 'La tulipe bare mate lip cream 10', '2025-10-01', '55000', 'PCS', 'PCS', 1, 1, '55000', 0),
(1605, 'PO1101230001', 'KOS-139', 'KOS-139', 'La tulipe bare mate lip cream 01', '2025-11-01', '55700', 'PCS', 'PCS', 1, 1, '55700', 0),
(1606, 'PO1101230001', 'KOS-140', 'KOS-140', 'Revlon colorsik bold brown ', '2023-10-01', '61500', 'Botol', 'Botol', 1, 1, '61500', 0),
(1607, 'PO1101230001', 'KOS-141', 'KOS-141', 'Revlon colorsik med maho brown', '2023-10-01', '61500', 'Botol', 'Botol', 1, 1, '61500', 0),
(1608, 'PO1101230001', 'KOS-142', 'KOS-142', 'Revlon charlie edt gold', '2026-08-15', '131000', 'Botol', 'Botol', 1, 1, '131000', 0),
(1609, 'PO1101230001', 'KOS-144', 'KOS-144', 'Revlon t&g compact soft beige', '2026-01-01', '51500', 'PCS', 'PCS', 1, 1, '51500', 0),
(1610, 'PO1101230001', 'KOS-143', 'KOS-143', 'Revlon nail granite', '2024-11-01', '42500', 'Botol', 'Botol', 1, 1, '42500', 0),
(1611, 'PO1101230001', 'KOS-145', 'KOS-145', 'Revlon nail slate ', '2024-11-01', '42500', 'Botol', 'Botol', 1, 1, '42500', 0),
(1612, 'PO1101230001', 'KOS-146', 'KOS-146', 'Revlon nail moonlit nauve', '2024-11-01', '42500', 'Botol', 'Botol', 1, 1, '42500', 0),
(1613, 'PO1101230001', 'KOS-147', 'KOS-147', 'Revlon nail top speed top coat', '2025-03-01', '42500', 'Botol', 'Botol', 1, 1, '42500', 0),
(1614, 'PO1101230001', 'KOS-148', 'KOS-148', 'Sada khelir liptint ceri bon-bon ', '2025-03-01', '61500', 'PCS', 'PCS', 1, 1, '61500', 0),
(1615, 'PO1101230001', 'KOS-149', 'KOS-149', 'Sada khelir liptint rosi-rosi', '2025-06-01', '70000', 'PCS', 'PCS', 1, 1, '70000', 0),
(1616, 'PO1101230001', 'KOS-150', 'KOS-150', 'Sada khelir liptint sweet sica', '2025-02-01', '61500', 'PCS', 'PCS', 1, 1, '61500', 0),
(1617, 'PO1101230001', 'KOS-151', 'KOS-151', 'Sada khelir liptint golden coco', '2025-06-01', '61500', 'PCS', 'PCS', 1, 1, '61500', 0),
(1618, 'PO1101230001', 'KOS-152', 'KOS-152', 'Sada khelir liptint lia love', '2025-03-01', '61500', 'PCS', 'PCS', 1, 1, '61500', 0),
(1619, 'PO1101230001', 'KOS-153', 'KOS-153', 'Azura mate lipcream 04 perfect nude ', '2025-10-14', '39200', 'PCS', 'PCS', 1, 1, '39200', 0),
(1620, 'PO1101230001', 'KOS-154', 'KOS-154', 'Azura mate lipcream 08 peach', '2025-02-16', '40000', 'PCS', 'PCS', 1, 1, '40000', 0),
(1621, 'PO1101230001', 'KOS-155', 'KOS-155', 'Azura mate lipcream 02 peach', '2023-02-04', '40000', 'PCS', 'PCS', 1, 1, '40000', 0),
(1622, 'PO1101230001', 'KOS-156', 'KOS-156', 'Maybeline fit me c powder 112', '2025-04-01', '61500', 'PCS', 'PCS', 1, 1, '61500', 0),
(1623, 'PO1101230001', 'KOS-157', 'KOS-157', 'Maybeline fit me c powder 120', '2025-01-01', '61500', 'PCS', 'PCS', 1, 1, '61500', 0),
(1624, 'PO1101230001', 'KOS-158', 'KOS-158', 'Maybeline fit me c powder 118', '2025-06-01', '61500', 'PCS', 'PCS', 1, 1, '61500', 0),
(1625, 'PO1101230001', 'KOS-159', 'KOS-159', 'Maybeline fit me c powder 128', '2025-12-01', '61500', 'PCS', 'PCS', 1, 1, '61500', 0),
(1626, 'PO1101230001', 'KOS-160', 'KOS-160', 'Maybeline remover make up 70 ml', '2025-03-01', '64900', 'Botol', 'Botol', 1, 2, '129800', 0),
(1627, 'PO1101230001', 'KOS-161', 'KOS-161', 'Maybeline vol ex hypercurl maskara', '2025-05-01', '59840', 'PCS', 'PCS', 1, 3, '179520', 0),
(1628, 'PO1101230001', 'KOS-162', 'KOS-162', 'Maybeline instant age rewind 110', '2024-11-01', '122000', 'PCS', 'PCS', 1, 1, '122000', 0),
(1629, 'PO1101230001', 'KOS-163', 'KOS-163', 'Maybeline instant age rewind 122', '2024-11-01', '122000', 'PCS', 'PCS', 1, 1, '122000', 0),
(1630, 'PO1101230001', 'KOS-164', 'KOS-164', 'Maybeline fit me twc spf 118', '2024-10-01', '122000', 'PCS', 'PCS', 1, 1, '122000', 0),
(1631, 'PO1101230001', 'KOS-165', 'KOS-165', 'Maybeline fit me blush on', '2024-04-01', '90000', 'PCS', 'PCS', 1, 2, '180000', 0),
(1632, 'PO1101230001', 'KOS-166', 'KOS-166', 'Maybeline lips vinyl 65', '2025-03-01', '106000', 'PCS', 'PCS', 1, 1, '106000', 0),
(1633, 'PO1101230001', 'KOS-167', 'KOS-167', 'Maybeline fit me primer spf ', '2025-06-01', '90000', 'PCS', 'PCS', 1, 1, '90000', 0),
(1634, 'PO1101230001', 'KOS-168', 'KOS-168', 'Maybeline eyeliner line tatto ', '2024-11-01', '67500', 'Botol', 'Botol', 1, 2, '135000', 0),
(1635, 'PO1101230001', 'KOS-169', 'KOS-169', 'Maybeline line tatto crayon black', '2025-01-01', '97500', 'PCS', 'PCS', 1, 1, '97500', 0),
(1636, 'PO1101230001', 'KOS-170', 'KOS-170', 'Maybeline line tatto crayon brown', '2025-01-01', '97500', 'PCS', 'PCS', 1, 1, '97500', 0),
(1637, 'PO1101230001', 'KOS-171', 'KOS-171', 'Azarine niacinamide serum', '2025-02-08', '52500', 'Botol', 'Botol', 1, 1, '52500', 0),
(1638, 'PO1101230001', 'KOS-172', 'KOS-172', 'Azarine aha bha pha serum', '2025-02-06', '43600', 'Botol', 'Botol', 1, 1, '43600', 0),
(1639, 'PO1101230001', 'KOS-173', 'KOS-173', 'Azarine revitalizing antiaging serum', '2025-02-07', '52000', 'Botol', 'Botol', 1, 1, '52000', 0),
(1640, 'PO1101230001', 'KOS-174', 'KOS-174', 'Azarine retinol serum', '2025-02-08', '52500', 'Botol', 'Botol', 1, 1, '52500', 0),
(1641, 'PO1101230001', 'KOS-175', 'KOS-175', 'Something mugwortellla mask ', '2024-09-30', '79000', 'PCS', 'PCS', 1, 1, '79000', 0),
(1642, 'PO1101230001', 'KOS-176', 'KOS-176', 'Something salmon dna ', '2023-08-24', '136800', 'Botol', 'Botol', 1, 1, '136800', 0),
(1643, 'PO1101230001', 'KOS-177', 'KOS-177', 'Something bakuchiol oil serum ', '2025-01-18', '79000', 'Botol', 'Botol', 1, 1, '79000', 0),
(1644, 'PO1101230001', 'KOS-178', 'KOS-178', 'Something glowing up ss stick ', '2024-01-25', '125000', 'PCS', 'PCS', 1, 1, '125000', 0),
(1645, 'PO1101230001', 'KOS-179', 'KOS-179', 'Something loose powder beige ', '2024-11-29', '102500', 'PCS', 'PCS', 1, 1, '102500', 0),
(1646, 'PO1101230001', 'KOS-180', 'KOS-180', 'Something dna powder foundie sand beige ', '2025-03-15', '113500', 'PCS', 'PCS', 1, 1, '113500', 0),
(1647, 'PO1101230001', 'KOS-181', 'KOS-181', 'You triple uv elixir ', '2025-07-25', '52100', 'Tube', 'Tube', 1, 1, '52100', 0),
(1648, 'PO1101230001', 'KOS-182', 'KOS-182', 'You tone up  uv elixir 50', '2025-07-01', '63250', 'Tube', 'Tube', 1, 1, '63250', 0),
(1649, 'PO1101230001', 'KOS-183', 'KOS-183', 'You radiance white bb cream 01 vanila ', '2024-10-05', '45700', 'Tube', 'Tube', 1, 1, '45700', 0),
(1650, 'PO1101230001', 'KOS-184', 'KOS-184', 'You radiance white bb cream 03 mocha', '2024-10-04', '46000', 'Botol', 'Botol', 1, 1, '46000', 0),
(1651, 'PO1101230001', 'KOS-185', 'KOS-185', 'You radiance white bb cream 02 almond', '2024-10-09', '46000', 'Tube', 'Tube', 1, 1, '46000', 0),
(1652, 'PO1101230001', 'KOS-186', 'KOS-186', 'You simplicity bb cream 02 honey ', '2025-04-11', '43550', 'Tube', 'Tube', 1, 1, '43550', 0),
(1653, 'PO1101230001', 'KOS-187', 'KOS-187', 'You simplicity bb cream 01 vanila ', '2025-03-28', '44000', 'Tube', 'Tube', 1, 1, '44000', 0),
(1654, 'PO1101230001', 'KOS-188', 'KOS-188', 'You ink black lip liner ', '2025-03-21', '36500', 'PCS', 'PCS', 1, 1, '36500', 0),
(1655, 'PO1101230001', 'KOS-189', 'KOS-189', 'You lashtenshion mascara ', '2024-06-26', '46400', 'PCS', 'PCS', 1, 1, '46400', 0),
(1656, 'PO1101230001', 'KOS-190', 'KOS-190', 'You stay pen eyeliner ', '2025-05-31', '64650', 'PCS', 'PCS', 1, 1, '64650', 0),
(1657, 'PO1101230001', 'KOS-191', 'KOS-191', 'You eye shadow squad ', '2025-03-27', '47000', 'PCS', 'PCS', 1, 2, '94000', 0),
(1658, 'PO1101230001', 'KOS-192', 'KOS-192', 'You matte lip colour ', '2025-05-08', '46800', 'PCS', 'PCS', 1, 2, '93600', 0),
(1659, 'PO1101230001', 'KOS-193', 'KOS-193', ' You noutriwear cushion W805', '2024-09-13', '131500', 'PCS', 'PCS', 1, 1, '131500', 0),
(1660, 'PO1101230001', 'KOS-194', 'KOS-194', 'Erha youvit x collagen gummy ', '2023-09-07', '54500', 'PCS', 'PCS', 1, 1, '54500', 0),
(1661, 'PO1101230001', 'KOS-195', 'KOS-195', 'Erha skintive goothing facial mask ', '2024-11-07', '26500', 'PCS', 'PCS', 1, 1, '26500', 0),
(1662, 'PO1101230001', 'KOS-196', 'KOS-196', 'Erha 21 df brightening facial mask ', '2025-04-05', '26500', 'PCS', 'PCS', 1, 1, '26500', 0),
(1663, 'PO1101230001', 'KOS-197', 'KOS-197', 'Emina pop rouge pressed eye shadow nude ', '2025-07-13', '39600', 'PCS', 'PCS', 1, 1, '39600', 0),
(1664, 'PO1101230001', 'KOS-198', 'KOS-198', 'Emina cheek lip pressed blush cotton c ', '2025-07-20', '35000', 'PCS', 'PCS', 1, 2, '70000', 0),
(1665, 'PO1101230001', 'KOS-199', 'KOS-199', 'Emina squexe me up browcara woody', '2025-04-26', '48350', 'PCS', 'PCS', 1, 3, '145050', 0),
(1666, 'PO1101230001', 'KOS-200', 'KOS-200', 'Emina glosy stain 02 ', '2025-04-11', '43300', 'PCS', 'PCS', 1, 2, '86600', 0),
(1667, 'PO1101230001', 'KOS-201', 'KOS-201', 'Emina poppon mate the 90 edition 07 ', '2025-01-25', '43400', 'PCS', 'PCS', 1, 1, '43400', 0),
(1668, 'PO1101230001', 'KOS-202', 'KOS-202', 'Emina cheek lip blush stick pink ', '2024-06-14', '48550', 'Botol', 'Botol', 1, 1, '48550', 0),
(1669, 'PO1101230001', 'KOS-203', 'KOS-203', 'Emina lip mask 9gr', '2025-06-14', '35000', 'PCS', 'PCS', 1, 1, '35000', 0),
(1670, 'PO1101230001', 'KOS-204', 'KOS-204', 'Emina lip mask orange squash ', '2024-11-12', '34000', 'Botol', 'Botol', 1, 1, '34000', 0),
(1671, 'PO1101230001', 'KOS-205', 'KOS-205', 'Emina pop rouge pressed eye shadow romantic ', '2025-01-24', '37450', 'PCS', 'PCS', 1, 1, '37450', 0),
(1672, 'PO1101230001', 'KOS-206', 'KOS-206', 'Emina glosy stain 04', '2025-03-15', '43300', 'Botol', 'Botol', 1, 1, '43300', 0),
(1673, 'PO1101230001', 'KOS-207', 'KOS-207', 'Emina poppon mate the 90 edition 10', '2025-01-24', '43400', 'Botol', 'Botol', 1, 1, '43400', 0),
(1674, 'PO1101230001', 'KOS-208', 'KOS-208', 'Emina bright stuff serum ', '2025-09-10', '15000', 'Tube', 'Tube', 1, 2, '30000', 0),
(1675, 'PO1101230001', 'KOS-209', 'KOS-209', 'Pixy aqua beauty protection ', '2025-06-01', '28500', 'Botol', 'Botol', 1, 1, '28500', 0),
(1676, 'PO1101230001', 'KOS-210', 'KOS-210', 'Pixy mate in love 106', '2025-02-01', '40500', 'PCS', 'PCS', 1, 1, '40500', 0),
(1677, 'PO1101230001', 'KOS-211', 'KOS-211', 'Viva eye brow pencil ', '2025-04-01', '31000', 'PCS', 'PCS', 1, 2, '62000', 0),
(1678, 'PO1101230001', 'KOS-212', 'KOS-212', 'Viva pensil alis ', '2025-06-01', '29300', 'PCS', 'PCS', 1, 2, '58600', 0),
(1679, 'PO1101230001', 'KOS-213', 'KOS-213', 'Rose bay body mist mini pack ', '2025-08-01', '18375', 'Botol', 'Botol', 1, 4, '73500', 0),
(1680, 'PO1101230001', 'KOS-214', 'KOS-214', 'Brasov edp sport hitam 100ml', '2026-12-23', '22500', 'Botol', 'Botol', 1, 1, '22500', 0),
(1681, 'PO1101230001', 'KOS-215', 'KOS-215', 'Brasov edp sport abu-abu 100ml', '2027-01-08', '22500', 'Botol', 'Botol', 1, 1, '22500', 0),
(1682, 'PO1101230001', 'KOS-216', 'KOS-216', 'Rose bay body mist alice springs', '2025-08-01', '37000', 'Botol', 'Botol', 1, 1, '37000', 0),
(1683, 'PO1101230001', 'KOS-217', 'KOS-217', 'Rose bay body mist bondi beach', '2025-08-01', '37000', 'Botol', 'Botol', 1, 1, '37000', 0),
(1684, 'PO1101230001', 'KOS-218', 'KOS-218', 'Rose bay body mist botanical garden', '2025-08-01', '37000', 'Botol', 'Botol', 1, 1, '37000', 0),
(1685, 'PO1101230001', 'KOS-219', 'KOS-219', 'Rose bay body mist hyde park', '2025-08-01', '37000', 'Botol', 'Botol', 1, 1, '37000', 0),
(1686, 'PO1201230002', 'KOS-17', 'KOS-17', 'Confident adult pants L4', '2026-08-08', '37107', 'PCS', 'PCS', 1, 1, '37107', 0),
(1687, 'PO1201230002', 'KOS-18', 'KOS-18', 'Confident adult pants XL 3', '2026-08-08', '46500', 'PCS', 'PCS', 1, 1, '46500', 0),
(2788, 'PO1801230004', 'ALKES', 'ALKES', 'Alkohol 70 100ml', '2026-07-01', '6500', 'Botol', 'Botol', 1, 1, '6500', 0),
(2789, 'PO1801230004', 'ALKES-01', 'ALKES-01', 'Alkohol 70 300ml', '2025-12-01', '16500', 'Botol', 'Botol', 1, 3, '49500', 0),
(2790, 'PO1801230004', 'ALKES-02', 'ALKES-02', 'Celana sunat UK S ', '2027-12-01', '18000', 'PCS', 'PCS', 1, 2, '36000', 0),
(2791, 'PO1801230004', 'ALKES-03', 'ALKES-03', 'Celana sunat UK M', '2027-12-01', '18000', 'PCS', 'PCS', 1, 2, '36000', 0),
(2792, 'PO1801230004', 'ALKES-04', 'ALKES-04', 'Celana sunat UK L', '2027-12-01', '18000', 'PCS', 'PCS', 1, 2, '36000', 0),
(2793, 'PO1801230004', 'ALKES-05', 'ALKES-05', 'Celana sunat UK XL', '2027-12-01', '18000', 'PCS', 'PCS', 1, 2, '36000', 0),
(2794, 'PO1801230004', 'ALKES-06', 'ALKES-06', 'Celana sunat UK XXL', '2027-12-01', '18000', 'PCS', 'PCS', 1, 2, '36000', 0),
(2795, 'PO1801230004', 'ALKES-07', 'ALKES-07', 'Dermafic 10x12', '2026-05-01', '10000', 'PCS', 'PCS', 1, 2, '20000', 0),
(2796, 'PO1801230004', 'ALKES-08', 'ALKES-08', 'Dermafic 25x10', '2027-04-01', '25000', 'PCS', 'PCS', 1, 2, '50000', 0),
(2797, 'PO1801230004', 'ALKES-09', 'ALKES-09', 'Dermafic 5x7', '2027-05-01', '5000', 'PCS', 'PCS', 1, 2, '10000', 0),
(2798, 'PO1801230004', 'ALKES-10', 'ALKES-10', 'Kapsul kosong 0', '2026-12-01', '63750', 'PACK', 'PACK', 1, 1, '63750', 0),
(2799, 'PO1801230004', 'ALKES-11', 'ALKES-11', 'Kapsul kosong 00', '2027-03-01', '100000', 'PACK', 'PACK', 1, 1, '100000', 0),
(2800, 'PO1801230004', 'ALKES-12', 'ALKES-12', 'Kapsul kosong 1', '2027-06-01', '58750', 'PACK', 'PACK', 1, 1, '58750', 0),
(2801, 'PO1801230004', 'ALKES-13', 'ALKES-13', 'Kapsul kosong 2', '2027-07-01', '57500', 'PACK', 'PACK', 1, 1, '57500', 0),
(2802, 'PO1801230004', 'ALKES-14', 'ALKES-14', 'Kapsul kosong 3', '2027-07-01', '57500', 'PACK', 'PACK', 1, 1, '57500', 0),
(2803, 'PO1801230004', 'ALKES-15', 'ALKES-15', 'Kertas lakmus biru', '2025-12-01', '65000', 'PACK', 'PACK', 1, 1, '65000', 0),
(2804, 'PO1801230004', 'ALKES-17', 'ALKES-17', 'Kertas lakmus merah', '2025-12-01', '85000', 'PACK', 'PACK', 1, 1, '85000', 0),
(2805, 'PO1801230004', 'ALKES-16', 'ALKES-16', 'Kertas PH', '2025-12-01', '80000', 'PACK', 'PACK', 1, 1, '80000', 0),
(2806, 'PO1801230004', 'ALKES-18', 'ALKES-18', 'Lancet isi 100', '2025-11-01', '25000', 'PACK', 'PACK', 1, 1, '25000', 0),
(2807, 'PO1801230004', 'ALKES-19', 'ALKES-19', 'Mikropore 1/2', '2027-12-01', '17000', 'PCS', 'PCS', 1, 1, '17000', 0),
(2808, 'PO1801230004', 'ALKES-20', 'ALKES-20', 'Mikropore 1', '2027-12-01', '34000', 'PCS', 'PCS', 1, 1, '34000', 0),
(2809, 'PO1801230004', 'ALKES-21', 'ALKES-21', 'Mikropore 2', '2027-12-01', '68000', 'PCS', 'PCS', 1, 1, '68000', 0),
(2810, 'PO1801230004', 'ALKES-22', 'ALKES-22', 'Nasal 02 anak ', '2025-10-01', '15000', 'PCS', 'PCS', 1, 2, '30000', 0),
(2811, 'PO1801230004', 'ALKES-23', 'ALKES-23', 'Nasal 02 bayi', '2025-10-01', '20000', 'PCS', 'PCS', 1, 2, '40000', 0),
(2812, 'PO1801230004', 'ALKES-24', 'ALKES-24', 'Nasal 02 dewasa', '2026-08-01', '20000', 'PCS', 'PCS', 1, 2, '40000', 0),
(2813, 'PO1801230004', 'ALKES-25', 'ALKES-25', 'Pipet panjang ', '2027-12-01', '2500', 'PCS', 'PCS', 1, 20, '50000', 0),
(2814, 'PO1801230004', 'ALKES-26', 'ALKES-26', 'Pipet pendek', '2027-12-01', '1700', 'PCS', 'PCS', 1, 20, '34000', 0),
(2815, 'PO1801230004', 'ALKES-27', 'ALKES-27', 'Pot salep 5gr', '2027-12-01', '1000', 'PCS', 'PCS', 1, 10, '10000', 0),
(2816, 'PO1801230004', 'ALKES-28', 'ALKES-28', 'Pot salep 10gr', '2027-12-01', '1000', 'PCS', 'PCS', 1, 10, '10000', 0),
(2817, 'PO1801230004', 'ALKES-29', 'ALKES-29', 'Pot salep 15gr', '2027-12-01', '1000', 'PCS', 'PCS', 1, 10, '10000', 0),
(2818, 'PO1801230004', 'ALKES-30', 'ALKES-30', 'Pot salep 20gr', '2027-12-01', '1500', 'PCS', 'PCS', 1, 10, '15000', 0),
(2819, 'PO1801230004', 'ALKES-31', 'ALKES-31', 'Pot salep 30gr', '2027-12-01', '1500', 'PCS', 'PCS', 1, 10, '15000', 0),
(2820, 'PO1801230004', 'ALKES-32', 'ALKES-32', 'Sendok obat', '2027-12-01', '1000', 'PCS', 'PCS', 1, 20, '20000', 0),
(2821, 'PO1801230004', 'ALKES-33', 'ALKES-33', 'Sendok tanduk ', '2027-12-01', '30000', 'PCS', 'PCS', 1, 5, '150000', 0),
(2822, 'PO1801230004', 'ALKES-34', 'ALKES-34', 'Sendok spatula logam ', '2027-12-01', '30000', 'PCS', 'PCS', 1, 5, '150000', 0),
(2823, 'PO1801230004', 'ALKES-35', 'ALKES-35', 'Spuit 1 cc one med ', '2026-06-01', '1000', 'PCS', 'PCS', 1, 100, '100000', 0),
(2824, 'PO1801230004', 'ALKES-36', 'ALKES-36', 'Spuit 3 cc one med ', '2026-12-01', '850', 'PCS', 'PCS', 1, 100, '85000', 0),
(2825, 'PO1801230004', 'ALKES-37', 'ALKES-37', 'Spuit 5 cc one med ', '2026-12-01', '900', 'PCS', 'PCS', 1, 100, '90000', 0),
(2826, 'PO1801230004', 'ALKES-38', 'ALKES-38', 'Tabung reaksi ', '2027-12-01', '15000', 'PCS', 'PCS', 1, 10, '150000', 0),
(2827, 'PO1801230004', 'ALKES-39', 'ALKES-39', 'Termometer lentur ', '2027-12-01', '40000', 'PCS', 'PCS', 1, 1, '40000', 0),
(2828, 'PO1801230004', 'ALKES-40', 'ALKES-40', 'Termometer standar', '2027-12-01', '35000', 'PCS', 'PCS', 1, 1, '35000', 0),
(2829, 'PO1801230004', 'ALKES-41', 'ALKES-41', 'Test pack one med ', '2025-08-01', '2200', 'PCS', 'PCS', 1, 37, '81400', 0),
(2830, 'PO1801230004', 'ALKES-42', 'ALKES-42', 'Test kesuburan', '2025-08-01', '9000', 'PCS', 'PCS', 1, 5, '45000', 0),
(2831, 'PO1801230004', 'ALKES-43', 'ALKES-43', 'Urinal laki-laki', '2027-12-01', '27500', 'PCS', 'PCS', 1, 2, '55000', 0),
(2832, 'PO1801230004', 'ALKES-44', 'ALKES-44', 'Urinal perempuan', '2027-12-01', '15000', 'PCS', 'PCS', 1, 2, '30000', 0),
(2833, 'PO1801230004', 'ALKES-45', 'ALKES-45', 'Urin bag', '2026-08-01', '9000', 'PCS', 'PCS', 1, 2, '18000', 0),
(2834, 'PO1801230004', 'ALKES-46', 'ALKES-46', 'Rivanol 100ml', '2025-06-01', '4000', 'Botol', 'Botol', 1, 3, '12000', 0),
(2835, 'PO1801230004', 'ALKES-47', 'ALKES-47', 'Rivanol 300ml', '2026-06-01', '8500', 'Botol', 'Botol', 1, 3, '25500', 0),
(2836, 'PO1801230004', 'ALKES-48', 'ALKES-48', 'Kotak P3K', '2026-10-01', '35000', 'PCS', 'PCS', 1, 2, '70000', 0),
(2837, 'PO1801230004', 'ALKES-49', 'ALKES-49', 'Sarung tangan UK M ', '2027-03-20', '1500', 'PCS', 'PCS', 1, 51, '76500', 0),
(2838, 'PO1801230004', 'ALKES-50', 'ALKES-50', 'Sarung tangan UK L', '2027-03-20', '1500', 'PCS', 'PCS', 1, 37, '55500', 0),
(2839, 'PO1801230004', 'ALKES-51', 'ALKES-51', 'Sarung tangan UK S', '2027-03-20', '1500', 'PCS', 'PCS', 1, 35, '52500', 0),
(2953, 'PO1801230005', 'OBAT-106', 'OBAT-106', 'Tolak angin ', '2024-06-30', '3125', 'PCS', 'PCS', 1, 14, '43750', 0),
(2954, 'PO1801230005', 'OBAT-107', 'OBAT-107', 'Lactacyd baby 60ml biru', '2024-02-29', '26193', 'Botol', 'Botol', 1, 1, '26193', 0),
(2955, 'PO1801230005', 'OBAT-108', 'OBAT-108', 'Bagus kapur semut', '2024-12-31', '2943', 'PCS', 'PCS', 1, 18, '52974', 0),
(2956, 'PO1801230005', 'OBAT-109', 'OBAT-109', 'Fiesta 3 max dotted', '2026-12-31', '10930', 'PCS', 'PCS', 1, 1, '10930', 0),
(2957, 'PO1801230005', 'OBAT-110', 'OBAT-110', 'Fiesta 3 ultra safe', '2025-12-31', '10930', 'PCS', 'PCS', 1, 1, '10930', 0),
(2958, 'PO1801230005', 'OBAT-111', 'OBAT-111', 'Durex 3 performa ', '2027-01-31', '26659', 'PCS', 'PCS', 1, 1, '26659', 0),
(2959, 'PO1801230005', 'OBAT-112', 'OBAT-112', 'Durex 3 closefit', '2026-12-31', '19357', 'PCS', 'PCS', 1, 1, '19357', 0),
(2960, 'PO1801230005', 'OBAT-113', 'OBAT-113', 'Durex 2 invisible ', '2026-11-30', '32834', 'PCS', 'PCS', 1, 1, '32834', 0),
(2961, 'PO1801230005', 'OBAT-114', 'OBAT-114', 'CDR Jeruk ', '2024-02-29', '41489', 'Botol', 'Botol', 1, 1, '41489', 0),
(2962, 'PO1801230005', 'OBAT-115', 'OBAT-115', 'Cazetin drops ', '2024-07-30', '18000', 'PCS', 'PCS', 1, 2, '36000', 0),
(2963, 'PO1801230005', 'OBAT-116', 'OBAT-116', 'Amoxilin dry sirup nova ', '2024-08-31', '4300', 'Botol', 'Botol', 1, 2, '8600', 0),
(2964, 'PO1801230005', 'OBAT-117', 'OBAT-117', 'Betadine kumur 190ml ', '2024-07-31', '30659', 'Botol', 'Botol', 1, 1, '30659', 0),
(2965, 'PO1801230005', 'OBAT-118', 'OBAT-118', 'Alletrol comp eye drop ', '2024-01-31', '14616', 'Botol', 'Botol', 1, 2, '29232', 0),
(2966, 'PO1801230005', 'OBAT-119', 'OBAT-119', 'Cendo xytrol 5ml ', '2024-12-31', '30248', 'Botol', 'Botol', 1, 1, '30248', 0),
(2967, 'PO1801230005', 'OBAT-127', 'OBAT-127', 'Allopurinol 100mg ', '2024-08-31', '4275', 'Tablet', 'Tablet', 1, 10, '42750', 0),
(2968, 'PO1801230005', 'OBAT-121', 'OBAT-121', 'Amplodipine 10mg ', '2024-06-30', '3400', 'Tablet', 'Tablet', 1, 9, '30600', 0),
(2969, 'PO1801230005', 'OBAT-122', 'OBAT-122', 'Amplodipine 5mg', '2027-02-28', '2200', 'Tablet', 'Tablet', 1, 4, '8800', 0),
(2970, 'PO1801230005', 'OBAT-123', 'OBAT-123', 'Captopril 25mg dexa ', '2025-04-30', '1312', 'Tablet', 'Tablet', 1, 10, '13120', 0),
(2971, 'PO1801230005', 'OBAT-124', 'OBAT-124', 'Captopril 12,5mg dexa ', '2026-03-31', '970', 'Tablet', 'Tablet', 1, 10, '9700', 0),
(2972, 'PO1801230005', 'OBAT-125', 'OBAT-125', 'Ciprofloxacin 500mg', '2026-07-31', '4300', 'Tablet', 'Tablet', 1, 9, '38700', 0),
(2973, 'PO1801230005', 'OBAT-126', 'OBAT-126', 'Cetirizine 10mg ', '2024-07-31', '1765', 'Tablet', 'Tablet', 1, 6, '10590', 0),
(2974, 'PO1801230005', 'OBAT-127', 'OBAT-127', 'Allopurinol 100mg ', '2024-09-30', '1766', 'Tablet', 'Tablet', 1, 10, '17660', 0),
(2975, 'PO1801230005', 'OBAT-128', 'OBAT-128', 'Ambroxol 30mg tab ', '2024-09-30', '1030', 'Tablet', 'Tablet', 1, 6, '6180', 0),
(2976, 'PO1801230005', 'OBAT-129', 'OBAT-129', 'Cefixime 100mg ', '2025-05-31', '7350', 'Tablet', 'Tablet', 1, 10, '73500', 0),
(2977, 'PO1801230005', 'OBAT-130', 'OBAT-130', 'Piroxicam 10mg ', '2027-04-30', '1575', 'Kapsul', 'Kapsul', 1, 10, '15750', 0),
(2978, 'PO1801230005', 'OBAT-131', 'OBAT-131', 'Piroxicam 20mg ', '2027-06-30', '1791', 'Kapsul', 'Kapsul', 1, 10, '17910', 0),
(2979, 'PO1801230005', 'OBAT-132', 'OBAT-132', 'Glibenclamide 5mg ', '2024-08-31', '1541', 'Tablet', 'Tablet', 1, 8, '12328', 0),
(2980, 'PO1801230005', 'OBAT-134', 'OBAT-134', 'Omeprazole 20mg ', '2024-04-30', '3296', 'Tablet', 'Tablet', 1, 10, '32960', 0),
(2981, 'PO1801230005', 'OBAT-135', 'OBAT-135', 'Amoxilin 500mg ', '2024-07-31', '4262', 'Tablet', 'Tablet', 1, 18, '76716', 0),
(2982, 'PO1801230005', 'OBAT-136', 'OBAT-136', 'Cataflam 25mg', '2024-12-31', '33999', 'Tablet', 'Tablet', 1, 4, '135996', 0),
(2983, 'PO1801230005', 'OBAT-137', 'OBAT-137', 'Cefadroxile 500mg', '2027-01-31', '7250', 'Tablet', 'Tablet', 1, 10, '72500', 0),
(2984, 'PO1801230005', 'OBAT-138', 'OBAT-138', 'Dexteem plus tab ', '2026-08-31', '2575', 'Tablet', 'Tablet', 1, 4, '10300', 0),
(2985, 'PO1801230005', 'OBAT-139', 'OBAT-139', 'Diane-35tab ', '2025-03-31', '145529', 'Tablet', 'Tablet', 1, 1, '145529', 0),
(2986, 'PO1801230005', 'OBAT-140', 'OBAT-140', 'Peditox', '2024-07-31', '8154', 'Botol', 'Botol', 1, 3, '24462', 0),
(2987, 'PO1801230005', 'OBAT-141', 'OBAT-141', 'Ibu profen 200mg ', '2027-07-31', '1917', 'Tablet', 'Tablet', 1, 9, '17253', 0),
(2988, 'PO1801230005', 'OBAT-142', 'OBAT-142', 'Bioplacenton jelly ', '2024-06-30', '23177', 'Tube', 'Tube', 1, 3, '69531', 0),
(2989, 'PO1801230005', 'OBAT-143', 'OBAT-143', 'Mometasone furoate 5gr', '2025-04-30', '11388', 'Tube', 'Tube', 1, 2, '22776', 0),
(2990, 'PO1801230005', 'OBAT-144', 'OBAT-144', 'Cendo catarlent 15ml', '2024-02-29', '31274', 'Botol', 'Botol', 1, 1, '31274', 0),
(2991, 'PO1801230005', 'OBAT-145', 'OBAT-145', 'Erlamycetin tetes mata ', '2024-01-31', '8973', 'Botol', 'Botol', 1, 2, '17946', 0),
(2992, 'PO1801230005', 'OBAT-146', 'OBAT-146', 'Bufacomp cr 5gr', '2026-08-31', '22755', 'Tube', 'Tube', 1, 2, '45510', 0),
(2993, 'PO1801230005', 'OBAT-147', 'OBAT-147', 'Cendo augentonic ', '2025-07-31', '27889', 'Botol', 'Botol', 1, 1, '27889', 0),
(2994, 'PO1801230005', 'OBAT-148', 'OBAT-148', 'Cendo Astenof ', '2024-11-30', '23310', 'Botol', 'Botol', 1, 1, '23310', 0),
(2995, 'PO1801230005', 'OBAT-149', 'OBAT-149', 'Betadine kumur 100ml ', '2025-04-30', '21978', 'Botol', 'Botol', 1, 2, '43956', 0),
(3178, 'PO1901230007', 'OBAT-190', 'OBAT-190', 'Betason-N cr 5gr', '2025-05-31', '14800', 'Tube', 'Tube', 1, 3, '44400', 0),
(3179, 'PO1901230007', 'OBAT-191', 'OBAT-191', 'Chloramfecort cream 10gr', '2024-02-29', '13226', 'Tube', 'Tube', 1, 3, '39678', 0),
(3180, 'PO1901230007', 'OBAT-192', 'OBAT-192', 'Erlamycetin plus tetes mata ', '2024-02-29', '11000', 'Botol', 'Botol', 1, 1, '11000', 0),
(3181, 'PO1901230007', 'OBAT-193', 'OBAT-193', 'Genoint tetes mata', '2024-05-31', '8416', 'Botol', 'Botol', 1, 1, '8416', 0),
(3182, 'PO1901230007', 'OBAT-194', 'OBAT-194', 'Dumin tab', '2023-12-31', '5080', 'Tablet', 'Tablet', 1, 10, '50800', 0),
(3183, 'PO1901230007', 'OBAT-195', 'OBAT-195', 'Sanmol tab', '2024-04-30', '1500', 'Tablet', 'Tablet', 1, 41, '61500', 0),
(3184, 'PO1901230007', 'OBAT-197', 'OBAT-197', 'Glimepiride 2mg ', '2026-05-31', '2120', 'Tablet', 'Tablet', 1, 17, '36040', 0),
(3185, 'PO1901230007', 'OBAT-198', 'OBAT-198', 'Sangobion ', '2024-04-30', '15500', 'Kapsul', 'Kapsul', 1, 25, '387500', 0),
(3186, 'PO1901230007', 'ALKES-52', 'ALKES-52', 'Handsaplast kids mickey and freinds ', '2023-11-30', '7651', 'PCS', 'PCS', 1, 2, '15302', 0),
(3187, 'PO1901230007', 'ALKES-53', 'ALKES-53', 'Handsaplast kids marvel avendgers', '2023-11-30', '8263', 'PCS', 'PCS', 1, 2, '16526', 0),
(3188, 'PO1901230007', 'ALKES-54', 'ALKES-54', 'Handsaplast kids disney princes', '2023-11-30', '7651', 'PCS', 'PCS', 1, 2, '15302', 0),
(3189, 'PO1901230007', 'ALKES-55', 'ALKES-55', 'Handsaplast transparan ', '2024-07-31', '6948', 'PCS', 'PCS', 1, 2, '13896', 0),
(3190, 'PO1901230007', 'OBAT-196', 'OBAT-196', 'Mefenamid acid ', '2024-08-31', '2350', 'Tablet', 'Tablet', 1, 20, '47000', 0),
(3191, 'PO1901230007', 'OBAT-199', 'OBAT-199', 'Domperidone tab', '2024-06-30', '3666', 'Tablet', 'Tablet', 1, 10, '36660', 0),
(3192, 'PO1901230007', 'OBAT-200', 'OBAT-200', 'Dexaharsen 0,5mg', '2026-04-30', '1843', 'Tablet', 'Tablet', 1, 20, '36860', 0),
(3193, 'PO1901230007', 'OBAT-201', 'OBAT-201', 'Dexaharsen 0,75mg', '2026-03-31', '2090', 'Tablet', 'Tablet', 1, 20, '41800', 0),
(3194, 'PO2401230008', 'OBAT-203', 'OBAT-203', 'Stimuno sirup grape 60ml ', '2024-07-31', '24850', 'Botol', 'Botol', 1, 2, '49700', 0),
(3195, 'PO2401230008', 'OBAT-204', 'OBAT-204', 'Vit C Ipi ', '2024-04-30', '4900', 'Botol', 'Botol', 1, 6, '29400', 0),
(3196, 'PO2401230008', 'ALKES-56', 'ALKES-56', 'Oxycan green ', '2024-10-31', '36470', 'Botol', 'Botol', 1, 2, '72940', 0),
(3197, 'PO2401230008', 'OBAT-205', 'OBAT-205', 'Promagh suspensi ', '2024-05-31', '10000', 'Botol', 'Botol', 1, 3, '30000', 0),
(3198, 'PO2401230008', 'OBAT-206', 'OBAT-206', 'Bisolvon kids ', '2024-08-31', '37237', 'Botol', 'Botol', 1, 2, '74474', 0),
(3199, 'PO2401230008', 'OBAT-207', 'OBAT-207', 'Panadol capl ', '2025-10-31', '8902', 'Tablet', 'Tablet', 1, 10, '89020', 0),
(3260, 'PO2501230009', 'OBAT-208', 'OBAT-208', 'Promagh herbal ', '2024-06-30', '1800', 'PCS', 'PCS', 1, 6, '10800', 0),
(3261, 'PO2501230009', 'OBAT-209', 'OBAT-209', 'Tolak angin flu ', '2024-07-31', '3458', 'PCS', 'PCS', 1, 24, '82992', 0),
(3262, 'PO2501230009', 'OBAT-210', 'OBAT-210', 'Tolak angin anak ', '2024-06-30', '2417', 'PCS', 'PCS', 1, 12, '29004', 0),
(3263, 'PO2501230009', 'OBAT-211', 'OBAT-211', 'Tolak linu 15ml coklat', '2024-05-31', '1028', 'PCS', 'PCS', 1, 24, '24672', 0),
(3264, 'PO2501230009', 'OBAT-212', 'OBAT-212', 'CDR Fortos', '2024-04-30', '42319', 'Botol', 'Botol', 1, 2, '84638', 0),
(3265, 'PO2501230009', 'OBAT-213', 'OBAT-213', 'Frescare 10ml citrus ', '2025-06-30', '12832', 'Botol', 'Botol', 1, 2, '25664', 0),
(3266, 'PO2501230009', 'OBAT-214', 'OBAT-214', 'Frescare 10ml Strong ', '2025-07-31', '12832', 'Botol', 'Botol', 1, 2, '25664', 0),
(3267, 'PO2501230009', 'OBAT-215', 'OBAT-215', 'Frescare 10ml lavender ', '2025-05-31', '12832', 'Botol', 'Botol', 1, 2, '25664', 0),
(3268, 'PO2501230009', 'OBAT-216', 'OBAT-216', 'Safecare 10ml original ', '2026-08-15', '12832', 'Botol', 'Botol', 1, 3, '38496', 0),
(3269, 'PO2501230009', 'OBAT-217', 'OBAT-217', 'Medicated hijau 6ml ', '2025-10-31', '9990', 'Botol', 'Botol', 1, 2, '19980', 0),
(3270, 'PO2501230009', 'OBAT-218', 'OBAT-218', 'Medicated hijau 40ml ', '2025-09-30', '37740', 'Botol', 'Botol', 1, 2, '75480', 0),
(3271, 'PO2501230009', 'OBAT-219', 'OBAT-219', 'Medicated hijau 20ml ', '2025-10-31', '23310', 'Botol', 'Botol', 1, 2, '46620', 0),
(3272, 'PO2501230009', 'OBAT-220', 'OBAT-220', 'Medicated hijau 12ml ', '2025-09-30', '16650', 'Botol', 'Botol', 1, 2, '33300', 0),
(3273, 'PO2501230009', 'KOS-235', 'KOS-235', 'Marck teens 12gr', '2027-07-31', '22200', 'PCS', 'PCS', 1, 2, '44400', 0),
(3274, 'PO2501230009', 'ALKES-57', 'ALKES-57', 'Handsaplast ', '2025-06-30', '283', 'PCS', 'PCS', 1, 100, '28300', 0),
(3275, 'PO2501230009', 'OBAT-221', 'OBAT-221', 'SM C Lemon ', '2025-09-30', '8000', 'Botol', 'Botol', 1, 10, '80000', 0),
(3276, 'PO2501230009', 'OBAT-222', 'OBAT-222', 'Imboost tab ', '2025-09-30', '35453', 'Tablet', 'Tablet', 1, 5, '177265', 0),
(3277, 'PO2501230009', 'OBAT-223', 'OBAT-223', 'Alba pastiles', '2024-05-31', '10850', 'PCS', 'PCS', 1, 6, '65100', 0),
(3278, 'PO2501230009', 'OBAT-224', 'OBAT-224', 'Imboost kids 21 tablet hisap ', '2024-11-30', '29082', 'Botol', 'Botol', 1, 1, '29082', 0),
(3279, 'PO2501230009', 'OBAT-225', 'OBAT-225', 'Imboost syr 60ml ori ', '2024-09-30', '35409', 'Botol', 'Botol', 1, 1, '35409', 0),
(3280, 'PO2501230009', 'OBAT-226', 'OBAT-226', 'Mucos sirup 60ml ', '2024-09-30', '18315', 'Botol', 'Botol', 1, 1, '18315', 0),
(3281, 'PO2501230009', 'OBAT-227', 'OBAT-227', 'Mucos drop 20ml ', '2026-02-28', '38295', 'Botol', 'Botol', 1, 1, '38295', 0),
(3282, 'PO2501230009', 'OBAT-228', 'OBAT-228', 'Neurobion biru', '2024-12-31', '22332', 'Tablet', 'Tablet', 1, 5, '111660', 0),
(3283, 'PO2501230009', 'OBAT-229', 'OBAT-229', 'Vastigo 6mg', '2024-06-30', '11700', 'Tablet', 'Tablet', 1, 10, '117000', 0),
(3284, 'PO2501230009', 'KOS-236', 'KOS-236', 'Selection kapas 75gr', '2027-10-31', '12182', 'PCS', 'PCS', 1, 12, '146184', 0),
(3285, 'PO2501230009', 'OBAT-230', 'OBAT-230', 'Dumin syr strawberry 60ml', '2027-05-31', '27499', 'Botol', 'Botol', 1, 2, '54998', 0),
(3302, 'PO2501230010', 'OBAT-231', 'OBAT-231', 'Neuralgin rx kalbe ', '2024-07-31', '8000', 'Tablet', 'Tablet', 1, 10, '80000', 0),
(3303, 'PO2501230010', 'OBAT-232', 'OBAT-232', 'Lopamid ', '2024-08-31', '2102', 'Tablet', 'Tablet', 1, 10, '21020', 0),
(3304, 'PO2501230010', 'OBAT-234', 'OBAT-234', 'Antasidadoen', '2026-10-31', '993', 'Tablet', 'Tablet', 1, 10, '9930', 0),
(3305, 'PO2501230010', 'OBAT-235', 'OBAT-235', 'Bromex ', '2026-11-30', '1458', 'Tablet', 'Tablet', 1, 10, '14580', 0),
(3306, 'PO2501230010', 'OBAT-236', 'OBAT-236', 'Gentamicin ', '2026-09-30', '3854', 'Tube', 'Tube', 1, 3, '11562', 0),
(3307, 'PO2501230010', 'OBAT-237', 'OBAT-237', 'Erlamycetin sm eye', '2026-11-30', '8103', 'Tube', 'Tube', 1, 3, '24309', 0),
(3308, 'PO2501230010', 'OBAT-238', 'OBAT-238', 'Yusimox syr ', '2025-11-30', '4478', 'Botol', 'Botol', 1, 2, '8956', 0),
(3309, 'PO2501230010', 'OBAT-239', 'OBAT-239', 'Hufagrip forte ', '2024-06-30', '4112', 'Tablet', 'Tablet', 1, 10, '41120', 0),
(3310, 'PO2501230010', 'OBAT-240', 'OBAT-240', 'Intunal + Tablet kuning ', '2025-06-30', '2520', 'Tablet', 'Tablet', 1, 25, '63000', 0),
(3311, 'PO2501230010', 'OBAT-241', 'OBAT-241', 'Alpara Kaplet', '2025-10-31', '5949', 'Tablet', 'Tablet', 1, 15, '89235', 0),
(3395, 'PO2501230011', 'OBAT-242', 'OBAT-242', 'Acyclovir cr 5%', '2024-10-31', '3885', 'Tube', 'Tube', 1, 3, '11655', 0),
(3396, 'PO2501230011', 'OBAT-243', 'OBAT-243', 'Afolat', '2027-09-30', '1302', 'Tablet', 'Tablet', 1, 10, '13020', 0),
(3397, 'PO2501230011', 'OBAT-245', 'OBAT-245', 'Betadine sol 5ml ', '2026-06-30', '4920', 'Botol', 'Botol', 1, 6, '29520', 0),
(3398, 'PO2501230011', 'OBAT-246', 'OBAT-246', 'Natur E Cap 16', '2024-04-30', '3973', 'Tablet', 'Tablet', 1, 4, '15892', 0),
(3399, 'PO2501230011', 'OBAT-247', 'OBAT-247', 'GG Tab 10 x 10', '2025-06-30', '742', 'Tablet', 'Tablet', 1, 10, '7420', 0),
(3400, 'PO2501230011', 'OBAT-248', 'OBAT-248', 'Spasminal ', '2024-07-31', '9500', 'Tablet', 'Tablet', 1, 10, '95000', 0),
(3401, 'PO2501230011', 'OBAT-249', 'OBAT-249', 'Zambux 25gr', '2024-07-31', '33102', 'PCS', 'PCS', 1, 1, '33102', 0),
(3402, 'PO2501230011', 'OBAT-250', 'OBAT-250', 'Bersih darah kembang bulan ', '2027-04-30', '12162', 'Botol', 'Botol', 1, 3, '36486', 0),
(3403, 'PO2501230011', 'OBAT-251', 'OBAT-251', 'Salep 2-4 15gr', '2027-11-30', '3775', 'Botol', 'Botol', 1, 5, '18875', 0),
(3404, 'PO2501230011', 'OBAT-252', 'OBAT-252', 'Hico gell 15gr', '2024-09-30', '13943', 'Tube', 'Tube', 1, 2, '27886', 0),
(3405, 'PO2501230011', 'OBAT-253', 'OBAT-253', 'Thermolyte diet sugar', '2024-05-31', '33000', 'PCS', 'PCS', 1, 1, '33000', 0),
(3406, 'PO2501230011', 'OBAT-254', 'OBAT-254', 'Thermolyte Plus', '2024-09-30', '57000', 'PCS', 'PCS', 1, 1, '57000', 0),
(3407, 'PO2501230011', 'OBAT-255', 'OBAT-255', 'Redoxon DA Blackcur', '2023-07-31', '36902', 'PCS', 'PCS', 1, 1, '36902', 0),
(3408, 'PO2501230011', 'OBAT-256', 'OBAT-256', 'Redoxon EF', '2023-12-04', '36902', 'PCS', 'PCS', 1, 1, '36902', 0),
(3409, 'PO2501230011', 'OBAT-257', 'OBAT-257', 'Y Rins 2x12ml', '2025-10-31', '15000', 'PCS', 'PCS', 1, 2, '30000', 0);
INSERT INTO `purchase_order_detail` (`idd`, `nomor_po`, `kode_item`, `sku`, `nama_item`, `tgl_expired`, `harga`, `satuan_besar`, `satuan_kecil`, `konversi`, `kuantiti`, `total_harga`, `diskon`) VALUES
(3410, 'PO2501230011', 'OBAT-258', 'OBAT-258', 'Nephrolit tab ', '2024-08-31', '1725', 'Tablet', 'Tablet', 1, 20, '34500', 0),
(3411, 'PO2501230011', 'OBAT-259', 'OBAT-259', 'Teosal tab ', '2025-04-30', '1221', 'Tablet', 'Tablet', 1, 10, '12210', 0),
(3412, 'PO2501230011', 'OBAT-260', 'OBAT-260', 'Simvasastin 10mg ', '2025-04-30', '2481', 'Tablet', 'Tablet', 1, 3, '7443', 0),
(3413, 'PO2501230011', 'OBAT-261', 'OBAT-261', 'Simvasastin 20mg ', '2024-11-30', '1920', 'Tablet', 'Tablet', 1, 10, '19200', 0),
(3414, 'PO2501230011', 'OBAT-262', 'OBAT-262', 'Proris syr 60ml', '2024-10-31', '23000', 'Botol', 'Botol', 1, 2, '46000', 0),
(3415, 'PO2501230011', 'OBAT-263', 'OBAT-263', 'Praxion 120mg syr 60ml', '2024-12-31', '23000', 'Botol', 'Botol', 1, 2, '46000', 0),
(3416, 'PO2501230011', 'OBAT-264', 'OBAT-264', 'Sucralfate suspensi 100ml', '2024-10-31', '12473', 'Botol', 'Botol', 1, 1, '12473', 0),
(3417, 'PO2501230011', 'OBAT-265', 'OBAT-265', 'Hydrocortisone ', '2024-11-30', '5429', 'Tube', 'Tube', 1, 3, '16287', 0),
(3418, 'PO2501230011', 'OBAT-266', 'OBAT-266', 'Guanystrep syr 60ml ', '2026-10-31', '5240', 'Botol', 'Botol', 1, 2, '10480', 0),
(3419, 'PO2501230011', 'OBAT-267', 'OBAT-267', 'Zinc sulfate tab ', '2024-10-31', '3800', 'Tablet', 'Tablet', 1, 10, '38000', 0),
(3420, 'PO2501230011', 'OBAT-268', 'OBAT-268', 'Zinc Syr 60ml', '2026-10-31', '4200', 'Botol', 'Botol', 1, 1, '4200', 0),
(3421, 'PO2501230011', 'OBAT-269', 'OBAT-269', 'Meloxicam 7,5mg ', '2026-07-31', '2756', 'Tablet', 'Tablet', 1, 5, '13780', 0),
(3422, 'PO2501230011', 'OBAT-270', 'OBAT-270', 'Meloxicam 15mg ', '2025-06-30', '3167', 'Tablet', 'Tablet', 1, 5, '15835', 0),
(3423, 'PO2501230011', 'OBAT-271', 'OBAT-271', 'Bye bye fever baby', '2025-10-31', '5802', 'PCS', 'PCS', 1, 10, '58020', 0),
(3460, 'PO2601230012', 'OBAT-272', 'OBAT-272', 'Cap kaki tiga anak strawbery ', '2025-11-30', '4400', 'Botol', 'Botol', 1, 1, '4400', 0),
(3461, 'PO2601230012', 'OBAT-273', 'OBAT-273', 'Imunped drops 15ml', '2023-09-30', '48500', 'Botol', 'Botol', 1, 1, '48500', 0),
(3462, 'PO2601230012', 'OBAT-274', 'OBAT-274', 'Tropicana slim ', '2025-09-30', '21000', 'PCS', 'PCS', 1, 1, '21000', 0),
(3463, 'PO2601230012', 'OBAT-275', 'OBAT-275', 'Mercotin drop 20ml', '2024-08-31', '87028', 'Botol', 'Botol', 1, 1, '87028', 0),
(3464, 'PO2601230012', 'OBAT-276', 'OBAT-276', 'Inerson ointment ', '2026-10-31', '88500', 'Tube', 'Tube', 1, 1, '88500', 0),
(3465, 'PO2601230012', 'OBAT-277', 'OBAT-277', 'Cap kaki tiga guava ', '2025-07-31', '4900', 'Botol', 'Botol', 1, 2, '9800', 0),
(3466, 'PO2601230012', 'OBAT-278', 'OBAT-278', 'Cap kaki tiga grape', '2025-09-30', '4900', 'Botol', 'Botol', 1, 2, '9800', 0),
(3467, 'PO2601230012', 'OBAT-279', 'OBAT-279', 'Cap kaki tiga leci', '2025-10-31', '4900', 'Botol', 'Botol', 1, 2, '9800', 0),
(3468, 'PO2601230012', 'OBAT-280', 'OBAT-280', 'Cap kaki tiga jeruk nipis ', '2025-09-30', '4900', 'Botol', 'Botol', 1, 2, '9800', 0),
(3469, 'PO2601230012', 'OBAT-281', 'OBAT-281', 'Tolak angin permen ', '2024-10-31', '1633', 'PCS', 'PCS', 1, 15, '24495', 0),
(3470, 'PO2601230012', 'OBAT-282', 'OBAT-282', 'Vick vap 10gr ', '2024-11-30', '6410', 'PCS', 'PCS', 1, 1, '6410', 0),
(3471, 'PO2601230012', 'OBAT-283', 'OBAT-283', 'Strepsil reg merah ', '2024-09-30', '8031', 'PCS', 'PCS', 1, 2, '16062', 0),
(3472, 'PO2601230012', 'OBAT-284', 'OBAT-284', 'Antimo tab ', '2027-07-31', '4300', 'Tablet', 'Tablet', 1, 12, '51600', 0),
(3473, 'PO2601230012', 'OBAT-285', 'OBAT-285', 'MKP Lang aromatherapy rose 30ml ', '2026-07-31', '9917', 'Botol', 'Botol', 1, 2, '19834', 0),
(3474, 'PO2601230012', 'OBAT-286', 'OBAT-286', 'MKP Lang aromatherapy greentea 30ml ', '2027-01-31', '9917', 'Botol', 'Botol', 1, 2, '19834', 0),
(3475, 'PO2601230012', 'OBAT-287', 'OBAT-287', 'MKP Lang aromatherapy original 30ml ', '2027-01-31', '9917', 'Botol', 'Botol', 1, 2, '19834', 0),
(3476, 'PO2601230012', 'OBAT-288', 'OBAT-288', 'MKP Lang aromatherapy greentea 60ml ', '2027-01-31', '19084', 'Botol', 'Botol', 1, 2, '38168', 0),
(3477, 'PO2601230012', 'OBAT-289', 'OBAT-289', 'MKP Lang aromatherapy original 60ml ', '2027-03-31', '19085', 'Botol', 'Botol', 1, 2, '38170', 0),
(3478, 'PO2601230012', 'OBAT-290', 'OBAT-290', 'MKP Lang aromatherapy lavender 60ml ', '2027-05-31', '19086', 'Botol', 'Botol', 1, 2, '38172', 0),
(3479, 'PO2601230012', 'OBAT-291', 'OBAT-291', 'Herocyn baby bedak 200gr', '2027-01-31', '11750', 'Botol', 'Botol', 1, 1, '11750', 0),
(3480, 'PO2601230012', 'OBAT-292', 'OBAT-292', 'Herocyn baby bedak 100gr', '2027-06-30', '7500', 'Botol', 'Botol', 1, 1, '7500', 0),
(3481, 'PO2601230012', 'OBAT-293', 'OBAT-293', 'Entrakid rasa vanila ', '2024-04-30', '49000', 'PCS', 'PCS', 1, 1, '49000', 0),
(3482, 'PO2601230012', 'OBAT-294', 'OBAT-294', 'Entrakid rasa coklat', '2024-04-30', '49000', 'PCS', 'PCS', 1, 1, '49000', 0),
(3483, 'PO2601230012', 'OBAT-295', 'OBAT-295', 'Bisolvon extra ', '2025-06-30', '40138', 'Botol', 'Botol', 1, 1, '40138', 0),
(3484, 'PO2601230012', 'OBAT-296', 'OBAT-296', 'MKP Lang 60ml ', '2027-09-30', '17334', 'Botol', 'Botol', 1, 3, '52002', 0),
(3485, 'PO2601230012', 'OBAT-297', 'OBAT-297', 'Freshcare sandalwood 10ml', '2024-05-31', '11560', 'PCS', 'PCS', 1, 2, '23120', 0),
(3486, 'PO2601230012', 'OBAT-298', 'OBAT-298', 'Frescare mix eucalyptus 5ml', '2024-05-31', '11560', 'PCS', 'PCS', 1, 2, '23120', 0),
(3487, 'PO2601230012', 'OBAT-299', 'OBAT-299', 'Frescare splash fruity 10ml', '2025-08-31', '11560', 'PCS', 'PCS', 1, 2, '23120', 0),
(3488, 'PO2601230012', 'OBAT-300', 'OBAT-300', 'Frescare green tea rool on 10ml', '2025-10-31', '11560', 'PCS', 'PCS', 1, 2, '23120', 0),
(3489, 'PO2601230012', 'OBAT-301', 'OBAT-301', 'Salonpas hot koyo merah ', '2025-08-31', '5182', 'PCS', 'PCS', 1, 10, '51820', 0),
(3490, 'PO2601230012', 'OBAT-302', 'OBAT-302', 'Salonpas superkoyo', '2025-08-31', '5182', 'PCS', 'PCS', 1, 10, '51820', 0),
(3491, 'PO2601230012', 'OBAT-303', 'OBAT-303', 'Strepsil cool', '2025-04-30', '16061', 'PCS', 'PCS', 1, 2, '32122', 0),
(3492, 'PO2601230012', 'OBAT-304', 'OBAT-304', 'Strepsil lemon kuning ', '2024-12-31', '16061', 'PCS', 'PCS', 1, 2, '32122', 0),
(3613, 'PO2701230013', 'OBAT-305', 'OBAT-305', 'Kalpanak cream ', '2024-11-30', '19532', 'Tube', 'Tube', 1, 1, '19532', 0),
(3614, 'PO2701230013', 'OBAT-306', 'OBAT-306', 'My baby powder 100 fresh fruity ', '2026-04-30', '5615', 'Botol', 'Botol', 1, 1, '5615', 0),
(3615, 'PO2701230013', 'OBAT-307', 'OBAT-307', 'My baby powder 100 soft gentle biru', '2026-03-31', '5615', 'Botol', 'Botol', 1, 1, '5615', 0),
(3616, 'PO2701230013', 'OBAT-308', 'OBAT-308', 'My baby powder 100 ef telon plus', '2025-10-31', '5615', 'Botol', 'Botol', 1, 1, '5615', 0),
(3617, 'PO2701230013', 'OBAT-309', 'OBAT-309', 'My baby powder 100 sf pink ', '2025-11-30', '5615', 'Botol', 'Botol', 1, 1, '5615', 0),
(3618, 'PO2701230013', 'OBAT-310', 'OBAT-310', 'My baby powder 50 fresh fruity ', '2025-12-31', '2697', 'Botol', 'Botol', 1, 1, '2697', 0),
(3619, 'PO2701230013', 'OBAT-311', 'OBAT-311', 'My baby powder 50 sf pink', '2026-04-30', '2697', 'Botol', 'Botol', 1, 1, '2697', 0),
(3620, 'PO2701230013', 'OBAT-312', 'OBAT-312', 'My baby powder 50 soft gentle biru', '2026-01-31', '2697', 'Botol', 'Botol', 1, 1, '2697', 0),
(3621, 'PO2701230013', 'OBAT-313', 'OBAT-313', 'My baby powder 50 telon plus ', '2025-10-31', '2697', 'Botol', 'Botol', 1, 1, '2697', 0),
(3622, 'PO2701230013', 'OBAT-314', 'OBAT-314', 'My baby powder 75 telon plus ', '2025-05-31', '4534', 'Botol', 'Botol', 1, 1, '4534', 0),
(3623, 'PO2701230013', 'OBAT-315', 'OBAT-315', 'Plossa citrus herbal ', '2024-09-30', '9318', 'PCS', 'PCS', 1, 2, '18636', 0),
(3624, 'PO2701230013', 'OBAT-316', 'OBAT-316', 'Curcuma sharpy blackurrant ', '2024-09-30', '12400', 'Botol', 'Botol', 1, 1, '12400', 0),
(3625, 'PO2701230013', 'OBAT-317', 'OBAT-317', 'Curcuma sharpy strawbery', '2024-09-30', '12400', 'Botol', 'Botol', 1, 1, '12400', 0),
(3626, 'PO2701230013', 'OBAT-318', 'OBAT-318', 'Curvit syr', '2024-08-31', '23350', 'Botol', 'Botol', 1, 1, '23350', 0),
(3627, 'PO2701230013', 'OBAT-319', 'OBAT-319', 'Ferriz drop', '2024-03-31', '35000', 'Botol', 'Botol', 1, 2, '70000', 0),
(3628, 'PO2701230013', 'OBAT-320', 'OBAT-320', 'Ferriz syr', '2025-09-30', '35000', 'Botol', 'Botol', 1, 1, '35000', 0),
(3629, 'PO2701230013', 'OBAT-321', 'OBAT-321', 'Lelap 3x4 kap', '2025-09-30', '13067', 'PCS', 'PCS', 1, 3, '39201', 0),
(3630, 'PO2701230013', 'OBAT-322', 'OBAT-322', 'Mastin ', '2026-10-31', '83000', 'Botol', 'Botol', 1, 1, '83000', 0),
(3631, 'PO2701230013', 'OBAT-323', 'OBAT-323', 'Plossa mini eucalyptus', '2024-10-31', '5350', 'PCS', 'PCS', 1, 2, '10700', 0),
(3632, 'PO2701230013', 'OBAT-324', 'OBAT-324', 'Plossa mini red hot ', '2024-08-31', '5350', 'PCS', 'PCS', 1, 2, '10700', 0),
(3633, 'PO2701230013', 'OBAT-325', 'OBAT-325', 'Plossa red hot besar', '2024-09-30', '9318', 'PCS', 'PCS', 1, 2, '18636', 0),
(3634, 'PO2701230013', 'OBAT-326', 'OBAT-326', 'Plossa eucalyptus besar', '2024-11-30', '9318', 'PCS', 'PCS', 1, 2, '18636', 0),
(3635, 'PO2701230013', 'OBAT-327', 'OBAT-327', 'Paratusin syr 60ml ', '2024-06-30', '30200', 'Botol', 'Botol', 1, 1, '30200', 0),
(3636, 'PO2701230013', 'OBAT-328', 'OBAT-328', 'OBH Combi anak 60ml apel ', '2024-12-31', '12500', 'Botol', 'Botol', 1, 2, '25000', 0),
(3637, 'PO2701230013', 'OBAT-329', 'OBAT-329', 'OBH Combi anak 60ml orange ', '2024-11-30', '12500', 'Botol', 'Botol', 1, 2, '25000', 0),
(3638, 'PO2701230013', 'OBAT-330', 'OBAT-330', 'OBH Combi anak 60ml strawberry ', '2024-12-31', '12500', 'Botol', 'Botol', 1, 2, '25000', 0),
(3639, 'PO2701230013', 'OBAT-331', 'OBAT-331', 'OBH Combi plus 100 mentol dewasa', '2024-08-31', '15300', 'Botol', 'Botol', 1, 2, '30600', 0),
(3640, 'PO2701230013', 'OBAT-332', 'OBAT-332', 'OBH Combi 60ml jahe dewasa', '2024-06-30', '11000', 'Botol', 'Botol', 1, 2, '22000', 0),
(3641, 'PO2701230013', 'OBAT-333', 'OBAT-333', 'OBH Combi 100ml jahe dewasa', '2024-07-31', '15300', 'Botol', 'Botol', 1, 2, '30600', 0),
(3642, 'PO2701230013', 'OBAT-334', 'OBAT-334', 'OBH Combi 100ml madu dewasa', '2024-06-30', '15300', 'Botol', 'Botol', 1, 2, '30600', 0),
(3643, 'PO2701230013', 'OBAT-335', 'OBAT-335', 'OBH Combi 60ml madu dewasa', '2024-06-30', '11000', 'Botol', 'Botol', 1, 2, '22000', 0),
(3644, 'PO2701230013', 'OBAT-336', 'OBAT-336', 'OBH Combi antitusive 60ml ', '2024-07-31', '12784', 'Botol', 'Botol', 1, 2, '25568', 0),
(3645, 'PO2701230013', 'OBAT-337', 'OBAT-337', 'Vick 44 dewasa 100ml', '2024-06-30', '21962', 'Botol', 'Botol', 1, 2, '43924', 0),
(3646, 'PO2701230013', 'OBAT-338', 'OBAT-338', 'Komix herbal jahe sach ', '2024-01-31', '1415', 'PCS', 'PCS', 1, 6, '8490', 0),
(3647, 'PO2701230013', 'OBAT-339', 'OBAT-339', 'Komix herbal jeruk nipis', '2024-02-29', '1415', 'PCS', 'PCS', 1, 6, '8490', 0),
(3648, 'PO2701230013', 'OBAT-340', 'OBAT-340', 'Komix herbal lemon ', '2024-01-31', '1360', 'PCS', 'PCS', 1, 4, '5440', 0),
(3649, 'PO2701230013', 'OBAT-341', 'OBAT-341', 'Renovit gold strip', '2024-03-31', '10629', 'PCS', 'PCS', 1, 3, '31887', 0),
(3650, 'PO2701230013', 'OBAT-342', 'OBAT-342', 'Safecare euca kayu putih rool on ', '2026-07-01', '11628', 'PCS', 'PCS', 1, 2, '23256', 0),
(3651, 'PO2701230013', 'OBAT-343', 'OBAT-343', 'Safecare strong aromatherapy ', '2025-04-01', '13566', 'PCS', 'PCS', 1, 2, '27132', 0),
(3652, 'PO2701230013', 'OBAT-345', 'OBAT-345', 'Momilen nursing ', '2025-06-30', '22727', 'Tube', 'Tube', 1, 1, '22727', 0),
(3653, 'PO2701230013', 'OBAT-346', 'OBAT-346', 'Momilen diaper baby', '2025-08-31', '22727', 'Tube', 'Tube', 1, 1, '22727', 0),
(3659, 'PO3001230014', 'OBAT-347', 'OBAT-347', 'Metronidazole tablet 500mg ', '2026-09-30', '2508', 'Tablet', 'Tablet', 1, 10, '25080', 0),
(3660, 'PO3001230014', 'OBAT-348', 'OBAT-348', 'Attapulgit tab ', '2024-09-30', '2923', 'Tablet', 'Tablet', 1, 10, '29230', 0),
(3661, 'PO3001230014', 'OBAT-349', 'OBAT-349', 'Furosemide 40mg ', '2024-11-30', '2536', 'Tablet', 'Tablet', 1, 10, '25360', 0),
(3662, 'PO3001230014', 'OBAT-350', 'OBAT-350', 'Roverton kap', '2026-10-31', '1765', 'Kapsul', 'Kapsul', 1, 10, '17650', 0),
(3663, 'PO3001230014', 'OBAT-351', 'OBAT-351', 'Polysilane susp 100ml ', '2025-07-31', '10000', 'Botol', 'Botol', 1, 2, '20000', 0),
(3664, 'PO3001230014', 'OBAT-352', 'OBAT-352', 'Polysilane tablet ', '2024-07-31', '7600', 'PCS', 'PCS', 1, 5, '38000', 0),
(3665, 'PO3001230014', 'OBAT-353', 'OBAT-353', 'Proris susp forte', '2024-08-31', '27000', 'Botol', 'Botol', 1, 2, '54000', 0),
(3666, 'PO3001230014', 'OBAT-356', 'OBAT-356', 'Paratusin tab', '2024-10-31', '12233', 'Tablet', 'Tablet', 1, 20, '244660', 0),
(3673, 'PO3001230015', 'OBAT-355', 'OBAT-355', 'Bodrex migra ', '2025-09-30', '2050', 'Tablet', 'Tablet', 1, 25, '51250', 0),
(3674, 'PO3001230015', 'KOS-237', 'KOS-237', 'Caladine powder active fresh ', '2027-06-30', '9990', 'Botol', 'Botol', 1, 1, '9990', 0),
(3675, 'PO3001230015', 'KOS-238', 'KOS-238', 'Caladine powder soft comfort ', '2027-05-31', '9990', 'Botol', 'Botol', 1, 1, '9990', 0),
(3676, 'PO3001230015', 'OBAT-356', 'OBAT-356', 'Cavicur tab ', '2025-04-30', '5800', 'Tablet', 'Tablet', 1, 10, '58000', 0),
(3677, 'PO3001230015', 'OBAT-357', 'OBAT-357', 'Glucosamine mpl ', '2027-03-31', '11766', 'Tablet', 'Tablet', 1, 10, '117660', 0),
(3678, 'PO3001230015', 'OBAT-358', 'OBAT-358', 'Neuralgin rhema cap', '2024-06-30', '7992', ' Kapsul', 'Kapsul', 1, 10, '79920', 0),
(3679, 'PO3001230015', 'KOS-239', 'KOS-239', 'Parasol spf 30 100gr ', '2025-05-31', '117105', 'Botol', 'Botol', 1, 1, '117105', 0),
(3680, 'PO3001230015', 'KOS-240', 'KOS-240', 'Parasol spf 30 50gr ', '2024-01-31', '64380', 'Botol', 'Botol', 1, 1, '64380', 0),
(3681, 'PO3001230015', 'OBAT-359', 'OBAT-359', 'Sanadryl expect syr 60ml ', '2024-08-31', '12820', 'Botol', 'Botol', 1, 2, '25640', 0),
(3682, 'PO3001230015', 'KOS-241', 'KOS-241', 'Sensodyne cool gel 100gr ', '2024-01-31', '28971', 'Tube', 'Tube', 1, 1, '28971', 0),
(3683, 'PO3001230015', 'KOS-242', 'KOS-242', 'Sensodyne F mint 100gr ', '2025-02-28', '28971', 'Tube', 'Tube', 1, 1, '28971', 0),
(3684, 'PO3001230015', 'KOS-243', 'KOS-243', 'Sensodyne gen white 100gr ', '2024-10-31', '31413', 'Tube', 'Tube', 1, 1, '31413', 0),
(3685, 'PO3001230015', 'OBAT-360', 'OBAT-360', 'Gemfibrozil 300mg tab ', '2026-03-31', '4440', 'Kapsul', 'Kapsul', 1, 10, '44400', 0),
(3686, 'PO3001230015', 'OBAT-361', 'OBAT-361', 'Spironalactone 25mg ', '2024-05-31', '3495', 'Tablet', 'Tablet', 1, 10, '34950', 0),
(3692, 'PO3001230016', 'OBAT-362', 'OBAT-362', 'Decadryl exp 120ml ', '2025-08-31', '17520', 'Botol', 'Botol', 1, 1, '17520', 0),
(3693, 'PO3001230016', 'OBAT-363', 'OBAT-363', 'Decadryl exp 60ml ', '2025-10-31', '13578', 'Botol', 'Botol', 1, 1, '13578', 0),
(3694, 'PO3001230016', 'OBAT-364', 'OBAT-364', 'Lansoprazole ', '2024-10-31', '5602', 'Tablet', 'Tablet', 1, 2, '11204', 0),
(3695, 'PO3001230016', 'OBAT-365', 'OBAT-365', 'Bisoprolol 5mg ', '2025-11-30', '1622', 'Tablet', 'Tablet', 1, 5, '8110', 0),
(3696, 'PO3001230016', 'OBAT-366', 'OBAT-366', 'Nifedipine 10mg ', '2026-10-31', '1567', 'Tablet', 'Tablet', 1, 10, '15670', 0),
(3697, 'PO3001230016', 'OBAT-367', 'OBAT-367', 'Cotrimoxazole tablet', '2026-09-30', '2214', 'Tablet', 'Tablet', 1, 10, '22140', 0),
(3698, 'PO3001230016', 'OBAT-368', 'OBAT-368', 'Asifit ', '2024-06-30', '21133', 'Kapsul', 'Kapsul', 1, 3, '63399', 0),
(3699, 'PO3001230016', 'OBAT-369', 'OBAT-369', 'Glimepiride 1mg ', '2025-06-30', '1784', 'Tablet', 'Tablet', 1, 10, '17840', 0),
(3700, 'PO3001230016', 'OBAT-370', 'OBAT-370', 'Glimepiride 3mg ', '2025-05-31', '2759', 'Tablet', 'Tablet', 1, 10, '27590', 0),
(3701, 'PO3001230016', 'OBAT-371', 'OBAT-371', 'Glimepiride 4mg ', '2025-04-30', '2919', 'Tablet', 'Tablet', 1, 10, '29190', 0),
(3705, 'PO3101230017', 'ALKES-58', 'ALKES-58', 'Masker KN 95 Pro ', '2030-12-31', '10000', 'PCS', 'PCS', 1, 4, '40000', 0),
(3706, 'PO3101230017', 'ALKES-59', 'ALKES-59', 'Masker KF 94', '2030-12-31', '10000', 'PCS', 'PCS', 1, 5, '50000', 0),
(3707, 'PO3101230017', 'ALKES-60', 'ALKES-60', 'Masker Duckbil care warna ', '2030-12-31', '1775', 'PCS', 'PCS', 1, 33, '58575', 0),
(3924, 'PO0202230018', 'OBAT-372', 'OBAT-372', 'Minyak telon lang 100ml ', '2025-07-31', '23083', 'Botol', 'Botol', 1, 2, '46166', 0),
(3925, 'PO0202230018', 'OBAT-373', 'OBAT-373', 'Minyak telon lang plus 150ml ', '2027-04-30', '33417', 'Botol', 'Botol', 1, 1, '33417', 0),
(3926, 'PO0202230018', 'OBAT-374', 'OBAT-374', 'Minyak telon lang plus 30ml ', '2027-07-31', '8334', 'Botol', 'Botol', 1, 1, '8334', 0),
(3927, 'PO0202230018', 'OBAT-375', 'OBAT-375', 'Minyak telon lang plus 100ml ', '2027-07-31', '23666', 'Botol', 'Botol', 1, 1, '23666', 0),
(3928, 'PO0202230018', 'OBAT-376', 'OBAT-376', 'Minyak telon lang plus 60ml ', '2027-11-30', '14666', 'Botol', 'Botol', 1, 1, '14666', 0),
(3929, 'PO0202230018', 'OBAT-377', 'OBAT-377', 'Minyak telon lang plus 15ml ', '2027-12-31', '4663', 'Botol', 'Botol', 1, 1, '4663', 0),
(3930, 'PO0202230018', 'OBAT-378', 'OBAT-378', 'My baby eucalyp 150ml ', '2024-11-30', '30000', 'Botol', 'Botol', 1, 2, '60000', 0),
(3931, 'PO0202230018', 'OBAT-379', 'OBAT-379', 'My baby eucalyp 90ml ', '2024-11-30', '18800', 'Botol', 'Botol', 1, 2, '37600', 0),
(3932, 'PO0202230018', 'OBAT-380', 'OBAT-380', 'Nourish skin ultimate ', '2025-03-31', '120000', 'PCS', 'PCS', 1, 1, '120000', 0),
(3933, 'PO0202230018', 'OBAT-381', 'OBAT-381', 'Nourish skin kecil ', '2025-04-30', '109000', 'PCS', 'PCS', 1, 1, '109000', 0),
(3934, 'PO0202230018', 'OBAT-382', 'OBAT-382', 'My baby telon plus 90ml orange ', '2024-09-30', '21000', 'Botol', 'Botol', 1, 1, '21000', 0),
(3935, 'PO0202230018', 'OBAT-383', 'OBAT-383', 'My baby lavender 60ml ungu', '2024-06-30', '14000', 'Botol', 'Botol', 1, 2, '28000', 0),
(3936, 'PO0202230018', 'OBAT-384', 'OBAT-384', 'My baby lavender 90ml ungu', '2024-06-30', '19000', 'Botol', 'Botol', 1, 2, '38000', 0),
(3937, 'PO0202230018', 'OBAT-385', 'OBAT-385', 'My baby telon plus 60ml', '2024-07-31', '15900', 'Botol', 'Botol', 1, 1, '15900', 0),
(3938, 'PO0202230018', 'OBAT-386', 'OBAT-386', 'My baby telon plus 150ml', '2024-09-30', '34000', 'Botol', 'Botol', 1, 1, '34000', 0),
(3939, 'PO0202230018', 'OBAT-387', 'OBAT-387', 'My baby lavender 150ml ungu', '2024-10-31', '30000', 'Botol', 'Botol', 1, 2, '60000', 0),
(3940, 'PO0202230018', 'OBAT-388', 'OBAT-388', 'Lactulose syr 60ml ', '2024-08-31', '28400', 'Botol', 'Botol', 1, 1, '28400', 0),
(3941, 'PO0202230018', 'OBAT-389', 'OBAT-389', 'Loratadine 10mg tab ', '2027-05-31', '3025', 'Strip', 'Strip', 1, 5, '15125', 0),
(3942, 'PO0202230018', 'OBAT-390', 'OBAT-390', 'Genoint salep mata ', '2024-11-30', '7167', 'Tube', 'Tube', 1, 2, '14334', 0),
(3943, 'PO0202230018', 'OBAT-391', 'OBAT-391', 'Omepros mini cap ', '2025-07-31', '22500', 'PCS', 'PCS', 1, 1, '22500', 0),
(3944, 'PO0202230018', 'OBAT-392', 'OBAT-392', 'Praxion drops 100mg', '2024-11-30', '23200', 'Botol', 'Botol', 1, 1, '23200', 0),
(3945, 'PO0202230018', 'OBAT-393', 'OBAT-393', 'OBH Berlico jeruk nipis ', '2024-05-31', '7000', 'Botol', 'Botol', 1, 2, '14000', 0),
(3946, 'PO0202230018', 'OBAT-394', 'OBAT-394', 'Tempra syr anggur 60ml ', '2024-04-30', '38600', 'Botol', 'Botol', 1, 1, '38600', 0),
(3947, 'PO0202230018', 'OBAT-395', 'OBAT-395', 'Tempra syr anggur 30ml ', '2024-05-31', '20200', 'Botol', 'Botol', 1, 2, '40400', 0),
(3948, 'PO0202230018', 'OBAT-396', 'OBAT-396', 'Vosea syrup 30ml', '2025-07-31', '5392', 'Botol', 'Botol', 1, 1, '5392', 0),
(3949, 'PO0202230018', 'OBAT-397', 'OBAT-397', 'Paracetamol tab 50mg ', '2025-10-31', '1900', 'Strip', 'Strip', 1, 10, '19000', 0),
(3950, 'PO0202230018', 'OBAT-398', 'OBAT-398', 'Kalpanak cream 5gr', '2024-06-30', '10909', 'Tube', 'Tube', 1, 1, '10909', 0),
(3951, 'PO0202230018', 'OBAT-399', 'OBAT-399', 'Voltadex gel', '2024-07-31', '20500', 'Tube', 'Tube', 1, 2, '41000', 0),
(3952, 'PO0202230018', 'OBAT-400', 'OBAT-400', 'Kanna whitening 30gr ', '2024-10-31', '19100', 'Tube', 'Tube', 1, 1, '19100', 0),
(3953, 'PO0202230018', 'OBAT-401', 'OBAT-401', 'Kanna whitening 15gr ', '2026-11-30', '11082', 'Tube', 'Tube', 1, 1, '11082', 0),
(3954, 'PO0202230018', 'OBAT-402', 'OBAT-402', 'GPU Krim hot lang 120gr', '2024-09-30', '13645', 'Botol', 'Botol', 1, 1, '13645', 0),
(3955, 'PO0202230018', 'OBAT-403', 'OBAT-403', 'Krim GPU 60gr', '2025-09-30', '7533', 'PCS', 'PCS', 1, 1, '7533', 0),
(3956, 'PO0202230018', 'OBAT-404', 'OBAT-404', 'Krim GPU 150gr', '2025-09-30', '14584', 'PCS', 'PCS', 1, 1, '14584', 0),
(3957, 'PO0202230018', 'OBAT-405', 'OBAT-405', 'Erymed cream 20gr', '2023-10-31', '28700', 'Tube', 'Tube', 1, 1, '28700', 0),
(3958, 'PO0202230018', 'OBAT-406', 'OBAT-406', 'Synalten cream 5gr', '2025-08-31', '4384', 'Tube', 'Tube', 1, 2, '8768', 0),
(3959, 'PO0202230018', 'OBAT-407', 'OBAT-407', 'Kalmicetine salep kulit 15gr ', '2024-06-30', '13000', 'Tube', 'Tube', 1, 2, '26000', 0),
(3960, 'PO0202230018', 'OBAT-408', 'OBAT-408', 'Melanox cream 15gr', '2025-03-31', '30000', 'Tube', 'Tube', 1, 1, '30000', 0),
(3961, 'PO0202230018', 'OBAT-409', 'OBAT-409', 'Kloderma cream 5gr', '2025-11-30', '22450', 'Tube', 'Tube', 1, 1, '22450', 0),
(3962, 'PO0202230018', 'OBAT-410', 'OBAT-410', 'Candasartan 8mg', '2025-05-31', '11250', 'Strip', 'Strip', 1, 3, '33750', 0),
(3963, 'PO0202230018', 'OBAT-411', 'OBAT-411', 'Bedak salicyl ', '2026-08-31', '6532', 'Botol', 'Botol', 1, 1, '6532', 0),
(3964, 'PO0202230018', 'OBAT-412', 'OBAT-412', 'Fasidol Kaplet ', '2026-10-31', '2285', 'Strip', 'Strip', 1, 10, '22850', 0),
(3965, 'PO0202230018', 'OBAT-413', 'OBAT-413', 'Mefinal 500mg ', '2024-08-31', '14000', 'Strip', 'Strip', 1, 10, '140000', 0),
(3966, 'PO0202230018', 'OBAT-414', 'OBAT-414', 'Vosea tablet 10mg', '2026-03-31', '1850', 'Strip', 'Strip', 1, 10, '18500', 0),
(3967, 'PO0202230019', 'OBAT-415', 'OBAT-415', 'CBR Serbuk pk', '2026-10-31', '5182', 'Botol', 'Botol', 1, 2, '10364', 0),
(3968, 'PO0202230019', 'OBAT-416', 'OBAT-416', 'Anakonidin syr 30ml ', '2025-08-31', '6050', 'Botol', 'Botol', 1, 2, '12100', 0),
(3969, 'PO0202230019', 'OBAT-417', 'OBAT-417', 'Anakonidin syr 60ml ', '2025-10-31', '9990', 'Botol', 'Botol', 1, 2, '19980', 0),
(3970, 'PO0202230019', 'OBAT-418', 'OBAT-418', 'Anakonidin OBH 30ml ', '2024-10-31', '6650', 'Botol', 'Botol', 1, 2, '13300', 0),
(3971, 'PO0202230019', 'OBAT-419', 'OBAT-419', 'Anakonidin OBH 60ml ', '2024-10-31', '10890', 'Botol', 'Botol', 1, 2, '21780', 0),
(3972, 'PO0202230019', 'OBAT-420', 'OBAT-420', 'Intunal syr 60ml', '2025-09-30', '20000', 'Botol', 'Botol', 1, 1, '20000', 0),
(3982, 'PO0202230021', 'OBAT-421', 'OBAT-421', 'Citikoline 500mg', '2026-07-31', '44444', 'Strip', 'Strip', 1, 3, '133332', 0),
(3983, 'PO0202230021', 'OBAT-422', 'OBAT-422', 'Laxama tab 100', '2026-11-30', '2383', 'Botol', 'Botol', 1, 10, '23830', 0),
(3984, 'PO0202230021', 'OBAT-423', 'OBAT-423', 'Ester c holisticare str 12', '2024-12-31', '5250', 'Strip', 'Strip', 1, 12, '63000', 0),
(3985, 'PO1701230003', 'OBAT', 'OBAT', 'Adem Sari', '2023-06-24', '1818', 'PCS', 'PCS', 1, 24, '43632', 0),
(3986, 'PO1701230003', 'OBAT-01', 'OBAT-01', 'Ambeven', '2024-11-01', '15000', 'PCS', 'PCS', 1, 3, '45000', 0),
(3987, 'PO1701230003', 'OBAT-02', 'OBAT-02', 'Antangin cair dewasa', '2023-12-01', '2727', 'PCS', 'PCS', 1, 2, '5454', 0),
(3988, 'PO1701230003', 'OBAT-03', 'OBAT-03', 'Antimo Anak ', '2023-09-01', '1300', 'PCS', 'PCS', 1, 10, '13000', 0),
(3989, 'PO1701230003', 'OBAT-04', 'OBAT-04', 'Sabun Asepso', '2024-10-21', '6750', 'PCS', 'PCS', 1, 2, '13500', 0),
(3990, 'PO1701230003', 'OBAT-05', 'OBAT-05', 'Balm lang 10gr', '2026-09-01', '4500', 'Botol', 'Botol', 1, 3, '13500', 0),
(3991, 'PO1701230003', 'OBAT-06', 'OBAT-06', 'Balm lang 20gr', '2026-12-01', '7750', 'Botol', 'Botol', 1, 3, '23250', 0),
(3992, 'PO1701230003', 'OBAT-07', 'OBAT-07', 'Becom-zet', '2023-07-01', '23700', 'Kapsul', 'Kapsul', 1, 5, '118500', 0),
(3993, 'PO1701230003', 'OBAT-08', 'OBAT-08', 'Beruang minyak (Polar Bear)', '2025-08-01', '25500', 'Botol', 'Botol', 1, 2, '51000', 0),
(3994, 'PO1701230003', 'OBAT-09', 'OBAT-09', 'Betadine salep 5gr', '2024-02-01', '11750', 'Tube', 'Tube', 1, 3, '35250', 0),
(3995, 'PO1701230003', 'OBAT-10', 'OBAT-10', 'Bodrex', '2026-11-01', '3625', 'Tablet', 'Tablet', 1, 4, '14500', 0),
(3996, 'PO1701230003', 'OBAT-11', 'OBAT-11', 'Bodrex extra', '2024-12-01', '1880', 'Tablet', 'Tablet', 1, 22, '41360', 0),
(3997, 'PO1701230003', 'OBAT-12', 'OBAT-12', 'Bodrex flu batuk ', '2024-12-01', '1680', 'Tablet', 'Tablet', 1, 21, '35280', 0),
(3998, 'PO1701230003', 'OBAT-13', 'OBAT-13', 'Caladin Lotion', '2023-11-01', '14000', 'PCS', 'PCS', 1, 2, '28000', 0),
(3999, 'PO1701230003', 'OBAT-14', 'OBAT-14', 'Caladin talk', '2023-11-01', '10500', 'PCS', 'PCS', 1, 1, '10500', 0),
(4000, 'PO1701230003', 'OBAT-15', 'OBAT-15', 'Combatrin 125', '2025-07-01', '15000', 'Tablet', 'Tablet', 1, 3, '45000', 0),
(4001, 'PO1701230003', 'OBAT-16', 'OBAT-16', 'Combatrin 250', '2025-06-01', '15000', 'Tablet', 'Tablet', 1, 2, '30000', 0),
(4002, 'PO1701230003', 'OBAT-17', 'OBAT-17', 'Combatrin sirup', '2024-08-01', '17500', 'Botol', 'Botol', 1, 3, '52500', 0),
(4003, 'PO1701230003', 'OBAT-105', 'OBAT-105', 'Counterpain ', '2023-11-01', '24750', 'Tube', 'Tube', 1, 3, '74250', 0),
(4004, 'PO1701230003', 'OBAT-19', 'OBAT-19', 'Curcuma plus 60ml', '2023-12-01', '13500', 'Botol', 'Botol', 1, 1, '13500', 0),
(4005, 'PO1701230003', 'KOS-221', 'KOS-221', 'Cusson Tisu 10 all', '2024-09-01', '5000', 'PCS', 'PCS', 1, 3, '15000', 0),
(4006, 'PO1701230003', 'KOS-222', 'KOS-222', 'Cusson Tisu 50 all', '2025-01-01', '9000', 'PCS', 'PCS', 1, 3, '27000', 0),
(4007, 'PO1701230003', 'OBAT-20', 'OBAT-20', 'Daktarin', '2024-07-01', '24000', 'Tube', 'Tube', 1, 3, '72000', 0),
(4008, 'PO1701230003', 'KOS-223', 'KOS-223', 'Dettol sabun batang', '2023-11-01', '5700', 'PCS', 'PCS', 1, 1, '5700', 0),
(4009, 'PO1701230003', 'OBAT-21', 'OBAT-21', 'Diapet ', '2024-11-01', '4208', 'Tablet', 'Tablet', 1, 8, '33664', 0),
(4010, 'PO1701230003', 'KOS-224', 'KOS-224', 'Dove roll on ', '2023-05-01', '20500', 'PCS', 'PCS', 1, 2, '41000', 0),
(4011, 'PO1701230003', 'OBAT-22', 'OBAT-22', 'Dulcolax', '2024-06-01', '8500', 'PCS', 'PCS', 1, 5, '42500', 0),
(4012, 'PO1701230003', 'OBAT-23', 'OBAT-23', 'Em Kapsul ', '2025-08-01', '14500', 'Kapsul', 'Kapsul', 1, 3, '43500', 0),
(4013, 'PO1701230003', 'OBAT-24', 'OBAT-24', 'Entrostop anak ', '2025-10-01', '1800', 'PCS', 'PCS', 1, 24, '43200', 0),
(4014, 'PO1701230003', 'OBAT-25', 'OBAT-25', 'Entrostop dewasa ', '2026-10-01', '6375', 'PCS', 'PCS', 1, 6, '38250', 0),
(4015, 'PO1701230003', 'OBAT-26', 'OBAT-26', 'Ever E 12 New', '2023-11-01', '13000', 'Tablet', 'Tablet', 1, 1, '13000', 0),
(4016, 'PO1701230003', 'OBAT-27', 'OBAT-27', 'Fitkom tab ', '2023-10-01', '12750', 'Tablet', 'Tablet', 1, 3, '38250', 0),
(4017, 'PO1701230003', 'OBAT-28', 'OBAT-28', 'Frescare rool ', '2024-09-01', '10200', 'PCS', 'PCS', 1, 2, '20400', 0),
(4018, 'PO1701230003', 'OBAT-29', 'OBAT-29', 'Geliga 10gr', '2026-11-01', '4417', 'Botol', 'Botol', 1, 3, '13251', 0),
(4019, 'PO1701230003', 'OBAT-30', 'OBAT-30', 'Geliga 20gr', '2027-01-01', '7750', 'Botol', 'Botol', 1, 2, '15500', 0),
(4020, 'PO1701230003', 'OBAT-31', 'OBAT-31', 'Geliga cream 30ml', '2023-04-01', '14751', 'Tube', 'Tube', 1, 3, '44253', 0),
(4021, 'PO1701230003', 'OBAT-32', 'OBAT-32', 'GPU Sereh ', '2027-02-01', '8167', 'Botol', 'Botol', 1, 3, '24501', 0),
(4022, 'PO1701230003', 'OBAT-33', 'OBAT-33', 'Hemaviton action ', '2024-12-01', '6250', 'Kapsul', 'Kapsul', 1, 3, '18750', 0),
(4023, 'PO1701230003', 'OBAT-34', 'OBAT-34', 'Hemaviton stamina ', '2024-09-01', '6000', 'Kapsul', 'Kapsul', 1, 2, '12000', 0),
(4024, 'PO1701230003', 'OBAT-35', 'OBAT-35', 'Herocin ', '2026-11-01', '10000', 'PCS', 'PCS', 1, 2, '20000', 0),
(4025, 'PO1701230003', 'OBAT-36', 'OBAT-36', 'Hot cream 60ml', '2025-02-01', '11500', 'Botol', 'Botol', 1, 1, '11500', 0),
(4026, 'PO1701230003', 'OBAT-37', 'OBAT-37', 'Hufagrip tmp (merah)', '2025-01-01', '14400', 'Botol', 'Botol', 1, 3, '43200', 0),
(4027, 'PO1701230003', 'OBAT-38', 'OBAT-38', 'Hufagrip bp (Hijau)', '2026-01-01', '16500', 'Botol', 'Botol', 1, 3, '49500', 0),
(4028, 'PO1701230003', 'OBAT-39', 'OBAT-39', 'Hufagrip flu (kuning)', '2025-02-01', '18500', 'Botol', 'Botol', 1, 3, '55500', 0),
(4029, 'PO1701230003', 'OBAT-40', 'OBAT-40', 'Hufagrip pilek (biru)', '2025-01-01', '14500', 'Botol', 'Botol', 1, 3, '43500', 0),
(4030, 'PO1701230003', 'OBAT-41', 'OBAT-41', 'Insto ', '2025-12-01', '11500', 'Botol', 'Botol', 1, 2, '23000', 0),
(4031, 'PO1701230003', 'OBAT-42', 'OBAT-42', 'Kanna cream ', '2024-09-01', '8500', 'Tube', 'Tube', 1, 1, '8500', 0),
(4032, 'PO1701230003', 'OBAT-43', 'OBAT-43', 'Kapak 10ml', '2026-12-01', '14000', 'Botol', 'Botol', 1, 3, '42000', 0),
(4033, 'PO1701230003', 'OBAT-44', 'OBAT-44', 'Kapak 14ml', '2026-11-01', '18600', 'Botol', 'Botol', 1, 3, '55800', 0),
(4034, 'PO1701230003', 'OBAT-45', 'OBAT-45', 'Kapak 28ml', '2027-01-01', '31750', 'Botol', 'Botol', 1, 3, '95250', 0),
(4035, 'PO1701230003', 'OBAT-46', 'OBAT-46', 'Kapak 3ml', '2026-06-01', '5250', 'Botol', 'Botol', 1, 2, '10500', 0),
(4036, 'PO1701230003', 'OBAT-47', 'OBAT-47', 'Kapak 5ml', '2026-08-01', '8800', 'Botol', 'Botol', 1, 3, '26400', 0),
(4037, 'PO1701230003', 'KOS-225', 'KOS-225', 'Kapas Selection', '2025-01-01', '4850', 'PCS', 'PCS', 1, 3, '14550', 0),
(4038, 'PO1701230003', 'KOS-226', 'KOS-226', 'Kassa kotak bunda ', '2025-01-01', '6500', 'Botol', 'Botol', 1, 3, '19500', 0),
(4039, 'PO1701230003', 'OBAT-48', 'OBAT-48', 'Komix ', '2023-11-01', '1317', 'PCS', 'PCS', 1, 60, '79020', 0),
(4040, 'PO1701230003', 'OBAT-49', 'OBAT-49', 'Konicare minyak telon 30ml', '2024-08-01', '11100', 'Botol', 'Botol', 1, 3, '33300', 0),
(4041, 'PO1701230003', 'OBAT-50', 'OBAT-50', 'Konicare minyak telon plus  30ml', '2024-09-01', '12500', 'Botol', 'Botol', 1, 2, '25000', 0),
(4042, 'PO1701230003', 'OBAT-51', 'OBAT-51', 'Konidin ', '2024-12-01', '1960', 'Tablet', 'Tablet', 1, 19, '37240', 0),
(4043, 'PO1701230003', 'OBAT-52', 'OBAT-52', 'Kool fever kids biru', '2025-01-01', '5840', 'PCS', 'PCS', 1, 11, '64240', 0),
(4044, 'PO1701230003', 'OBAT-53', 'OBAT-53', 'Koyo cabe ', '2026-01-01', '9750', 'PCS', 'PCS', 1, 4, '39000', 0),
(4045, 'PO1701230003', 'OBAT-54', 'OBAT-54', 'Larutan botol cap kaki badak ', '2026-12-01', '3000', 'Botol', 'Botol', 1, 6, '18000', 0),
(4046, 'PO1701230003', 'OBAT-55', 'OBAT-55', 'Laserin 30ml', '2025-02-01', '4750', 'Botol', 'Botol', 1, 3, '14250', 0),
(4047, 'PO1701230003', 'OBAT-56', 'OBAT-56', 'Laserin madu 30ml', '2026-01-01', '6000', 'Botol', 'Botol', 1, 3, '18000', 0),
(4048, 'PO1701230003', 'OBAT-57', 'OBAT-57', 'Listerin 100ml', '2024-10-01', '8500', 'Botol', 'Botol', 1, 3, '25500', 0),
(4049, 'PO1701230003', 'OBAT-58', 'OBAT-58', 'Madu Rasa', '2025-01-01', '729', 'PCS', 'PCS', 1, 12, '8748', 0),
(4050, 'PO1701230003', 'KOS-227', 'KOS-227', 'Marcks (powder)', '2026-09-01', '14000', 'PCS', 'PCS', 1, 2, '28000', 0),
(4051, 'PO1701230003', 'OBAT-59', 'OBAT-59', 'Madu Tj kurma', '2024-08-01', '15000', 'Botol', 'Botol', 1, 6, '90000', 0),
(4052, 'PO1701230003', 'OBAT-60', 'OBAT-60', 'Microlax', '2023-11-01', '20000', 'PCS', 'PCS', 1, 3, '60000', 0),
(4053, 'PO1701230003', 'OBAT-61', 'OBAT-61', 'Mylanta ', '2023-09-01', '7000', 'Tablet', 'Tablet', 1, 2, '14000', 0),
(4054, 'PO1701230003', 'OBAT-62', 'OBAT-62', 'Milton kaleng ', '2024-01-01', '6167', 'PCS', 'PCS', 1, 11, '67837', 0),
(4055, 'PO1701230003', 'OBAT-63', 'OBAT-63', 'MKP Lang 120ml ', '2027-02-01', '35584', 'Botol', 'Botol', 1, 2, '71168', 0),
(4056, 'PO1701230003', 'OBAT-64', 'OBAT-64', 'MKP Lang 210ml ', '2026-11-01', '65000', 'Botol', 'Botol', 1, 1, '65000', 0),
(4057, 'PO1701230003', 'OBAT-65', 'OBAT-65', 'My baby telon 60ml', '2026-10-01', '14250', 'Botol', 'Botol', 1, 1, '14250', 0),
(4058, 'PO1701230003', 'OBAT-66', 'OBAT-66', 'Neurobion pink', '2024-05-01', '36500', 'Tablet', 'Tablet', 1, 2, '73000', 0),
(4059, 'PO1701230003', 'OBAT-67', 'OBAT-67', 'OBH Combi plus anak ', '2024-02-01', '14750', 'Botol', 'Botol', 1, 1, '14750', 0),
(4060, 'PO1701230003', 'OBAT-68', 'OBAT-68', 'OBH Combi plus dewasa', '2023-12-01', '13250', 'Botol', 'Botol', 1, 3, '39750', 0),
(4061, 'PO1701230003', 'OBAT-69', 'OBAT-69', 'Oskadon ', '2024-12-01', '1560', 'Tablet', 'Tablet', 1, 23, '35880', 0),
(4062, 'PO1701230003', 'OBAT-70', 'OBAT-70', 'Pagoda pastiles new', '2025-03-01', '5250', 'PCS', 'PCS', 1, 12, '63000', 0),
(4063, 'PO1701230003', 'OBAT-71', 'OBAT-71', 'Panadol merah (extra)', '2025-01-01', '11000', 'Tablet', 'Tablet', 1, 1, '11000', 0),
(4064, 'PO1701230003', 'OBAT-72', 'OBAT-72', 'Paramex', '2024-01-01', '1980', 'Tablet', 'Tablet', 1, 25, '49500', 0),
(4065, 'PO1701230003', 'OBAT-73', 'OBAT-73', 'Povidon ', '2025-02-01', '6584', 'Botol', 'Botol', 1, 3, '19752', 0),
(4066, 'PO1701230003', 'OBAT-74', 'OBAT-74', 'Procold flu ', '2023-11-01', '3125', 'Tablet', 'Tablet', 1, 5, '15625', 0),
(4067, 'PO1701230003', 'OBAT-75', 'OBAT-75', 'Promagh ', '2024-12-01', '6500', 'Tablet', 'Tablet', 1, 1, '6500', 0),
(4068, 'PO1701230003', 'OBAT-76', 'OBAT-76', 'Rheumacyl ', '2024-12-01', '8000', 'Tablet', 'Tablet', 1, 3, '24000', 0),
(4069, 'PO1701230003', 'OBAT-77', 'OBAT-77', 'Rohto ', '2024-04-01', '10500', 'Botol', 'Botol', 1, 3, '31500', 0),
(4070, 'PO1701230003', 'OBAT-78', 'OBAT-78', 'Rohto Cool', '2024-07-01', '14000', 'Botol', 'Botol', 1, 3, '42000', 0),
(4071, 'PO1701230003', 'OBAT-79', 'OBAT-79', 'Sakatonik ABC ', '2023-12-01', '13800', 'Botol', 'Botol', 1, 3, '41400', 0),
(4072, 'PO1701230003', 'OBAT-80', 'OBAT-80', 'Sakatonik 100ml', '2023-11-01', '9900', 'Botol', 'Botol', 1, 3, '29700', 0),
(4073, 'PO1701230003', 'OBAT-81', 'OBAT-81', 'Sanmol drop ', '2023-12-01', '18500', 'Botol', 'Botol', 1, 1, '18500', 0),
(4074, 'PO1701230003', 'OBAT-82', 'OBAT-82', 'Sanmol sirup', '2023-11-01', '13750', 'Botol', 'Botol', 1, 1, '13750', 0),
(4075, 'PO1701230003', 'OBAT-83', 'OBAT-83', 'Siladex 30ml all ', '2023-12-01', '7500', 'Botol', 'Botol', 1, 6, '45000', 0),
(4076, 'PO1701230003', 'OBAT-84', 'OBAT-84', 'Sitronela', '2027-02-01', '9000', 'Botol', 'Botol', 1, 3, '27000', 0),
(4077, 'PO1701230003', 'KOS-228', 'KOS-228', 'Scarlet HB', '2023-09-01', '62500', 'Botol', 'Botol', 1, 1, '62500', 0),
(4078, 'PO1701230003', 'KOS-229', 'KOS-229', 'Scarlet Scrub ', '2023-09-01', '62500', 'Botol', 'Botol', 1, 1, '62500', 0),
(4079, 'PO1701230003', 'OBAT-85', 'OBAT-85', 'Tawon cc ', '2026-12-01', '18792', 'Botol', 'Botol', 1, 3, '56376', 0),
(4080, 'PO1701230003', 'OBAT-86', 'OBAT-86', 'Telon lang 30ml', '2026-04-01', '8667', 'Botol', 'Botol', 1, 3, '26001', 0),
(4081, 'PO1701230003', 'OBAT-87', 'OBAT-87', 'Telon lang 60ml', '2026-10-01', '15250', 'Botol', 'Botol', 1, 3, '45750', 0),
(4082, 'PO1701230003', 'OBAT-88', 'OBAT-88', 'Ultraflu', '2025-02-01', '2700', 'Tablet', 'Tablet', 1, 25, '67500', 0),
(4083, 'PO1701230003', 'OBAT-89', 'OBAT-89', 'Ultrasilin salep ', '2024-01-01', '7900', 'Tube', 'Tube', 1, 3, '23700', 0),
(4084, 'PO1701230003', 'OBAT-90', 'OBAT-90', 'Vick 44 anak 27ml', '2024-01-01', '9500', 'Botol', 'Botol', 1, 2, '19000', 0),
(4085, 'PO1701230003', 'OBAT-91', 'OBAT-91', 'Vick 44 anak 54ml', '2024-01-01', '15750', 'Botol', 'Botol', 1, 3, '47250', 0),
(4086, 'PO1701230003', 'OBAT-92', 'OBAT-92', 'Vick 44 Dewasa  27ml', '2023-06-01', '9000', 'Botol', 'Botol', 1, 2, '18000', 0),
(4087, 'PO1701230003', 'OBAT-93', 'OBAT-93', 'Vick 44 Dewasa  54ml', '2023-11-01', '15500', 'Botol', 'Botol', 1, 3, '46500', 0),
(4088, 'PO1701230003', 'OBAT-94', 'OBAT-94', 'Vick Inhaler ', '2023-11-01', '15000', 'PCS', 'PCS', 1, 6, '90000', 0),
(4089, 'PO1701230003', 'OBAT-95', 'OBAT-95', 'Vick vap 25 ', '2023-05-30', '17500', 'Botol', 'Botol', 1, 3, '52500', 0),
(4090, 'PO1701230003', 'OBAT-96', 'OBAT-96', 'Vick vap 50', '2023-04-28', '29750', 'Botol', 'Botol', 1, 3, '89250', 0),
(4091, 'PO1701230003', 'OBAT-97', 'OBAT-97', 'Vidoran gummy multi', '2023-04-30', '13500', 'PCS', 'PCS', 1, 2, '27000', 0),
(4092, 'PO1701230003', 'OBAT-98', 'OBAT-98', 'Vital tetes telinga ', '2024-10-01', '13500', 'Botol', 'Botol', 1, 3, '40500', 0),
(4093, 'PO1701230003', 'OBAT-99', 'OBAT-99', 'Vitalong c ', '2024-11-01', '5680', 'Kapsul', 'Kapsul', 1, 22, '124960', 0),
(4094, 'PO1701230003', 'OBAT-100', 'OBAT-100', 'Vitamin Ipi ', '2023-12-01', '5500', 'Botol', 'Botol', 1, 12, '66000', 0),
(4095, 'PO1701230003', 'KOS-230', 'KOS-230', 'Wardah pb creamy foam+oil ', '2024-10-01', '14000', 'Tube', 'Tube', 1, 3, '42000', 0),
(4096, 'PO1701230003', 'KOS-231', 'KOS-231', 'Wardah pb creamy foam+smooting', '2024-04-01', '14000', 'Tube', 'Tube', 1, 3, '42000', 0),
(4097, 'PO1701230003', 'OBAT-101', 'OBAT-101', 'Welmove', '2025-01-01', '16000', 'Kapsul', 'Kapsul', 1, 3, '48000', 0),
(4098, 'PO1701230003', 'OBAT-102', 'OBAT-102', 'Wood att 60ml (merah)', '2024-01-01', '17000', 'Botol', 'Botol', 1, 3, '51000', 0),
(4099, 'PO1701230003', 'OBAT-103', 'OBAT-103', 'Wood exp 60ml (biru)', '2023-12-01', '17500', 'Botol', 'Botol', 1, 2, '35000', 0),
(4100, 'PO1701230003', 'OBAT-104', 'OBAT-104', 'Xonce', '2023-11-01', '1380', 'Tablet', 'Tablet', 1, 42, '57960', 0),
(4101, 'PO1701230003', 'KOS-232', 'KOS-232', 'Tesa Tissu 200', '2027-08-01', '9000', 'PCS', 'PCS', 1, 6, '54000', 0),
(4102, 'PO0802230022', 'OBAT-433', 'OBAT-433', 'Imboost force syr 60ml', '2024-04-30', '58750', 'Botol', 'Botol', 1, 1, '58750', 0),
(4103, 'PO0802230022', 'OBAT-434', 'OBAT-434', 'Simvastatin 10mg dexa', '2025-03-31', '4664', 'Strip', 'Strip', 1, 10, '46640', 0),
(4104, 'PO0202230020', 'OBAT-424', 'OBAT-424', 'Callusol lotion fahrenheit ', '2024-09-30', '26000', 'Strip', 'Strip', 1, 1, '26000', 0),
(4105, 'PO0202230020', 'OBAT-425', 'OBAT-425', 'Tropicana slim diabtx 100', '2025-06-30', '70000', 'Box', 'Box', 1, 1, '70000', 0),
(4106, 'PO0202230020', 'OBAT-426', 'OBAT-426', 'Tropicana slim diabtx 50', '2025-07-31', '39000', 'Box', 'Box', 1, 1, '39000', 0),
(4107, 'PO0202230020', 'OBAT-427', 'OBAT-427', 'Betadine feminine hygiene 60ml ', '2024-05-31', '30400', 'Botol', 'Botol', 1, 2, '60800', 0),
(4108, 'PO0202230020', 'OBAT-428', 'OBAT-428', 'Tempra forte anggur 30ml ', '2024-03-31', '22500', 'Botol', 'Botol', 1, 1, '22500', 0),
(4109, 'PO0202230020', 'OBAT-429', 'OBAT-429', 'Tempra drop straw 15ml', '2024-04-30', '41500', 'Botol', 'Botol', 1, 1, '41500', 0),
(4110, 'PO0202230020', 'OBAT-430', 'OBAT-430', 'Mylanta sirup 150ml ', '2025-03-31', '33059', 'Botol', 'Botol', 1, 1, '33059', 0),
(4111, 'PO0202230020', 'OBAT-431', 'OBAT-431', 'Tempra drop anggur 15ml', '2024-03-31', '41500', 'Botol', 'Botol', 1, 1, '41500', 0),
(4112, 'PO0202230020', 'OBAT-432', 'OBAT-432', 'Mylanta sirup 50ml ', '2025-05-31', '12290', 'Botol', 'Botol', 1, 2, '24580', 0),
(4117, 'PO0802230023', 'ALKES-61', 'ALKES-61', 'Alkohol swab ', '2027-11-30', '500', 'PCS', 'PCS', 1, 300, '150000', 0),
(4118, 'PO0802230023', 'ALKES-62', 'ALKES-62', 'Strip gula darah nesco', '2024-08-31', '4000', 'PCS', 'PCS', 1, 25, '100000', 0),
(4119, 'PO0802230023', 'ALKES-63', 'ALKES-63', 'Strip asam urat nesco', '2024-04-30', '4000', 'PCS', 'PCS', 1, 25, '100000', 0),
(4120, 'PO0802230023', 'ALKES-64', 'ALKES-64', 'Strip kolesterol nesco', '2024-09-30', '16400', 'PCS', 'PCS', 1, 10, '164000', 0),
(4121, 'PO0802230023', 'ALKES-65', 'ALKES-65', 'Leukoplast 2,5cm x 4,5m', '2027-01-31', '21500', 'PCS', 'PCS', 1, 1, '21500', 0),
(4122, 'PO0802230023', 'ALKES-66', 'ALKES-66', 'Leukoplast 1,25cm x 4,5m', '2027-05-31', '11500', 'PCS', 'PCS', 1, 2, '23000', 0),
(4123, 'PO1901230006', 'OBAT-150', 'OBAT-150', 'Fitkom gummy fruit & veggie ', '2023-10-31', '13600', 'Box', 'Box', 1, 1, '13600', 0),
(4124, 'PO1901230006', 'OBAT-151', 'OBAT-151', 'Carmed cr 10 40gr', '2025-07-31', '32500', 'Tube', 'Tube', 1, 1, '32500', 0),
(4125, 'PO1901230006', 'OBAT-152', 'OBAT-152', 'Betametasone ', '2024-09-30', '2800', 'Tube', 'Tube', 1, 8, '22400', 0),
(4126, 'PO1901230006', 'OBAT-153', 'OBAT-153', 'Carmed cr 20 40gr', '2025-06-30', '41185', 'Tube', 'Tube', 1, 1, '41185', 0),
(4127, 'PO1901230006', 'OBAT-154', 'OBAT-154', 'CTM Pt pim ', '2027-07-31', '1425', 'Tablet', 'Tablet', 1, 23, '32775', 0),
(4128, 'PO1901230006', 'OBAT-155', 'OBAT-155', 'FG Troches ', '2025-05-31', '13333', 'Tablet', 'Tablet', 1, 9, '119997', 0),
(4129, 'PO1901230006', 'OBAT-156', 'OBAT-156', 'Betahistine 6mg', '2024-04-30', '8392', 'Tablet', 'Tablet', 1, 10, '83920', 0),
(4130, 'PO1901230006', 'OBAT-157', 'OBAT-157', 'Acyclovir 200mg tab', '2025-05-31', '5557', 'Tablet', 'Tablet', 1, 10, '55570', 0),
(4131, 'PO1901230006', 'OBAT-158', 'OBAT-158', 'Cimitidine 200mg ', '2024-11-30', '3873', 'Tablet', 'Tablet', 1, 10, '38730', 0),
(4132, 'PO1901230006', 'OBAT-159', 'OBAT-159', 'Clindamicin 300mg', '2025-05-31', '10650', 'Tablet', 'Tablet', 1, 5, '53250', 0),
(4133, 'PO1901230006', 'OBAT-160', 'OBAT-160', 'Acetylcystein 200mg', '2024-05-31', '10000', 'Tablet', 'Tablet', 1, 10, '100000', 0),
(4134, 'PO1901230006', 'OBAT-161', 'OBAT-161', 'MKP Lang 15ml ', '2027-05-31', '4917', 'Botol', 'Botol', 1, 2, '9834', 0),
(4135, 'PO1901230006', 'OBAT-162', 'OBAT-162', 'MKP Lang 30ml ', '2027-08-31', '9000', 'Botol', 'Botol', 1, 1, '9000', 0),
(4136, 'PO1901230006', 'OBAT-163', 'OBAT-163', 'Nebacetine powder ', '2025-08-31', '20000', 'Botol', 'Botol', 1, 3, '60000', 0),
(4137, 'PO1901230006', 'OBAT-164', 'OBAT-164', 'Scabimite cr 30gr', '2025-05-31', '77500', 'Tube', 'Tube', 1, 1, '77500', 0),
(4138, 'PO1901230006', 'OBAT-165', 'OBAT-165', 'Scabimite cr 10gr', '2025-06-30', '46500', 'Tube', 'Tube', 1, 1, '46500', 0),
(4139, 'PO1901230006', 'OBAT-166', 'OBAT-166', 'Neuropyron v tab ', '2024-08-31', '9500', 'Tablet', 'Tablet', 1, 9, '85500', 0),
(4140, 'PO1901230006', 'OBAT-167', 'OBAT-167', 'Ranitidine tab hexapram ', '2024-08-31', '2300', 'Tablet', 'Tablet', 1, 10, '23000', 0),
(4141, 'PO1901230006', 'OBAT-168', 'OBAT-168', 'Salbutamol 2mg ', '2025-05-31', '1800', 'Tablet', 'Tablet', 1, 9, '16200', 0),
(4142, 'PO1901230006', 'OBAT-169', 'OBAT-169', 'Salbutamol 4mg ', '2024-03-31', '1200', 'Tablet', 'Tablet', 1, 10, '12000', 0),
(4143, 'PO1901230006', 'OBAT-170', 'OBAT-170', 'Metformin 500mg ', '2024-08-31', '2000', 'Tablet', 'Tablet', 1, 20, '40000', 0),
(4144, 'PO1901230006', 'OBAT-171', 'OBAT-171', 'Ondansetron 4mg', '2024-05-31', '14000', 'Tablet', 'Tablet', 1, 5, '70000', 0),
(4145, 'PO1901230006', 'OBAT-172', 'OBAT-172', 'Thrombophob hijau oint', '2026-04-30', '42500', 'Tube', 'Tube', 1, 1, '42500', 0),
(4146, 'PO1901230006', 'OBAT-173', 'OBAT-173', 'Thrombophob kecil 10gr', '2026-07-31', '37500', 'Tube', 'Tube', 1, 1, '37500', 0),
(4147, 'PO1901230006', 'OBAT-174', 'OBAT-174', 'Stimuno forte kaps', '2023-08-31', '70550', 'Botol', 'Botol', 1, 2, '141100', 0),
(4148, 'PO1901230006', 'OBAT-175', 'OBAT-175', 'Transpulmin kids 20gr', '2025-06-30', '61000', 'Tube', 'Tube', 1, 1, '61000', 0),
(4149, 'PO1901230006', 'OBAT-176', 'OBAT-176', 'Thrombophob merah gel 20gr', '2026-04-30', '53500', 'Tube', 'Tube', 1, 1, '53500', 0),
(4150, 'PO1901230006', 'OBAT-177', 'OBAT-177', 'SP Troches strawbery', '2025-04-30', '9943', 'PCS', 'PCS', 1, 2, '19886', 0),
(4151, 'PO1901230006', 'OBAT-178', 'OBAT-178', 'SP Troches melon', '2025-04-30', '9943', 'PCS', 'PCS', 1, 2, '19886', 0),
(4152, 'PO1901230006', 'OBAT-179', 'OBAT-179', 'Voltadex 50mg', '2025-02-28', '4500', 'Tablet', 'Tablet', 1, 2, '9000', 0),
(4153, 'PO1901230006', 'OBAT-180', 'OBAT-180', 'Ketokonazole cr ', '2025-01-31', '6364', 'Tube', 'Tube', 1, 11, '70004', 0),
(4154, 'PO1901230006', 'OBAT-181', 'OBAT-181', 'Kejibeling', '2026-09-30', '4318', 'Tablet', 'Tablet', 1, 10, '43180', 0),
(4155, 'PO1901230006', 'OBAT-182', 'OBAT-182', 'Ichtiol zalf ', '2026-08-31', '4804', 'Botol', 'Botol', 1, 12, '57648', 0),
(4156, 'PO1901230006', 'OBAT-183', 'OBAT-183', 'Hot cream 60ml putih', '2024-06-30', '12400', 'Botol', 'Botol', 1, 2, '24800', 0),
(4157, 'PO1901230006', 'OBAT-184', 'OBAT-184', 'Hot cream strong tube 60ml', '2025-05-31', '15700', 'Tube', 'Tube', 1, 1, '15700', 0),
(4158, 'PO1901230006', 'OBAT-185', 'OBAT-185', 'Hot cream tube 60ml', '2025-07-31', '15700', 'Tube', 'Tube', 1, 1, '15700', 0),
(4159, 'PO1901230006', 'OBAT-186', 'OBAT-186', 'Hot cream aromatherapy tube 60ml', '2025-08-31', '15700', 'Tube', 'Tube', 1, 1, '15700', 0),
(4160, 'PO1901230006', 'OBAT-187', 'OBAT-187', 'Likokalk capl', '2027-08-31', '2200', 'Tablet', 'Tablet', 1, 9, '19800', 0),
(4161, 'PO1901230006', 'OBAT-188', 'OBAT-188', 'Ketokonazole tab', '2025-02-28', '4800', 'Tablet', 'Tablet', 1, 5, '24000', 0),
(4162, 'PO1901230006', 'OBAT-189', 'OBAT-189', 'Methylpredinsolone 4mg', '2024-06-30', '1690', 'Tablet', 'Tablet', 1, 8, '13520', 0),
(4163, 'PO1302230024', 'ALKES-67', 'ALKES-67', 'Perban gulung kassa 10cm x 5 cm ', '2030-12-31', '8000', 'PCS', 'PCS', 1, 3, '24000', 0),
(4164, 'PO1302230024', 'ALKES-68', 'ALKES-68', 'Gelas Ukur 50ml ', '2030-12-31', '50000', 'Botol', 'Botol', 1, 1, '50000', 0),
(4165, 'PO1302230024', 'ALKES-69', 'ALKES-69', 'Gelas Ukur 25ml ', '2030-12-31', '40000', 'Botol', 'Botol', 1, 1, '40000', 0),
(4166, 'PO1302230024', 'ALKES-70', 'ALKES-70', 'Gelas Ukur 10ml ', '2030-12-31', '33000', 'Botol', 'Botol', 1, 1, '33000', 0),
(4167, 'PO1302230024', 'ALKES-71', 'ALKES-71', 'Rak kayu tabung reaksi ', '2030-12-31', '20000', 'PCS', 'PCS', 1, 1, '20000', 0),
(4168, 'PO1302230025', 'ALKES-72', 'ALKES-72', 'NACL OTSUKA 500ml', '2024-07-31', '19074', 'PCS', 'PCS', 1, 2, '38148', 0),
(4169, 'PO1402230026', 'OBAT-435', 'OBAT-435', 'Apolar cream', '2024-06-30', '34965', 'Tube', 'Tube', 1, 1, '34965', 0),
(4170, 'PO1402230026', 'OBAT-436', 'OBAT-436', 'Apolar-N cream', '2024-07-31', '39627', 'Tube', 'Tube', 1, 1, '39627', 0),
(4171, 'PO1402230026', 'OBAT-437', 'OBAT-437', 'Andalan Laktasi Strip', '2025-10-31', '11391', 'Strip', 'Strip', 1, 2, '22782', 0),
(4172, 'PO1602230027', 'OBAT-438', 'OBAT-438', 'Sagestam cream', '2025-02-23', '20500', 'Tube', 'Tube', 1, 3, '61500', 0),
(4173, 'PO2202230028', 'ALKES-73', 'ALKES-73', 'NACL MJB ', '2024-09-30', '7474', 'Botol', 'Botol', 1, 3, '22422', 0),
(4174, 'PO2202230028', 'ALKES-74', 'ALKES-74', 'Alkohol medika 100ml ', '2025-07-31', '3552', 'Botol', 'Botol', 1, 3, '10656', 0),
(4175, 'PO2202230028', 'OBAT-439', 'OBAT-439', 'Magtral mint ', '2024-09-30', '2573', 'Strip', 'Strip', 1, 10, '25730', 0),
(4176, 'PO2202230028', 'OBAT-440', 'OBAT-440', 'My baby telon plus 60ml', '2024-12-31', '14462', 'Botol', 'Botol', 1, 3, '43386', 0),
(4177, 'PO2302230029', 'OBAT-441', 'OBAT-441', 'Methylpredinsolone 4mg dexa', '2024-09-30', '4055', 'Strip', 'Strip', 1, 10, '40550', 0),
(4178, 'PO2402230030', 'OBAT-442', 'OBAT-442', 'Dettol liq 95ml', '2025-01-31', '20883', 'Botol', 'Botol', 1, 1, '20883', 0),
(4179, 'PO2402230030', 'OBAT-443', 'OBAT-443', 'L-Bio Granul ', '2024-10-31', '7750', 'PCS', 'PCS', 1, 30, '232500', 0),
(4180, 'PO2402230030', 'ALKES-75', 'ALKES-75', 'Hypafix 5x1', '2027-05-31', '18200', 'Box', 'Box', 1, 1, '18200', 0),
(4181, 'PO2702230031', 'OBAT-444', 'OBAT-444', 'Actifed cough 60 ml merah ', '2025-07-31', '50000', 'Botol', 'Botol', 1, 1, '50000', 0),
(4182, 'PO2702230031', 'OBAT-445', 'OBAT-445', 'Actifed Syr 60 ml hijau', '2025-10-31', '50000', 'Botol', 'Botol', 1, 1, '50000', 0),
(4183, 'PO2702230031', 'OBAT-446', 'OBAT-446', 'Actifed Syr 60 ml kuning', '2025-08-31', '50000', 'Botol', 'Botol', 1, 1, '50000', 0),
(4184, 'PO0103230032', 'KOS-244', 'KOS-244', 'Hers Protex extra maxi', '2026-01-19', '2900', 'PCS', 'PCS', 1, 2, '5800', 0),
(4185, 'PO0103230032', 'KOS-245', 'KOS-245', 'Charm safe night ', '2028-12-31', '9000', 'PCS', 'PCS', 1, 3, '27000', 0),
(4186, 'PO0103230032', 'KOS-246', 'KOS-246', 'Charm body fit', '2028-12-31', '7500', 'PCS', 'PCS', 1, 2, '15000', 0),
(4187, 'PO0603230033', 'OBAT-447', 'OBAT-447', 'Becom-C', '2024-05-25', '16000', 'Strip', 'Strip', 1, 10, '160000', 0),
(4188, 'PO0603230033', 'OBAT-448', 'OBAT-448', 'Cortamine syr 60ml ', '2025-08-01', '58000', 'Botol', 'Botol', 1, 1, '58000', 0),
(4189, 'PO0603230034', 'OBAT-449', 'OBAT-449', 'Vitabulmin syr 60ml ', '2025-01-31', '25546', 'Botol', 'Botol', 1, 1, '25546', 0),
(4190, 'PO0603230034', 'OBAT-450', 'OBAT-450', 'Imboost kids 21 tablet mixberry', '2025-01-31', '27600', 'Botol', 'Botol', 1, 1, '27600', 0),
(4191, 'PO1603230035', 'OBAT-451', 'OBAT-451', 'Hufamag Plus ', '2024-11-30', '2645', 'Strip', 'Strip', 1, 10, '26450', 0),
(4192, 'PO2703230036', 'OBAT-452', 'OBAT-452', 'Super tetra ', '2025-09-30', '9000', 'Strip', 'Strip', 1, 3, '27000', 0),
(4193, 'PO2703230036', 'OBAT-453', 'OBAT-453', 'Eyevit ', '2025-10-31', '33000', 'Strip', 'Strip', 1, 2, '66000', 0),
(4194, 'PO2703230036', 'OBAT-454', 'OBAT-454', 'Planotab ', '2027-08-31', '6000', 'Strip', 'Strip', 1, 3, '18000', 0),
(4195, 'PO2703230036', 'OBAT-455', 'OBAT-455', 'Andalan pil kb', '2027-08-25', '7500', 'Strip', 'Strip', 1, 3, '22500', 0),
(4196, 'PO0404230037', 'OBAT-456', 'OBAT-456', 'Aloclair gel ', '2025-03-31', '85470', 'Tube', 'Tube', 1, 1, '85470', 0),
(4197, 'PO0404230037', 'OBAT-457', 'OBAT-457', 'Aloclair plus spray', '2025-10-31', '94350', 'Tube', 'Tube', 1, 1, '94350', 0),
(4198, 'PO0404230037', 'OBAT-458', 'OBAT-458', 'Imunped syr 60ml', '2024-06-30', '52059', 'Botol', 'Botol', 1, 1, '52059', 0),
(4199, 'PO0404230038', 'OBAT-459', 'OBAT-459', 'Minyak telon TJ 100ML band telon 30ml ', '2025-11-30', '20600', 'Botol', 'Botol', 1, 2, '41200', 0),
(4200, 'PO0404230038', 'OBAT-460', 'OBAT-460', 'Dettol liq 45ml', '2025-11-30', '10316', 'Botol', 'Botol', 1, 2, '20632', 0),
(4201, 'PO0404230038', 'OBAT-461', 'OBAT-461', 'Cendo lyteers ', '2025-09-30', '22500', 'Botol', 'Botol', 1, 1, '22500', 0),
(4202, 'PO0404230038', 'KOS-247', 'KOS-247', 'Cessa baby happy nose 8ml biru', '2025-01-31', '31532', 'PCS', 'PCS', 1, 1, '31532', 0),
(4203, 'PO0404230038', 'KOS-248', 'KOS-248', 'Cessa baby BOFIT 8ml ungu', '2025-01-31', '31532', 'PCS', 'PCS', 1, 1, '31532', 0),
(4204, 'PO0404230038', 'OBAT-462', 'OBAT-462', 'Dionicol dry syr 60ml', '2026-01-31', '7400', 'Botol', 'Botol', 1, 2, '14800', 0),
(4205, 'PO0404230039', 'OBAT-463', 'OBAT-463', 'Histigo ', '2026-01-31', '22009', 'Strip', 'Strip', 1, 5, '110045', 0),
(4206, 'PO0404230039', 'OBAT-464', 'OBAT-464', 'Dettol mosaic 245ml', '2024-08-31', '43904', 'Botol', 'Botol', 1, 1, '43904', 0),
(4207, 'PO1004230040', 'OBAT-465', 'OBAT-465', 'Pure Kids Inhaler 10ml', '2027-09-01', '44000', 'Botol', 'Botol', 1, 1, '44000', 0),
(4208, 'PO1004230040', 'OBAT-466', 'OBAT-466', 'GPU Pala 30ml', '2028-01-01', '7875', 'Botol', 'Botol', 1, 1, '7875', 0),
(4209, 'PO1004230040', 'OBAT-467', 'OBAT-467', 'Handsaplast koyo hangat ', '2024-11-30', '5548', 'PCS', 'PCS', 1, 10, '55480', 0);
INSERT INTO `purchase_order_detail` (`idd`, `nomor_po`, `kode_item`, `sku`, `nama_item`, `tgl_expired`, `harga`, `satuan_besar`, `satuan_kecil`, `konversi`, `kuantiti`, `total_harga`, `diskon`) VALUES
(4210, 'PO1004230040', 'OBAT-468', 'OBAT-468', 'Handsaplast koyo Panas', '2024-11-30', '5548', 'PCS', 'PCS', 1, 10, '55480', 0),
(4211, 'PO1104230041', 'OBAT-469', 'OBAT-469', 'Demacolin tab', '2026-12-31', '4460', 'Strip', 'Strip', 1, 10, '44600', 0),
(4212, 'PO1204230042', 'OBAT-470', 'OBAT-470', 'Cerebrofort gold orange ', '2024-07-31', '15545', 'Botol', 'Botol', 1, 1, '15545', 0),
(4213, 'PO1204230042', 'OBAT-471', 'OBAT-471', 'Cerebrofort gold strawberry', '2024-08-31', '15545', 'Botol', 'Botol', 1, 1, '15545', 0),
(4214, 'PO1204230042', 'OBAT-472', 'OBAT-472', 'Mixagrip flu batuk ', '2025-01-31', '2140', 'Strip', 'Strip', 1, 25, '53500', 0),
(4215, 'PO1204230042', 'OBAT-473', 'OBAT-473', 'Mixagrip flu', '2024-12-31', '1945', 'Strip', 'Strip', 1, 25, '48625', 0),
(4216, 'PO1605230043', 'OBAT-474', 'OBAT-474', 'Fasidol forte ungu', '2027-01-31', '3160', 'Strip', 'Strip', 1, 10, '31600', 0),
(4217, 'PO2505230044', 'OBAT-477', 'OBAT-477', 'Lactacyd baby 60ml pink ', '2024-06-30', '23462', 'Botol', 'Botol', 1, 2, '46924', 0),
(4218, 'PO2505230044', 'ALKES-76', 'ALKES-76', 'Leukoplast 2,5cm x 1m', '2027-01-31', '6050', 'PCS', 'PCS', 1, 2, '12100', 0),
(4219, 'PO2505230044', 'OBAT-475', 'OBAT-475', 'Atorvastatin 10mg ', '2024-08-31', '3000', 'Strip', 'Strip', 1, 3, '9000', 0),
(4220, 'PO2505230044', 'OBAT-476', 'OBAT-476', 'Degirol loz kecil ', '2026-11-26', '7000', 'Strip', 'Strip', 1, 5, '35000', 0);

-- --------------------------------------------------------

--
-- Table structure for table `rekening_kode`
--

CREATE TABLE `rekening_kode` (
  `kode_rekening` varchar(30) NOT NULL,
  `kategori` enum('pemasukan','pengeluaran') NOT NULL DEFAULT 'pemasukan',
  `nama_rekening` varchar(200) NOT NULL,
  `waktu_update` timestamp NOT NULL DEFAULT current_timestamp() ON UPDATE current_timestamp(),
  `editable` enum('0','1') NOT NULL DEFAULT '1'
) ENGINE=InnoDB DEFAULT CHARSET=latin1 COLLATE=latin1_swedish_ci;

--
-- Dumping data for table `rekening_kode`
--

INSERT INTO `rekening_kode` (`kode_rekening`, `kategori`, `nama_rekening`, `waktu_update`, `editable`) VALUES
('10001', 'pemasukan', 'Penjualan', '2019-05-28 14:03:51', '0'),
('10002', 'pemasukan', 'Piutang customer', '2019-05-31 10:12:45', '0'),
('10003', 'pemasukan', 'Setoran Dana Pemilik', '2019-06-05 13:31:42', '1'),
('10004', 'pemasukan', 'Penjualan Aset', '2019-06-25 03:24:04', '1'),
('20001', 'pengeluaran', 'Pembelian ke supplier', '2019-05-28 14:03:51', '0'),
('20002', 'pengeluaran', 'Pembayaran telepon', '2019-05-28 14:53:27', '1'),
('20003', 'pengeluaran', 'Pembayaran listrik', '2019-05-28 14:53:40', '1');

-- --------------------------------------------------------

--
-- Table structure for table `retur_detail`
--

CREATE TABLE `retur_detail` (
  `idd` int(11) NOT NULL,
  `nomor_retur` varchar(100) NOT NULL,
  `kode_item` varchar(100) NOT NULL,
  `sku` varchar(200) NOT NULL,
  `nama_item` varchar(200) NOT NULL,
  `tgl_expired` date NOT NULL,
  `kuantiti` int(5) NOT NULL,
  `satuan_kecil` varchar(100) NOT NULL
) ENGINE=InnoDB DEFAULT CHARSET=latin1 COLLATE=latin1_swedish_ci;

-- --------------------------------------------------------

--
-- Table structure for table `retur_pembelian`
--

CREATE TABLE `retur_pembelian` (
  `nomor_retur` varchar(100) NOT NULL,
  `nomor_faktur` varchar(100) NOT NULL,
  `nomor_rec_penerimaan` varchar(100) NOT NULL,
  `tanggal_retur` date NOT NULL,
  `keterangan` varchar(500) NOT NULL,
  `waktu_update` timestamp NOT NULL DEFAULT current_timestamp() ON UPDATE current_timestamp()
) ENGINE=InnoDB DEFAULT CHARSET=latin1 COLLATE=latin1_swedish_ci;

-- --------------------------------------------------------

--
-- Table structure for table `stok_adjustment`
--

CREATE TABLE `stok_adjustment` (
  `id` int(11) NOT NULL,
  `tanggal` date NOT NULL,
  `nomor_ref` varchar(100) NOT NULL,
  `stok_sebelum` int(11) NOT NULL,
  `kuantiti_berubah` int(5) NOT NULL,
  `kode_item` varchar(100) NOT NULL,
  `nama_item` varchar(200) NOT NULL,
  `tgl_expired` date NOT NULL,
  `satuan_kecil` varchar(100) NOT NULL,
  `keterangan` varchar(500) NOT NULL,
  `waktu_update` timestamp NOT NULL DEFAULT current_timestamp() ON UPDATE current_timestamp()
) ENGINE=InnoDB DEFAULT CHARSET=latin1 COLLATE=latin1_swedish_ci;

--
-- Dumping data for table `stok_adjustment`
--

INSERT INTO `stok_adjustment` (`id`, `tanggal`, `nomor_ref`, `stok_sebelum`, `kuantiti_berubah`, `kode_item`, `nama_item`, `tgl_expired`, `satuan_kecil`, `keterangan`, `waktu_update`) VALUES
(1, '2023-01-01', 'SA0602230001', 42, 5, 'OBAT-104', 'Xonce', '2023-11-01', 'PCS', 'Pembelian ', '2023-02-06 06:08:05'),
(2, '2023-01-01', 'SA0602230002', 4, 1, 'OBAT-81', 'Sanmol drop ', '2023-12-01', 'Botol', 'pembelian ', '2023-02-06 06:32:03'),
(3, '2023-01-01', 'SA0602230003', 8, 1, 'OBAT-152', 'Betametasone ', '2024-09-30', 'Tube', 'pembelian ', '2023-02-06 06:35:41'),
(4, '2023-01-01', 'SA0602230004', 3, 1, 'OBAT-190', 'Betason-N cr 5gr', '2025-05-31', 'Tube', 'pembelian', '2023-02-06 06:37:42'),
(5, '2023-01-01', 'SA0602230005', 9, 2, 'OBAT-121', 'Amplodipine 10mg ', '2024-06-30', 'Strip', 'pembelian', '2023-02-06 06:39:10'),
(6, '2023-01-01', 'SA0602230006', 1, 1, 'OBAT-67', 'OBH Combi plus anak ', '2024-02-01', 'Botol', 'pembelian', '2023-02-06 06:43:47'),
(7, '2023-01-03', 'SA0602230007', 6, 1, 'OBAT-59', 'Madu Tj kurma', '2024-08-01', 'Botol', 'pembelian ', '2023-02-06 06:45:22'),
(8, '2023-01-03', 'SA0602230008', 11, 2, 'OBAT-52', 'Kool fever kids biru', '2025-01-01', 'PCS', 'pembelian ', '2023-02-06 06:47:23'),
(9, '2023-01-03', 'SA0602230009', 8, 1, 'OBAT-189', 'Methylpredinsolone 4mg', '2024-06-30', 'Strip', 'pembelian ', '2023-02-06 06:48:16'),
(10, '2023-01-03', 'SA0602230010', 25, 1, 'OBAT-240', 'Intunal + Tablet kuning ', '2025-06-30', 'Strip', 'pembelian ', '2023-02-06 06:50:09'),
(11, '2023-01-04', 'SA0602230011', 25, 2, 'OBAT-72', 'Paramex', '2024-01-01', 'Strip', 'pembelian', '2023-02-06 06:53:05'),
(12, '2023-01-04', 'SA0602230012', 3, 1, 'OBAT-31', 'Geliga cream 30ml', '2023-04-01', 'Tube', 'pembelian ', '2023-02-06 06:54:02'),
(13, '2023-01-04', 'SA0602230013', 25, 1, 'OBAT-198', 'Sangobion ', '2024-04-30', 'Strip', 'pembelian ', '2023-02-06 06:55:30'),
(14, '2023-01-04', 'SA0602230014', 4, 2, 'OBAT-10', 'Bodrex', '2026-11-01', 'Strip', 'pembelian ', '2023-02-06 06:56:24'),
(15, '2023-01-05', 'SA0602230015', 2, 1, 'OBAT-118', 'Alletrol comp eye drop ', '2024-01-31', 'Botol', 'pembelian ', '2023-02-06 06:57:25'),
(16, '2023-01-05', 'SA0602230016', 24, 1, 'OBAT-138', 'Dexteem plus tab ', '2026-08-31', 'Strip', 'pembelian ', '2023-02-06 06:58:38'),
(17, '2023-01-05', 'SA0602230017', 7, 1, 'OBAT-152', 'Betametasone ', '2024-09-30', 'Tube', 'pembelian ', '2023-02-06 06:59:40'),
(18, '2023-01-05', 'SA0602230018', 1, 1, 'KOS-79', 'Eskulin gel dream', '2025-05-01', 'Botol', 'pembelian ', '2023-02-06 07:00:29'),
(19, '2023-01-06', 'SA0602230019', 6, 1, 'KOS-232', 'Tesa Tissu 200', '2027-08-01', 'PCS', 'pembelian ', '2023-02-06 07:01:26'),
(20, '2023-01-06', 'SA0602230020', 2, 1, 'OBAT-206', 'Bisolvon kids ', '2024-08-31', 'Botol', 'pembelian ', '2023-02-06 07:02:26'),
(21, '2023-01-06', 'SA0602230021', 1, 1, 'KOS-54', 'Biore BF E mild', '2025-08-29', 'Botol', 'pembelian ', '2023-02-06 07:03:06'),
(22, '2023-01-09', 'SA0602230022', 1, 1, 'KOS-38', 'Hadalabo facewash white 50 ml', '2025-03-01', 'Tube', 'pembelian ', '2023-02-06 07:04:04'),
(23, '2023-01-09', 'SA0602230023', 20, 1, 'OBAT-196', 'Mefenamid acid ', '2024-08-31', 'Strip', 'pembelian ', '2023-02-06 07:05:29'),
(24, '2023-01-09', 'SA0602230024', 20, 1, 'OBAT-170', 'Metformin 500mg ', '2024-08-31', 'Strip', 'pembelian ', '2023-02-06 07:06:16'),
(25, '2023-01-09', 'SA0602230025', 24, 1, 'OBAT-240', 'Intunal + Tablet kuning ', '2025-06-30', 'Strip', 'pembelian ', '2023-02-06 07:08:10'),
(26, '2023-01-09', 'SA0602230026', 6, 1, 'OBAT-128', 'Ambroxol 30mg tab ', '2024-09-30', 'Strip', 'pembelian ', '2023-02-06 07:09:04'),
(27, '2023-01-09', 'SA0602230027', 22, 1, 'OBAT-99', 'Vitalong c ', '2024-11-01', 'Strip', 'pembelian ', '2023-02-06 07:09:54'),
(28, '2023-01-09', 'SA0602230028', 3, 2, 'OBAT-260', 'Simvasastin 10mg ', '2025-04-30', 'Strip', 'pembelian ', '2023-02-06 07:11:13'),
(29, '2023-01-09', 'SA0602230029', 3, 1, 'OBAT-32', 'GPU Sereh ', '2027-02-01', 'Botol', 'pembelian ', '2023-02-06 07:11:49'),
(30, '2023-01-09', 'SA0602230030', 1, 1, 'OBAT-185', 'Hot cream tube 60ml', '2025-07-31', 'Tube', 'pembelian ', '2023-02-06 07:17:00'),
(31, '2023-01-10', 'SA0602230031', 10, 2, 'OBAT-301', 'Salonpas hot koyo merah ', '2025-08-31', 'PCS', 'pembelian ', '2023-02-06 07:17:57'),
(32, '2023-01-10', 'SA0602230032', 6, 1, 'OBAT-94', 'Vick Inhaler ', '2023-11-01', 'PCS', 'pembelian ', '2023-02-06 07:22:05'),
(33, '2023-01-10', 'SA0602230033', 4, 1, 'OBAT-103', 'Wood exp 60ml (biru)', '2023-12-01', 'Botol', 'pembelian ', '2023-02-06 07:23:56'),
(34, '2023-01-10', 'SA0602230034', 9, 3, 'OBAT-168', 'Salbutamol 2mg ', '2025-05-31', 'Strip', 'pembelian ', '2023-02-06 07:24:54'),
(35, '2023-01-10', 'SA0602230035', 10, 2, 'OBAT-231', 'Neuralgin rx kalbe ', '2024-07-31', 'Strip', 'pembelian ', '2023-02-06 07:25:35'),
(36, '2023-01-10', 'SA0602230036', 40, 2, 'OBAT-195', 'Sanmol tab', '2024-04-30', 'Strip', 'pembelian ', '2023-02-06 07:27:09'),
(37, '2023-01-10', 'SA0602230037', 23, 4, 'OBAT-240', 'Intunal + Tablet kuning ', '2025-06-30', 'Strip', 'pembelian ', '2023-02-06 07:27:43'),
(38, '2023-01-10', 'SA0602230038', 19, 3, 'OBAT-240', 'Intunal + Tablet kuning ', '2025-06-30', 'Strip', 'pembelian ', '2023-02-06 07:29:15'),
(39, '2023-01-10', 'SA0602230039', 2, 1, 'OBAT-41', 'Insto ', '2025-12-01', 'Botol', 'pembelian ', '2023-02-06 07:33:49'),
(40, '2023-01-10', 'SA0602230040', 22, 1, 'OBAT-179', 'Voltadex 50mg', '2025-02-28', 'Strip', 'pembelian ', '2023-02-06 07:40:29'),
(41, '2023-01-10', 'SA0602230041', 3, 1, 'KOS-16', 'Tesa Tissu', '2027-09-22', 'PCS', 'pembelian ', '2023-02-06 07:50:43'),
(42, '2023-01-11', 'SA0602230042', 51, 12, 'ALKES-49', 'Sarung tangan UK M ', '2027-03-20', 'PCS', 'pembelian ', '2023-02-06 07:53:12'),
(43, '2023-01-11', 'SA0602230043', 35, 6, 'ALKES-51', 'Sarung tangan UK S', '2027-03-20', 'PCS', 'pembelian ', '2023-02-06 07:53:35'),
(44, '2023-01-11', 'SA0602230044', 2, 1, 'KOS-16', 'Tesa Tissu', '2027-09-22', 'PCS', 'pembelian ', '2023-02-06 07:54:10'),
(45, '2023-01-11', 'SA0602230045', 10, 1, 'OBAT-232', 'Lopamid ', '2024-08-31', 'Strip', 'pembelian ', '2023-02-06 07:54:52'),
(46, '2023-01-11', 'SA0602230046', 17, 2, 'OBAT-197', 'Glimepiride 2mg ', '2026-05-31', 'Strip', 'pembelian ', '2023-02-06 08:00:42'),
(47, '2023-01-12', 'SA0602230047', 98, 27, 'OBAT-106', 'Tolak angin ', '2024-06-30', 'PCS', 'pembelian ', '2023-02-06 08:02:34'),
(48, '2023-01-12', 'SA0602230048', 5, 1, 'OBAT-161', 'MKP Lang 15ml ', '2027-05-31', 'Botol', 'pembelian ', '2023-02-06 08:03:41'),
(49, '2023-01-12', 'SA0602230049', 60, 3, 'OBAT-48', 'Komix ', '2023-11-01', 'PCS', 'pembelian ', '2023-02-06 08:04:50'),
(50, '2023-01-12', 'SA0602230050', 10, 4, 'OBAT-302', 'Salonpas superkoyo', '2025-08-31', 'PCS', 'pembelian ', '2023-02-06 08:05:47'),
(51, '2023-01-12', 'SA0602230051', 3, 1, 'OBAT-64', 'MKP Lang 210ml ', '2026-11-01', 'Botol', 'pembelian ', '2023-02-06 08:06:44'),
(52, '2023-01-12', 'SA0602230052', 5, 1, 'OBAT-94', 'Vick Inhaler ', '2023-11-01', 'PCS', 'pembelian ', '2023-02-06 08:08:24'),
(53, '2023-01-12', 'SA0602230053', 3, 1, 'OBAT-87', 'Telon lang 60ml', '2026-10-01', 'Botol', 'pembelian ', '2023-02-06 08:11:39'),
(54, '2023-01-12', 'SA0602230054', 4, 2, 'OBAT-340', 'Komix herbal lemon ', '2024-01-31', 'PCS', 'pembelian ', '2023-02-06 08:12:25'),
(55, '2023-01-12', 'SA0602230055', 24, 3, 'OBAT-210', 'Tolak angin anak ', '2024-06-30', 'PCS', 'pembelian ', '2023-02-06 08:13:07'),
(56, '2023-01-12', 'SA0602230056', 2, 1, 'OBAT-298', 'Frescare mix eucalyptus 5ml', '2024-05-31', 'PCS', 'pembelian ', '2023-02-06 08:14:34'),
(57, '2023-01-12', 'SA0602230057', 2, 1, 'OBAT-203', 'Stimuno sirup grape 60ml ', '2024-07-31', 'Botol', 'pembelian ', '2023-02-06 08:16:24'),
(58, '2023-01-12', 'SA0602230058', 12, 3, 'OBAT-284', 'Antimo tab ', '2027-07-31', 'PCS', 'pembelian ', '2023-02-06 08:17:12'),
(59, '2023-01-12', 'SA0602230059', 4, 1, 'ALKES-56', 'Oxycan green ', '2024-10-31', 'Botol', 'pembelian ', '2023-02-06 08:17:55'),
(60, '2023-01-12', 'SA0602230060', 3, 1, 'OBAT-73', 'Povidon ', '2025-02-01', 'Botol', 'pembelian ', '2023-02-06 08:19:02'),
(61, '2023-01-12', 'SA0602230061', 2, 1, 'OBAT-287', 'MKP Lang aromatherapy original 30ml ', '2027-01-31', 'Botol', 'pembelian ', '2023-02-06 08:23:47'),
(62, '2023-01-12', 'SA0602230062', 12, 3, 'OBAT-70', 'Pagoda pastiles new', '2025-03-01', 'PCS', 'pembelian ', '2023-02-06 08:24:28'),
(63, '2023-01-12', 'SA0602230063', 5, 1, 'OBAT-213', 'Frescare 10ml citrus ', '2025-06-30', 'Botol', 'pembelian ', '2023-02-06 08:25:02'),
(64, '2023-01-12', 'SA0602230064', 15, 3, 'OBAT-281', 'Tolak angin permen ', '2024-10-31', 'PCS', 'pembelian ', '2023-02-06 08:34:03'),
(65, '2023-01-12', 'SA0602230065', 13, 3, 'OBAT-75', 'Promagh ', '2024-07-31', 'Strip', 'pembelian ', '2023-02-06 08:34:49'),
(66, '2023-01-12', 'SA0702230066', 6, 1, 'OBAT-162', 'MKP Lang 30ml ', '2027-08-31', 'Botol', 'pembelian', '2023-02-07 01:29:15'),
(67, '2023-01-12', 'SA0702230067', 5, 1, 'OBAT-162', 'MKP Lang 30ml ', '2027-11-30', 'Botol', 'pembelian', '2023-02-07 01:29:48'),
(68, '2023-01-12', 'SA0702230068', 3, 1, 'OBAT-216', 'Safecare 10ml original ', '2026-01-31', 'Botol', 'pembelian', '2023-02-07 01:39:24'),
(69, '2023-01-12', 'SA0702230069', 3, 3, 'KOS-221', 'Cusson Tisu 10 all', '2024-09-01', 'PCS', 'pembelian', '2023-02-07 01:42:16'),
(70, '2023-01-12', 'SA0702230070', 3, 1, 'OBAT-06', 'Balm lang 20gr', '2026-12-01', 'Botol', 'pembelian', '2023-02-07 01:43:19'),
(71, '2023-01-12', 'SA0702230071', 10, 3, 'OBAT-248', 'Spasminal ', '2024-07-31', 'Strip', 'pembelian', '2023-02-07 01:44:06'),
(72, '2023-01-12', 'SA0702230072', 10, 3, 'OBAT-194', 'Dumin tab', '2023-12-31', 'Strip', 'pembelian', '2023-02-07 01:45:40'),
(73, '2023-01-12', 'SA0702230073', 10, 3, 'OBAT-348', 'Attapulgit tab ', '2024-09-30', 'Strip', 'pembelian', '2023-02-07 01:46:38'),
(74, '2023-01-12', 'SA0702230074', 100, 15, 'ALKES-57', 'Handsaplast ', '2025-06-30', 'PCS', 'pembelian', '2023-02-07 01:48:01'),
(75, '2023-01-13', 'SA0702230075', 2, 1, 'OBAT-279', 'Cap kaki tiga leci', '2025-10-31', 'Botol', 'pembelian', '2023-02-07 01:51:50'),
(76, '2023-01-12', 'SA0702230076', 3, 1, 'OBAT-39', 'Hufagrip flu (kuning)', '2025-02-01', 'Botol', 'pembelian', '2023-02-07 01:53:02'),
(77, '2023-01-13', 'SA0702230077', 9, 1, 'OBAT-52', 'Kool fever kids biru', '2025-01-01', 'PCS', 'pembelian', '2023-02-07 01:59:25'),
(78, '2023-01-13', 'SA0702230078', 16, 1, 'OBAT-240', 'Intunal + Tablet kuning ', '2025-06-30', 'Strip', 'pembelian', '2023-02-07 02:00:01'),
(79, '2023-01-13', 'SA0702230079', 38, 1, 'OBAT-195', 'Sanmol tab', '2024-04-30', 'Strip', 'pembelian', '2023-02-07 02:00:43'),
(82, '2023-01-16', 'SA0702230081', 24, 1, 'OBAT-198', 'Sangobion ', '2024-04-30', 'Strip', 'pembelian', '2023-02-07 02:07:43'),
(83, '2023-01-16', 'SA0802230081', 9, 2, 'OBAT-187', 'Likokalk capl', '2027-08-31', 'Strip', 'pembelian', '2023-02-08 01:24:48'),
(84, '2023-01-16', 'SA0802230082', 10, 2, 'OBAT-243', 'Afolat', '2027-09-30', 'Strip', 'pembelian ', '2023-02-08 01:25:34'),
(85, '2023-01-16', 'SA0802230083', 15, 2, 'OBAT-240', 'Intunal + Tablet kuning ', '2025-06-30', 'Strip', 'pembelian', '2023-02-08 01:26:13'),
(86, '2023-01-16', 'SA0802230084', 7, 5, 'OBAT-189', 'Methylpredinsolone 4mg', '2024-06-30', 'Strip', 'pembelian', '2023-02-08 01:27:13'),
(87, '2023-01-16', 'SA0802230085', 3, 1, 'OBAT-26', 'Ever E 12 New', '2023-11-01', 'Strip', 'pembelian', '2023-02-08 01:28:05'),
(88, '2023-01-16', 'SA0802230086', 1, 1, 'OBAT-297', 'Freshcare sandalwood 10ml', '2024-05-31', 'PCS', 'pembelian', '2023-02-08 01:28:42'),
(89, '2023-01-17', 'SA0802230087', 2, 1, 'OBAT-13', 'Caladin Lotion', '2023-11-01', 'PCS', 'pembelian', '2023-02-08 01:33:26'),
(90, '2023-01-18', 'SA0802230088', 10, 3, 'OBAT-369', 'Glimepiride 1mg ', '2025-06-30', 'Strip', 'pembelian', '2023-02-08 01:35:27'),
(91, '2023-01-18', 'SA0802230089', 19, 3, 'OBAT-170', 'Metformin 500mg ', '2024-08-31', 'Strip', 'pembelian', '2023-02-08 01:36:13'),
(101, '2023-01-20', 'SA0802230099', 37, 4, 'OBAT-195', 'Sanmol tab', '2024-04-30', 'Strip', 'pembelian', '2023-02-08 01:51:12'),
(103, '2023-01-20', 'SA0802230091', 10, 1, 'OBAT-234', 'Antasidadoen', '2026-10-31', 'Strip', 'pembelian', '2023-02-08 02:04:33'),
(104, '2023-01-19', 'SA0802230092', 23, 1, 'OBAT-198', 'Sangobion ', '2024-04-30', 'Strip', 'pembelian', '2023-02-08 02:04:56'),
(105, '2023-01-19', 'SA0802230093', 37, 3, 'ALKES-41', 'Test pack one med ', '2025-08-01', 'PCS', 'pembelian', '2023-02-08 02:05:30'),
(106, '2023-01-19', 'SA0802230094', 18, 2, 'OBAT-135', 'Amoxilin 500mg ', '2024-07-31', 'Strip', 'pembelian', '2023-02-08 02:06:08'),
(107, '2023-01-19', 'SA0802230095', 3, 1, 'OBAT-410', 'Candasartan 8mg', '2025-05-31', 'Strip', 'pembelian', '2023-02-08 02:06:49'),
(108, '2023-01-19', 'SA0802230096', 2, 1, 'OBAT-378', 'My baby eucalyp 150ml ', '2024-11-30', 'Botol', 'pembelian', '2023-02-08 02:07:26'),
(109, '2023-01-19', 'SA0802230097', 15, 1, 'OBAT-241', 'Alpara Kaplet', '2025-10-31', 'Strip', 'pembelian', '2023-02-08 02:07:54'),
(110, '2023-01-19', 'SA0802230098', 20, 1, 'OBAT-201', 'Dexaharsen 0,75mg', '2026-03-31', 'Strip', 'pembelian', '2023-02-08 02:08:26'),
(111, '2023-01-19', 'SA0902230099', 10, 1, 'OBAT-367', 'Cotrimoxazole tablet', '2026-09-30', 'Strip', 'pembelian', '2023-02-09 01:18:36'),
(112, '2023-01-19', 'SA0902230100', 7, 1, 'OBAT-348', 'Attapulgit tab ', '2024-09-30', 'Strip', 'pembelian', '2023-02-09 01:19:19'),
(113, '2023-01-24', 'SA0902230101', 6, 1, 'OBAT-162', 'MKP Lang 30ml ', '2027-11-30', 'Botol', 'pembelian', '2023-02-09 01:19:56'),
(114, '2023-01-24', 'SA0902230102', 1, 1, 'KOS-05', 'Citra HBL Bengkuang ', '2025-07-11', 'Botol', 'pembelian', '2023-02-09 01:21:31'),
(115, '2023-01-24', 'SA0902230103', 19, 5, 'OBAT-196', 'Mefenamid acid ', '2024-08-31', 'Strip', 'pembelian', '2023-02-09 01:22:47'),
(116, '2023-01-25', 'SA0902230104', 25, 1, 'OBAT-355', 'Bodrex migra ', '2025-09-30', 'Strip', 'pembelian', '2023-02-09 01:23:47'),
(117, '2023-01-25', 'SA0902230105', 10, 1, 'OBAT-75', 'Promagh ', '2024-07-31', 'Strip', 'pembelian', '2023-02-09 01:24:59'),
(118, '2023-01-25', 'SA0902230106', 14, 1, 'OBAT-196', 'Mefenamid acid ', '2024-08-31', 'Strip', 'pembelian', '2023-02-09 01:25:42'),
(119, '2023-01-25', 'SA0902230107', 4, 1, 'OBAT-136', 'Cataflam 25mg', '2024-12-31', 'Strip', 'pembelian', '2023-02-09 01:28:17'),
(120, '2023-01-25', 'SA0902230108', 2, 1, 'OBAT-418', 'Anakonidin OBH 30ml ', '2024-10-31', 'Botol', 'pembelian', '2023-02-09 01:33:32'),
(121, '2023-01-25', 'SA0902230109', 71, 3, 'OBAT-106', 'Tolak angin ', '2024-06-30', 'PCS', 'pembelian', '2023-02-09 01:34:06'),
(122, '2023-01-25', 'SA0902230110', 10, 1, 'OBAT-03', 'Antimo Anak ', '2023-09-01', 'PCS', 'pembelian', '2023-02-09 01:37:57'),
(123, '2023-01-25', 'SA0902230111', 2, 1, 'OBAT-65', 'My baby eucalyp 60ml', '2024-06-30', 'Botol', 'pembelian', '2023-02-09 01:38:30'),
(124, '2023-01-25', 'SA0902230112', 1, 1, 'OBAT-312', 'My baby powder 50 soft gentle biru', '2026-01-31', 'Botol', 'pembelian', '2023-02-09 01:43:20'),
(125, '2023-01-25', 'SA0902230113', 24, 1, 'OBAT-211', 'Tolak linu 15ml coklat', '2024-05-31', 'PCS', 'pembelian', '2023-02-09 01:44:34'),
(126, '2023-01-25', 'SA0902230114', 9, 1, 'OBAT-284', 'Antimo tab ', '2027-07-31', 'PCS', 'pembelian', '2023-02-09 01:44:56'),
(127, '2023-01-26', 'SA0902230115', 13, 5, 'OBAT-196', 'Mefenamid acid ', '2024-08-31', 'Strip', 'pembelian', '2023-02-09 01:47:19'),
(128, '2023-01-26', 'SA0902230116', 1, 1, 'OBAT-292', 'Herocyn baby bedak 100gr', '2027-06-30', 'Botol', 'pembelian', '2023-02-09 01:47:59'),
(129, '2023-01-26', 'SA0902230117', 2, 1, 'OBAT-107', 'Lactacyd baby 60ml biru', '2024-02-29', 'Botol', 'pembelian', '2023-02-09 01:48:33'),
(130, '2023-01-26', 'SA0902230118', 18, 1, 'OBAT-108', 'Bagus kapur semut', '2024-12-31', 'PCS', 'pembelian', '2023-02-09 01:49:41'),
(131, '2023-01-26', 'SA0902230119', 7, 2, 'OBAT-121', 'Amplodipine 10mg ', '2024-06-30', 'Strip', 'pembelian', '2023-02-09 01:50:19'),
(132, '2023-01-26', 'SA0902230120', 2, 1, 'OBAT-252', 'Hico gell 15gr', '2024-09-30', 'Tube', 'pembelian', '2023-02-09 01:50:44'),
(133, '2023-01-27', 'SA0902230121', 1, 1, 'OBAT-305', 'Kalpanak cream ', '2024-11-30', 'Tube', 'pembelian', '2023-02-09 01:54:56'),
(134, '2023-01-27', 'SA0902230122', 1, 1, 'OBAT-186', 'Hot cream aromatherapy tube 60ml', '2025-08-31', 'Tube', 'pembelian', '2023-02-09 01:55:46'),
(135, '2023-01-27', 'SA0902230123', 2, 1, 'OBAT-149', 'Betadine kumur 100ml ', '2025-04-30', 'Botol', 'pembelian', '2023-02-09 01:58:55'),
(136, '2023-01-27', 'SA0902230124', 8, 1, 'OBAT-243', 'Afolat', '2027-09-30', 'Strip', 'pembelian', '2023-02-09 01:59:19'),
(137, '2023-01-27', 'SA0902230125', 3, 1, 'OBAT-136', 'Cataflam 25mg', '2024-12-31', 'Strip', 'pembelian', '2023-02-09 02:00:23'),
(138, '2023-01-27', 'SA0902230126', 2, 1, 'OBAT-225', 'Imboost syr 60ml ori ', '2024-09-30', 'Botol', 'pembelian', '2023-02-09 02:00:52'),
(139, '2023-01-27', 'SA0902230127', 1, 1, 'OBAT-405', 'Erymed cream 20gr', '2023-10-31', 'Tube', 'pembelian', '2023-02-09 02:04:04'),
(140, '2023-01-27', 'SA0902230128', 12, 1, 'KOS-236', 'Selection kapas 75gr', '2027-10-31', 'PCS', 'pembelian', '2023-02-09 02:04:43'),
(141, '2023-01-27', 'SA0902230129', 5, 1, 'KOS-232', 'Tesa Tissu 200', '2027-08-01', 'PCS', 'pembelian', '2023-02-09 02:05:21'),
(142, '2023-01-30', 'SA0902230130', 4, 1, 'ALKES-58', 'Masker KN 95 Pro ', '2030-12-31', 'PCS', 'pembelian', '2023-02-09 02:06:51'),
(143, '2023-01-30', 'SA0902230131', 3, 1, 'KOS-226', 'Kassa kotak bunda ', '2025-01-01', 'Botol', 'pembelian', '2023-02-09 02:07:24'),
(144, '2023-01-30', 'SA0902230132', 6, 1, 'OBAT-245', 'Betadine sol 5ml ', '2026-06-30', 'Botol', 'pembelian', '2023-02-09 02:07:49'),
(145, '2023-01-30', 'SA0902230133', 5, 1, 'OBAT-59', 'Madu Tj kurma', '2024-08-01', 'Botol', 'pembelian', '2023-02-09 02:08:40'),
(146, '2023-01-30', 'SA0902230134', 5, 1, 'OBAT-162', 'MKP Lang 30ml ', '2027-11-30', 'Botol', 'pembelian', '2023-02-09 02:09:58'),
(147, '2023-01-30', 'SA0902230135', 21, 2, 'OBAT-210', 'Tolak angin anak ', '2024-06-30', 'PCS', 'pembelian', '2023-02-09 02:10:30'),
(148, '2023-01-30', 'SA0902230136', 24, 2, 'OBAT-209', 'Tolak angin flu ', '2024-07-31', 'PCS', 'pembelian', '2023-02-09 02:10:58'),
(149, '2023-01-30', 'SA0902230137', 19, 2, 'OBAT-201', 'Dexaharsen 0,75mg', '2026-03-31', 'Strip', 'pembelian', '2023-02-09 02:11:31'),
(150, '2023-01-30', 'SA0902230138', 10, 2, 'OBAT-235', 'Bromex ', '2026-11-30', 'Strip', 'pembelian', '2023-02-09 02:11:58'),
(151, '2023-01-30', 'SA0902230139', 1, 1, 'OBAT-260', 'Simvasastin 10mg ', '2025-04-30', 'Strip', 'pembelian', '2023-02-09 02:12:29'),
(152, '2023-01-31', 'SA0902230140', 1, 1, 'OBAT-41', 'Insto ', '2025-12-01', 'Botol', 'pembelian', '2023-02-09 02:23:34'),
(153, '2023-01-31', 'SA0902230141', 6, 2, 'OBAT-161', 'MKP Lang 15ml ', '2027-12-31', 'Botol', 'pembelian', '2023-02-09 02:25:40'),
(154, '2023-01-31', 'SA0902230142', 1, 1, 'OBAT-428', 'Tempra forte anggur 30ml ', '2024-03-31', 'Botol', 'pembelian', '2023-02-09 02:28:26'),
(155, '2023-01-31', 'SA0902230143', 9, 8, 'OBAT-03', 'Antimo Anak ', '2023-09-01', 'PCS', 'pembelian', '2023-02-09 02:29:10'),
(156, '2023-01-31', 'SA0902230144', 3, 1, 'OBAT-76', 'Rheumacyl ', '2024-12-01', 'Strip', 'pembelian', '2023-02-09 02:29:40'),
(157, '2023-01-31', 'SA0902230145', 8, 1, 'OBAT-301', 'Salonpas hot koyo merah ', '2025-08-31', 'PCS', 'pembelian', '2023-02-09 02:30:08'),
(158, '2023-01-31', 'SA0902230146', 33, 1, 'ALKES-60', 'Masker Duckbil care warna ', '2030-12-31', 'PCS', 'pembelian', '2023-02-09 02:32:08'),
(159, '2023-02-01', 'SA0902230147', 4, 1, 'OBAT-214', 'Frescare 10ml Strong ', '2025-07-31', 'Botol', 'PEMBELIAN', '2023-02-09 07:08:10'),
(160, '2023-02-01', 'SA0902230148', 68, 2, 'OBAT-106', 'Tolak angin ', '2024-06-30', 'PCS', 'PEMBELIAN', '2023-02-09 07:08:41'),
(161, '2023-02-01', 'SA0902230149', 32, 1, 'ALKES-60', 'Masker Duckbil care warna ', '2030-12-31', 'PCS', 'PEMBELIAN', '2023-02-09 07:10:22'),
(162, '2023-02-01', 'SA0902230150', 85, 2, 'ALKES-57', 'Handsaplast ', '2025-06-30', 'PCS', 'PEMBELIAN', '2023-02-09 07:23:24'),
(163, '2023-02-01', 'SA0902230151', 12, 1, 'OBAT-281', 'Tolak angin permen ', '2024-10-31', 'PCS', 'PEMBELIAN', '2023-02-09 07:31:05'),
(164, '2023-02-01', 'SA0902230152', 6, 1, 'OBAT-152', 'Betametasone ', '2024-09-30', 'Tube', 'PEMBELIAN', '2023-02-09 07:31:39'),
(166, '2023-02-02', 'SA0902230153', 83, 4, 'ALKES-57', 'Handsaplast ', '2025-06-30', 'PCS', 'PEMBELIAN', '2023-02-09 07:32:46'),
(167, '2023-02-02', 'SA1002230154', 17, 6, 'OBAT-108', 'Bagus kapur semut', '2024-12-31', 'PCS', 'pembelian', '2023-02-10 01:50:25'),
(168, '2023-02-02', 'SA1002230155', 3, 1, 'OBAT-96', 'Vick vap 50', '2023-04-28', 'Botol', 'pembelian', '2023-02-10 01:51:22'),
(169, '2023-02-02', 'SA1002230156', 2, 1, 'KOS-121', 'Loreal crystal essence ', '2023-08-01', 'Botol', 'pembelian', '2023-02-10 01:51:56'),
(170, '2023-02-02', 'SA1002230157', 3, 1, 'OBAT-40', 'Hufagrip pilek (biru)', '2025-01-01', 'Botol', 'pembelian', '2023-02-10 01:52:29'),
(171, '2023-02-02', 'SA1002230158', 11, 1, 'OBAT-180', 'Ketokonazole cr ', '2025-01-31', 'Tube', 'pembelian', '2023-02-10 01:58:42'),
(172, '2023-02-02', 'SA1002230159', 3, 3, 'OBAT-242', 'Acyclovir cr 5%', '2024-10-31', 'Tube', 'pembelian', '2023-02-10 02:03:00'),
(173, '2023-02-02', 'SA1002230160', 9, 1, 'OBAT-234', 'Antasidadoen', '2026-10-31', 'Strip', 'pembelian', '2023-02-10 02:10:15'),
(174, '2023-02-02', 'SA1002230161', 10, 1, 'OBAT-412', 'Fasidol Kaplet ', '2026-10-31', 'Strip', 'pembelian', '2023-02-10 02:13:19'),
(175, '2023-02-02', 'SA1002230162', 10, 1, 'OBAT-350', 'Roverton kap', '2026-10-31', 'Strip', 'pembelian', '2023-02-10 02:13:51'),
(176, '2023-02-02', 'SA1002230163', 5, 1, 'OBAT-07', 'Becom-zet', '2023-07-01', 'Strip', 'pembelian', '2023-02-10 02:14:27'),
(177, '2023-02-03', 'SA1002230164', 6, 1, 'OBAT-348', 'Attapulgit tab ', '2024-09-30', 'Strip', 'pembelian', '2023-02-10 02:15:00'),
(178, '2023-02-04', 'SA1002230165', 2, 1, 'OBAT-10', 'Bodrex', '2026-11-01', 'Strip', 'pembelian', '2023-02-10 02:15:33'),
(179, '2023-02-07', 'SA1002230166', 5, 2, 'OBAT-121', 'Amplodipine 10mg ', '2024-06-30', 'Strip', 'pembelian', '2023-02-10 02:17:30'),
(180, '2023-02-07', 'SA1002230167', 2, 1, 'OBAT-39', 'Hufagrip flu (kuning)', '2025-02-01', 'Botol', 'pembelian', '2023-02-10 02:17:59'),
(181, '2023-02-07', 'SA1002230168', 2, 1, 'KOS-226', 'Kassa kotak bunda ', '2025-01-01', 'Botol', 'pembelian', '2023-02-10 02:18:50'),
(182, '2023-02-07', 'SA1002230169', 7, 1, 'OBAT-248', 'Spasminal ', '2024-07-31', 'Strip', 'pembelian', '2023-02-10 02:19:17'),
(183, '2023-02-07', 'SA1002230170', 1, 1, 'OBAT-112', 'Durex 3 closefit', '2026-12-31', 'PCS', 'pembelian', '2023-02-10 02:19:49'),
(184, '2023-02-07', 'SA1002230171', 11, 1, 'OBAT-108', 'Bagus kapur semut', '2024-12-31', 'PCS', 'pembelian', '2023-02-10 02:20:16'),
(185, '2023-02-07', 'SA1002230172', 9, 1, 'OBAT-166', 'Neuropyron v tab ', '2024-08-31', 'Strip', 'pembelian', '2023-02-10 02:20:43'),
(186, '2023-02-07', 'SA1002230173', 14, 1, 'OBAT-241', 'Alpara Kaplet', '2025-10-31', 'Strip', 'pembelian', '2023-02-10 02:21:06'),
(187, '2023-02-07', 'SA1002230174', 3, 1, 'OBAT-103', 'Wood exp 60ml (biru)', '2024-07-31', 'Botol', 'pembelian', '2023-02-10 02:21:40'),
(188, '2023-02-07', 'SA1002230175', 20, 1, 'OBAT-200', 'Dexaharsen 0,5mg', '2026-04-30', 'Strip', 'pembelian', '2023-02-10 02:22:07'),
(189, '2023-02-07', 'SA1002230176', 8, 1, 'OBAT-234', 'Antasidadoen', '2026-10-31', 'Strip', 'pembelian', '2023-02-10 02:22:40'),
(191, '2023-02-08', 'SA1002230177', 5, 2, 'OBAT-152', 'Betametasone ', '2024-09-30', 'Tube', 'pembelian', '2023-02-10 02:37:51'),
(192, '2023-02-08', 'SA1002230178', 7, 2, 'OBAT-243', 'Afolat', '2027-09-30', 'Strip', 'pembelian', '2023-02-10 02:38:12'),
(193, '2023-02-08', 'SA1002230179', 1, 1, 'ALKES', 'Alkohol 70 100ml', '2026-07-01', 'Botol', 'pembelian', '2023-02-10 02:38:43'),
(194, '2023-02-08', 'SA1002230180', 15, 5, 'OBAT-197', 'Glimepiride 2mg ', '2026-05-31', 'Strip', 'pembelian', '2023-02-10 02:39:13'),
(195, '2023-02-09', 'SA1002230181', 23, 1, 'OBAT-72', 'Paramex', '2024-01-01', 'Strip', 'pembelian', '2023-02-10 02:49:12'),
(196, '2023-02-09', 'SA1002230182', 8, 1, 'OBAT-196', 'Mefenamid acid ', '2024-08-31', 'Strip', 'pembelian', '2023-02-10 02:49:38'),
(197, '2023-02-09', 'SA1002230183', 3, 1, 'ALKES-58', 'Masker KN 95 Pro ', '2030-12-31', 'PCS', 'pembelian', '2023-02-10 02:50:05'),
(198, '2023-02-09', 'SA1002230184', 5, 1, 'OBAT-68', 'OBH Combi plus 60ml mentol dewasa', '2024-08-31', 'Botol', 'pembelian', '2023-02-10 02:50:46'),
(199, '2023-02-09', 'SA1002230185', 2, 1, 'OBAT-103', 'Wood exp 60ml (biru)', '2024-07-31', 'Botol', 'pembelian', '2023-02-10 02:51:13'),
(200, '2023-02-09', 'SA1002230186', 12, 3, 'OBAT-58', 'Madu Rasa', '2025-01-01', 'PCS', 'pembelian', '2023-02-10 02:51:39'),
(201, '2023-02-09', 'SA1002230187', 100, 10, 'ALKES-36', 'Spuit 3 cc one med ', '2026-12-01', 'PCS', 'pembelian', '2023-02-10 02:52:20'),
(202, '2023-02-11', 'SA1302230188', 3, 2, 'OBAT-152', 'Betametasone ', '2024-09-30', 'Tube', 'PEMBELIAN', '2023-02-13 02:13:44'),
(203, '2023-02-11', 'SA1302230189', 16, 2, 'OBAT-170', 'Metformin 500mg ', '2024-08-31', 'Strip', 'PEMBELIAN', '2023-02-13 02:15:27'),
(204, '2023-02-11', 'SA1302230190', 7, 2, 'OBAT-369', 'Glimepiride 1mg ', '2025-06-30', 'Strip', 'PEMBELIAN', '2023-02-13 02:15:52'),
(205, '2023-03-01', 'SA0603230191', 1, 1, 'OBAT-295', 'Bisolvon extra ', '2025-06-30', 'Botol', 'PEMBELIAAN', '2023-03-06 03:08:44'),
(206, '2023-04-28', 'SA0205230192', 5, 1, 'OBAT-152', 'Betametasone ', '2024-11-30', 'Tube', 'penjualan', '2023-05-02 06:44:06'),
(207, '2023-04-28', 'SA0205230193', 20, 2, 'OBAT-240', 'Intunal + Tablet kuning ', '2025-12-31', 'Strip', 'penjualan', '2023-05-02 06:46:07'),
(208, '2023-04-28', 'SA0205230194', 36, 2, 'OBAT-106', 'Tolak angin ', '2024-06-30', 'PCS', 'penjualan', '2023-05-02 06:46:41'),
(209, '2023-05-03', 'SA0405230195', 2, 1, 'KOS-224', 'Dove roll on ', '2023-05-01', 'PCS', 'EXP', '2023-05-04 02:05:16'),
(210, '2023-05-03', 'SA0405230196', 3, 3, 'OBAT-95', 'Vick vap 25 ', '2023-05-30', 'Botol', 'EXP', '2023-05-04 02:05:40'),
(211, '2023-05-03', 'SA0405230197', 1, 1, 'OBAT-96', 'Vick vap 50', '2023-04-28', 'Botol', 'EXP', '2023-05-04 02:05:59'),
(212, '2023-05-03', 'SA0405230198', 2, 2, 'OBAT-97', 'Vidoran gummy multi', '2023-04-30', 'PCS', 'EXP', '2023-05-04 02:06:39'),
(213, '2023-05-03', 'SA0405230199', 1, 1, 'KOS-155', 'Azura mate lipcream 02 peach', '2023-02-04', 'PCS', 'EXP', '2023-05-04 02:07:05'),
(214, '2023-05-02', 'SA0405230200', 2, 1, 'OBAT-136', 'Cataflam 25mg', '2024-12-31', 'Strip', 'EXP', '2023-05-04 02:08:47'),
(215, '2023-05-02', 'SA0405230201', 10, 1, 'OBAT-200', 'Dexaharsen 0,5mg', '2026-04-30', 'Strip', 'EXP', '2023-05-04 02:09:25'),
(216, '2023-05-05', 'SA0805230202', 29, 3, 'OBAT-369', 'Glimepiride 1mg ', '2025-06-30', 'Strip', 'pembelian', '2023-05-08 01:31:25'),
(217, '2023-05-05', 'SA0805230203', 19, 3, 'OBAT-170', 'Metformin 500mg ', '2024-11-01', 'Strip', 'pembelian', '2023-05-08 01:32:04'),
(218, '2023-05-05', 'SA0805230204', 30, 2, 'ALKES-41', 'Test pack one med ', '2025-08-01', 'PCS', 'pembelian', '2023-05-08 01:37:46'),
(219, '2023-05-06', 'SA0805230205', 25, 1, 'OBAT-473', 'Mixagrip flu', '2024-12-31', 'Strip', 'pembelian', '2023-05-08 01:38:43'),
(220, '2023-05-06', 'SA0805230206', 8, 1, 'OBAT-441', 'Methylpredinsolone 4mg dexa', '2024-09-30', 'Strip', 'pembelian', '2023-05-08 01:50:23');

-- --------------------------------------------------------

--
-- Table structure for table `stok_keluar`
--

CREATE TABLE `stok_keluar` (
  `id` int(11) NOT NULL,
  `tanggal` date NOT NULL,
  `nomor_ref` varchar(100) NOT NULL,
  `nomor_retur_pembelian` varchar(100) DEFAULT NULL,
  `kuantiti` int(5) NOT NULL,
  `kode_item` varchar(100) NOT NULL,
  `nama_item` varchar(200) NOT NULL,
  `tgl_expired` date NOT NULL,
  `satuan_kecil` varchar(100) NOT NULL,
  `keterangan` varchar(500) NOT NULL,
  `waktu_update` timestamp NOT NULL DEFAULT current_timestamp() ON UPDATE current_timestamp()
) ENGINE=InnoDB DEFAULT CHARSET=latin1 COLLATE=latin1_swedish_ci;

-- --------------------------------------------------------

--
-- Table structure for table `stok_opname`
--

CREATE TABLE `stok_opname` (
  `id` int(11) NOT NULL,
  `tanggal` date NOT NULL,
  `nomor_ref` varchar(100) NOT NULL,
  `stok_sebelum` int(11) NOT NULL,
  `kuantiti_berubah` int(5) NOT NULL,
  `kode_item` varchar(100) NOT NULL,
  `nama_item` varchar(200) NOT NULL,
  `tgl_expired` date NOT NULL,
  `satuan_kecil` varchar(100) NOT NULL,
  `keterangan` varchar(500) NOT NULL,
  `waktu_update` timestamp NOT NULL DEFAULT current_timestamp() ON UPDATE current_timestamp(),
  `verifikasi` enum('0','1') NOT NULL DEFAULT '0'
) ENGINE=InnoDB DEFAULT CHARSET=latin1 COLLATE=latin1_swedish_ci;

--
-- Dumping data for table `stok_opname`
--

INSERT INTO `stok_opname` (`id`, `tanggal`, `nomor_ref`, `stok_sebelum`, `kuantiti_berubah`, `kode_item`, `nama_item`, `tgl_expired`, `satuan_kecil`, `keterangan`, `waktu_update`, `verifikasi`) VALUES
(4, '2022-12-31', 'SO2401230004', 1, 3, 'OBAT-81', 'Sanmol drop ', '2024-09-30', 'Botol', 'Batch : CJI865', '2023-01-24 07:12:40', '1'),
(5, '2022-12-31', 'SO2401230003', 1, 3, 'OBAT-82', 'Sanmol sirup', '2024-07-31', 'Botol', 'Batch : CG9796', '2023-01-24 07:12:40', '1'),
(6, '2023-01-01', 'SO2501230003', 2, 12, 'OBAT-02', 'Antangin cair dewasa', '2024-09-30', 'PCS', 'Batch : AA076122', '2023-01-25 01:32:48', '1'),
(7, '2023-01-01', 'SO2501230004', 14, 84, 'OBAT-106', 'Tolak angin ', '2024-06-30', 'PCS', '-', '2023-01-25 01:32:48', '1'),
(8, '2023-01-01', 'SO2501230005', 1, 1, 'OBAT-114', 'CDR Jeruk ', '2024-02-29', 'Botol', 'Batch : CM97352', '2023-01-25 01:43:01', '1'),
(9, '2023-01-01', 'SO2501230006', 1, 12, 'OBAT-75', 'Promagh ', '2024-07-31', 'Tablet', 'Batch : KTPRGR24102', '2023-01-25 01:43:01', '1'),
(10, '2023-01-01', 'SO2501230007', 2, 1, 'KOS-227', 'Marcks (powder)', '2027-06-30', 'PCS', 'Batch : F207015', '2023-01-25 02:15:00', '1'),
(11, '2023-01-01', 'SO2501230008', 4, 20, 'OBAT-138', 'Dexteem plus tab ', '2026-05-31', 'Tablet', 'Batch : T0622219', '2023-01-25 03:32:51', '1'),
(12, '2023-01-01', 'SO2501230009', 4, 20, 'OBAT-122', 'Amplodipine 5mg', '2026-06-30', 'Tablet', 'Batch : 5314174', '2023-01-25 03:32:51', '1'),
(13, '2023-01-01', 'SO2501230010', 2, 20, 'OBAT-179', 'Voltadex 50mg', '2024-08-31', 'Tablet', 'Batch : 5314174', '2023-01-25 03:32:51', '1'),
(14, '2023-01-01', 'SO2501230011', 1, 2, 'OBAT-193', 'Genoint tetes mata', '2024-05-31', 'Botol', 'Batch : DO857007', '2023-01-25 07:09:17', '1'),
(15, '2023-01-01', 'SO2501230012', 1, 2, 'OBAT-192', 'Erlamycetin plus tetes mata ', '2024-02-29', 'Botol', 'Batch : D1157059', '2023-01-25 07:09:17', '1'),
(16, '2023-01-05', 'SO2601230013', 2, 3, 'OBAT-213', 'Frescare 10ml citrus ', '2024-10-31', 'Botol', 'Batch : JM01496', '2023-01-26 03:58:53', '1'),
(17, '2023-01-05', 'SO2601230014', 1, 10, 'KOS-19', 'Cb huki cotton bad', '2027-08-31', 'PCS', 'Batch : F98022082212', '2023-01-26 03:58:53', '1'),
(18, '2023-01-05', 'SO2601230015', 1, 1, 'OBAT-42', 'Kanna cream ', '2025-09-30', 'Tube', 'Batch : S221162', '2023-01-26 03:58:53', '1'),
(19, '2023-01-05', 'SO2601230016', 1, 1, 'OBAT-64', 'MKP Lang 210ml ', '2027-10-31', 'Botol', 'Batch : LI00611', '2023-01-26 03:58:53', '1'),
(20, '2023-01-05', 'SO2601230017', 1, 3, 'OBAT-162', 'MKP Lang 30ml ', '2027-11-30', 'Botol', 'Batch : LN00418', '2023-01-26 03:58:53', '1'),
(21, '2023-01-10', 'SO2701230018', 1, 1, 'OBAT-19', 'Curcuma sharpy orange 60ml', '2024-09-30', 'Botol', 'Batch : 22CO147', '2023-01-27 02:33:07', '1'),
(22, '2023-01-10', 'SO2701230019', 3, 2, 'OBAT-68', 'OBH Combi plus 60ml mentol dewasa', '2024-08-31', 'Botol', 'Batch : 21H175', '2023-01-27 02:33:07', '1'),
(23, '2023-01-10', 'SO2701230020', 2, 1, 'OBAT-90', 'Vick 44 anak 27ml', '2024-10-31', 'Botol', 'Batch : 22876298G1', '2023-01-27 02:33:07', '1'),
(24, '2023-01-10', 'SO2701230021', 2, 1, 'OBAT-92', 'Vick 44 Dewasa  27ml', '2024-07-31', 'Botol', 'Batch : 22106298B1', '2023-01-27 02:33:07', '1'),
(25, '2023-01-10', 'SO2701230022', 1, 3, 'OBAT-282', 'Vick vap 10gr ', '2024-08-31', 'PCS', 'Batch : 23086298X1', '2023-01-27 02:33:07', '1'),
(26, '2023-01-20', 'SO0202230023', 1, 2, 'OBAT-26', 'Ever E 12 New', '2024-02-29', 'Strip', 'Batch : JAN22A02', '2023-02-02 07:26:28', '1'),
(27, '2023-01-13', 'SO0202230024', 1, 1, 'OBAT-65', 'My baby eucalyp 60ml', '2024-06-30', 'Botol', 'Batch : G652622', '2023-02-02 07:37:54', '1'),
(28, '2023-01-13', 'SO0202230025', 2, 2, 'OBAT-66', 'Neurobion pink', '2024-09-30', 'Strip', 'Batch : E0460058', '2023-02-02 07:37:54', '1'),
(29, '2023-01-13', 'SO0202230026', 2, 1, 'OBAT-64', 'MKP Lang 210ml ', '2027-10-31', 'Botol', 'Batch : LI00611', '2023-02-02 07:37:54', '1'),
(30, '2023-01-13', 'SO0202230027', 4, 2, 'OBAT-162', 'MKP Lang 30ml ', '2027-11-30', 'Botol', 'Batch : LNO1717', '2023-02-02 07:37:54', '1'),
(31, '2023-01-13', 'SO0202230028', 2, 3, 'OBAT-161', 'MKP Lang 15ml ', '2027-12-31', 'Botol', 'Batch : LG00213', '2023-02-02 07:37:54', '1'),
(32, '2023-01-13', 'SO0202230029', 12, 12, 'OBAT-210', 'Tolak angin anak ', '2024-08-31', 'PCS', '-', '2023-02-02 07:37:54', '1'),
(33, '2023-01-13', 'SO0202230030', 2, 2, 'OBAT-103', 'Wood exp 60ml (biru)', '2024-07-31', 'Botol', 'Batch : KLUWPET24245', '2023-02-02 07:37:54', '1'),
(34, '2023-01-13', 'SO0202230031', 2, 2, 'ALKES-56', 'Oxycan green ', '2024-10-31', 'Botol', 'Batch : 201005', '2023-02-02 07:37:54', '1'),
(35, '2023-01-01', 'SO0702230032', 2, 1, 'OBAT-216', 'Safecare 10ml original ', '2026-01-31', 'Botol', 'Batch : 10220714', '2023-02-07 01:38:00', '1'),
(37, '2023-02-06', 'SO0802230033', 4, 2, 'OBAT-162', 'MKP Lang 30ml ', '2027-11-30', 'Botol', 'Batch : LN01717', '2023-02-08 06:45:51', '1'),
(38, '2023-02-06', 'SO0802230034', 4, 2, 'OBAT-161', 'MKP Lang 15ml ', '2027-12-31', 'Botol', 'Batch : LG00213', '2023-02-08 06:45:51', '1'),
(39, '2023-02-06', 'SO0802230035', 1, 1, 'OBAT-107', 'Lactacyd baby 60ml biru', '2024-03-31', 'Botol', 'Batch : CVH1469', '2023-02-08 06:45:51', '1'),
(40, '2023-02-06', 'SO0802230036', 2, 2, 'OBAT-214', 'Frescare 10ml Strong ', '2025-07-31', 'Botol', 'Batch : 22G07110', '2023-02-08 06:45:51', '1'),
(41, '2023-02-06', 'SO0802230037', 0, 1, 'OBAT-185', 'Hot cream tube 60ml', '2025-09-30', 'Tube', 'Batch : 22K08820', '2023-02-08 06:45:51', '1'),
(42, '2023-02-06', 'SO0802230038', 1, 1, 'OBAT-225', 'Imboost syr 60ml ori ', '2024-09-30', 'Botol', 'Batch : 22J0160', '2023-02-08 06:45:51', '1'),
(44, '2023-02-06', 'SO0802230040', 29, 100, 'ALKES-51', 'Sarung tangan UK S', '2026-10-31', 'PCS', 'Batch : 21102269', '2023-02-08 06:53:40', '1'),
(45, '2023-02-06', 'SO0802230041', 39, 100, 'ALKES-49', 'Sarung tangan UK M ', '2026-10-31', 'PCS', 'Batch : 21102270', '2023-02-08 06:53:40', '1'),
(46, '2023-02-06', 'SO0802230042', 37, 50, 'ALKES-50', 'Sarung tangan UK L', '2026-12-31', 'PCS', 'Batch : 21122276', '2023-02-08 06:53:40', '1'),
(47, '2022-12-31', 'SO1002230043', 0, 11, 'OBAT-180', 'Ketokonazole cr ', '2025-01-31', 'Tube', 'stok tertinggal', '2023-02-10 01:58:16', '1'),
(48, '2023-02-10', 'SO1002230044', 1, 20, 'KOS-226', 'Kassa kotak bunda ', '2025-01-31', 'Botol', 'Batch : 22.01', '2023-02-10 03:59:39', '1'),
(49, '2023-02-13', 'SO1402230045', 1, 2, 'OBAT-103', 'Wood exp 60ml (biru)', '2024-07-31', 'Botol', 'Batch : LWPET24249', '2023-02-14 04:10:09', '1'),
(50, '2023-02-13', 'SO1402230046', 5, 10, 'OBAT-243', 'Afolat', '2024-04-30', 'Strip', 'Batch : d22014', '2023-02-14 04:10:09', '1'),
(51, '2023-02-13', 'SO1402230047', 0, 10, 'OBAT-242', 'Acyclovir cr 5%', '2024-09-30', 'Tube', 'Batch : I21946J', '2023-02-14 04:10:09', '1'),
(52, '2023-02-13', 'SO1402230048', 3, 6, 'OBAT-121', 'Amplodipine 10mg ', '2024-03-31', 'Strip', 'Batch : 56466015', '2023-02-14 04:10:09', '1'),
(53, '2023-02-13', 'SO1402230049', 1, 2, 'OBAT-13', 'Caladin Lotion', '2024-09-30', 'PCS', 'Batch : 122002', '2023-02-14 04:10:09', '1'),
(54, '2023-02-21', 'SO2202230050', 0, 10, 'OBAT-152', 'Betametasone ', '2024-11-30', 'Tube', 'Batch : 8128', '2023-02-22 06:58:33', '1'),
(55, '2023-02-21', 'SO2202230051', 5, 10, 'OBAT-126', 'Cetirizine 10mg ', '2024-11-30', 'Strip', 'Batch : TCTRC20023', '2023-02-22 06:58:33', '1'),
(56, '2023-02-21', 'SO2202230052', 1, 6, 'OBAT-10', 'Bodrex', '2027-12-31', 'Strip', 'Batch : 010453', '2023-02-22 06:58:33', '1'),
(57, '2023-02-21', 'SO2202230053', 0, 3, 'OBAT-41', 'Insto ', '2026-11-30', 'Botol', 'Batch : 2249090', '2023-02-22 06:58:33', '1'),
(58, '2023-02-21', 'SO2202230054', 0, 3, 'OBAT-411', 'Bedak salicyl ', '2026-11-30', 'Botol', 'Batch : 1253722', '2023-02-22 06:58:33', '1'),
(59, '2023-02-24', 'SO2702230054', 1, 1, 'OBAT-418', 'Anakonidin OBH 30ml ', '2024-11-30', 'Botol', 'Batch : K22A03', '2023-02-27 04:39:45', '1'),
(60, '2023-01-31', 'SO0103230055', 0, 10, 'OBAT-120', 'Allupurinol 300mg ', '2024-08-31', 'Tablet', 'Batch : htalod2410', '2023-03-01 08:28:55', '1'),
(61, '2023-02-01', 'SO0603230056', 1, 2, 'OBAT-63', 'MKP Lang 120ml ', '2027-09-30', 'Botol', 'Batch : LOOO808', '2023-03-06 03:15:53', '1'),
(62, '2023-03-01', 'SO0603230057', 2, 3, 'OBAT-161', 'MKP Lang 15ml ', '2027-12-31', 'Botol', 'Batch : LG01412', '2023-03-06 03:15:53', '1'),
(63, '2023-03-01', 'SO0603230058', 0, 1, 'OBAT-107', 'Lactacyd baby 60ml biru', '2024-06-30', 'Botol', 'Batch : CVH1478', '2023-03-06 03:15:53', '1'),
(64, '2023-03-01', 'SO0603230059', 3, 10, 'OBAT-302', 'Salonpas superkoyo', '2025-09-30', 'PCS', 'Batch : A4605', '2023-03-06 03:15:53', '1'),
(65, '2023-03-01', 'SO0603230060', 1, 1, 'OBAT-114', 'CDR Jeruk ', '2024-03-31', 'Botol', 'Batch : CM01241', '2023-03-06 03:15:53', '1'),
(66, '2023-03-01', 'SO0603230061', 0, 2, 'OBAT-295', 'Bisolvon extra ', '2025-06-30', 'Botol', 'Batch : 22060520', '2023-03-06 03:15:53', '1'),
(67, '2023-03-01', 'SO0603230062', 0, 1, 'OBAT-206', 'Bisolvon kids ', '2024-08-31', 'Botol', 'Batch : 22080668', '2023-03-06 03:15:53', '1'),
(68, '2023-03-01', 'SO0603230063', 1, 5, 'OBAT-238', 'Yusimox syr ', '2025-12-31', 'Botol', 'Batch : 20832', '2023-03-06 03:15:53', '1'),
(69, '2023-03-01', 'SO0603230064', 2, 10, 'OBAT-369', 'Glimepiride 1mg ', '2025-06-30', 'Strip', 'Batch : 53G4149', '2023-03-06 03:15:53', '1'),
(70, '2023-03-01', 'SO0603230065', 0, 1, 'KOS-16', 'Tesa Tissu', '2024-07-31', 'PCS', '-', '2023-03-06 06:27:12', '1'),
(71, '2023-03-15', 'SO1503230066', 0, 2, 'OBAT-384', 'My baby lavender 90ml ungu', '2024-06-30', 'Botol', 'Batch : 0657122', '2023-03-15 04:17:49', '1'),
(72, '2023-03-15', 'SO1503230067', 0, 3, 'OBAT-379', 'My baby eucalyp 90ml ', '2024-11-30', 'Botol', 'Batch : 1157922', '2023-03-15 04:17:49', '1'),
(73, '2023-03-15', 'SO1503230068', 1, 1, 'OBAT-378', 'My baby eucalyp 150ml ', '2025-01-31', 'Botol', 'Batch : 0153423', '2023-03-15 04:17:49', '1'),
(74, '2023-03-15', 'SO1503230069', 0, 1, 'OBAT-391', 'Omepros mini cap ', '2025-09-30', 'PCS', 'Batch : D21259D', '2023-03-15 04:17:49', '1'),
(75, '2023-03-15', 'SO1503230070', 1, 1, 'OBAT-257', 'Y Rins 2x12ml', '2025-11-30', 'PCS', 'Batch : 2AK129', '2023-03-15 04:17:49', '1'),
(76, '2023-03-15', 'SO1503230071', 0, 3, 'ALKES-75', 'Hypafix 5x1', '2027-06-30', 'Box', 'Batch : 22570230', '2023-03-15 04:17:49', '1'),
(77, '2023-03-15', 'SO1503230072', 1, 1, 'ALKES-55', 'Handsaplast transparan ', '2025-02-28', 'PCS', 'Batch : 23712087', '2023-03-15 04:17:49', '1'),
(78, '2023-03-16', 'SO1603230073', 1, 1, 'OBAT-416', 'Anakonidin syr 30ml ', '2025-08-31', 'Botol', 'Batch : AUG22A01', '2023-03-16 02:38:44', '1'),
(79, '2023-03-16', 'SO1603230074', 1, 2, 'OBAT-39', 'Hufagrip flu (kuning)', '2025-09-30', 'Botol', 'Batch : A902652', '2023-03-16 02:38:44', '1'),
(80, '2023-03-16', 'SO1603230075', 2, 1, 'OBAT-40', 'Hufagrip pilek (biru)', '2025-07-31', 'Botol', 'Batch : C600422', '2023-03-16 02:38:44', '1'),
(81, '2023-03-16', 'SO1603230076', 3, 25, 'OBAT-240', 'Intunal + Tablet kuning ', '2025-12-31', 'Strip', 'Batch : A2M754', '2023-03-16 02:38:44', '1'),
(82, '2023-03-16', 'SO1603230077', 0, 3, 'OBAT-41', 'Insto ', '2026-08-31', 'Botol', '-', '2023-03-16 02:38:44', '1'),
(83, '2023-03-16', 'SO1603230078', 1, 2, 'OBAT-78', 'Rohto Cool', '2025-08-31', 'Botol', 'Batch : MHRF064', '2023-03-16 02:38:44', '1'),
(84, '2023-03-16', 'SO1603230079', 0, 3, 'OBAT-296', 'MKP Lang 60ml ', '2028-01-31', 'Botol', 'Batch : LM01509', '2023-03-16 02:38:44', '1'),
(85, '2023-03-16', 'SO1603230080', 6, 10, 'OBAT-196', 'Mefenamid acid ', '2024-08-31', 'Strip', 'Batch : TMECB20103', '2023-03-16 02:38:44', '1'),
(86, '2023-03-16', 'SO1603230081', 9, 10, 'OBAT-122', 'Amplodipine 5mg', '2024-12-31', 'Strip', 'Batch : HTALNE26660', '2023-03-16 02:38:44', '1'),
(87, '2023-03-20', 'SO2703230082', 1, 3, 'OBAT-16', 'Combatrin 250', '2026-04-30', 'Strip', 'Batch : fy2508', '2023-03-27 03:12:16', '1'),
(88, '2023-04-04', 'SO0304230083', 15, 2, 'KOS-226', 'Kassa kotak bunda ', '2027-08-31', 'Botol', '-', '2023-04-03 05:49:09', '1'),
(89, '2023-04-04', 'SO0304230084', -1, 1, 'OBAT-09', 'Betadine salep 5gr', '2027-08-31', 'Tube', '-', '2023-04-03 05:49:09', '1'),
(90, '2023-04-04', 'SO0304230085', 5, 2, 'OBAT-155', 'FG Troches ', '2027-08-31', 'Strip', '-', '2023-04-03 05:49:09', '1'),
(91, '2023-04-04', 'SO0304230086', 0, 2, 'OBAT-299', 'Frescare splash fruity 10ml', '2025-12-31', 'PCS', 'Batch : 22PO1275', '2023-04-03 06:56:18', '1'),
(92, '2023-04-04', 'SO0404230087', 0, 1, 'OBAT-436', 'Apolar-N cream', '2024-07-31', 'Tube', 'Batch : B20081004', '2023-04-04 03:02:58', '1'),
(93, '2023-04-04', 'SO0404230088', 0, 2, 'OBAT-449', 'Vitabulmin syr 60ml ', '2025-03-31', 'Botol', 'Batch : 23023611', '2023-04-04 03:02:58', '1'),
(94, '2023-04-04', 'SO0404230089', 0, 2, 'OBAT-442', 'Dettol liq 95ml', '2025-06-30', 'Botol', 'Batch : 22F0003M1', '2023-04-04 03:02:58', '1'),
(96, '2023-04-04', 'SO0404230090', 9, 20, 'OBAT-369', 'Glimepiride 1mg ', '2025-06-30', 'Strip', 'Batch : 53G4149', '2023-04-04 03:02:58', '1'),
(97, '2023-04-04', 'SO0404230091', 5, 20, 'OBAT-197', 'Glimepiride 2mg ', '2026-08-31', 'Strip', 'Batch : 53J4104', '2023-04-04 03:02:58', '1'),
(98, '2023-04-04', 'SO0404230092', 0, 6, 'OBAT-161', 'MKP Lang 15ml ', '2027-12-31', 'Botol', 'Batch : LG01412', '2023-04-04 03:02:58', '1'),
(99, '2023-04-04', 'SO0404230093', 0, 2, 'OBAT-297', 'Freshcare sandalwood 10ml', '2025-12-31', 'PCS', 'Batch : 22PO1275', '2023-04-04 03:02:58', '1'),
(100, '2023-04-04', 'SO0404230094', 0, 1, 'OBAT-206', 'Bisolvon kids ', '2025-01-31', 'Botol', 'Batch : 23010015', '2023-04-04 03:02:58', '1'),
(101, '2023-04-04', 'SO0404230095', 0, 1, 'OBAT-292', 'Herocyn baby bedak 100gr', '2027-10-31', 'Botol', 'Batch : 22J0159', '2023-04-04 03:47:55', '1'),
(102, '2023-04-07', 'SO1004230096', 3, 20, 'OBAT-170', 'Metformin 500mg ', '2024-11-01', 'Strip', 'Batch : MFNB26878', '2023-04-10 01:56:16', '1'),
(104, '2023-04-07', 'SO1004230097', 3, 10, 'OBAT-261', 'Simvasastin 20mg ', '2027-12-01', 'Strip', 'Batch : TSN24051', '2023-04-10 01:56:16', '1'),
(105, '2023-04-07', 'SO1004230098', 2, 20, 'OBAT-397', 'Paracetamol tab 50mg ', '2025-12-01', 'Strip', 'Batch : A22578', '2023-04-10 01:56:16', '1'),
(106, '2023-04-07', 'SO1004230099', 0, 1, 'OBAT-186', 'Hot cream aromatherapy tube 60ml', '2025-09-06', 'Tube', 'Batch : 22KO8386', '2023-04-10 01:56:16', '1'),
(107, '2023-04-12', 'SO1204230100', 0, 2, 'OBAT-305', 'Kalpanak cream ', '2024-06-30', 'Tube', 'Batch : KCKPXF23621', '2023-04-12 01:56:14', '1'),
(108, '2023-04-12', 'SO1204230101', 1, 3, 'OBAT-398', 'Kalpanak cream 5gr', '2024-11-30', 'Tube', 'Batch : KCKPXB26672', '2023-04-12 01:56:14', '1'),
(109, '2023-04-12', 'SO1204230102', 2, 18, 'OBAT-75', 'Promagh ', '2025-02-28', 'Strip', 'Batch : 191.15RG31807', '2023-04-12 01:56:14', '1'),
(110, '2023-04-17', 'SO1804230103', 2, 20, 'OBAT-135', 'Amoxilin 500mg ', '2025-01-31', 'Strip', 'Batch : TAMXB33913', '2023-04-18 01:21:27', '1'),
(111, '2023-04-17', 'SO1804230104', 2, 10, 'OBAT-235', 'Bromex ', '2026-12-31', 'Strip', 'Batch : U4012205', '2023-04-18 01:21:27', '1'),
(112, '2023-04-17', 'SO1804230105', 0, 2, 'OBAT-364', 'Lansoprazole ', '2024-11-30', 'Strip', 'Batch : 2178097', '2023-04-18 01:21:27', '1'),
(113, '2023-05-15', 'SO1605230106', 0, 3, 'OBAT-64', 'MKP Lang 210ml ', '2028-02-29', 'Botol', 'Batch : IA02411', '2023-05-16 08:00:08', '1'),
(114, '2023-05-15', 'SO1605230107', 2, 2, 'OBAT-162', 'MKP Lang 30ml ', '2028-01-31', 'Botol', 'Batch : IMO1609', '2023-05-16 08:00:08', '1'),
(115, '2023-05-15', 'SO1605230108', 2, 1, 'OBAT-296', 'MKP Lang 60ml ', '2027-10-31', 'Botol', 'Batch : LI01316', '2023-05-16 08:00:08', '1'),
(116, '2023-05-15', 'SO1605230109', 0, 3, 'OBAT-379', 'My baby eucalyp 90ml ', '2025-01-31', 'Botol', 'Batch : 0156923', '2023-05-16 08:00:08', '1'),
(117, '2023-05-15', 'SO1605230110', 0, 2, 'OBAT-214', 'Frescare 10ml Strong ', '2026-01-31', 'Botol', 'Batch : 23A0059', '2023-05-16 08:00:08', '1'),
(118, '2023-05-15', 'SO1605230111', 1, 1, 'OBAT-299', 'Frescare splash fruity 10ml', '2025-07-31', 'PCS', '-', '2023-05-16 08:00:22', '1'),
(119, '2023-05-15', 'SO1605230112', 0, 1, 'OBAT-256', 'Redoxon EF', '2024-01-31', 'PCS', 'Batch : CM92885', '2023-05-16 08:00:22', '1'),
(120, '2023-05-15', 'SO1605230113', 15, 5, 'OBAT-211', 'Tolak linu 15ml coklat', '2024-02-29', 'PCS', 'Batch : -', '2023-05-16 08:00:22', '1'),
(121, '2023-05-15', 'SO1605230114', 1, 2, 'OBAT-35', 'Herocin ', '2028-03-31', 'PCS', 'Batch : 23CD01', '2023-05-16 08:00:22', '1'),
(122, '2023-05-15', 'SO1605230115', 0, 3, 'OBAT-09', 'Betadine salep 5gr', '2025-06-30', 'Tube', 'Batch : CB22025', '2023-05-16 08:00:22', '1'),
(123, '2023-05-15', 'SO1605230116', 2, 10, 'OBAT-412', 'Fasidol Kaplet ', '2027-03-31', 'Strip', 'Batch : 32823', '2023-05-16 08:00:22', '1'),
(124, '2023-05-15', 'SO1605230117', 0, 20, 'OBAT-121', 'Amplodipine 10mg ', '2025-01-31', 'Strip', '-', '2023-05-16 08:00:22', '1'),
(125, '2023-05-15', 'SO1605230118', 4, 12, 'OBAT-155', 'FG Troches ', '2026-01-31', 'Strip', 'Batch : 23/05', '2023-05-16 08:00:22', '1'),
(126, '2023-05-15', 'SO1605230119', 1, 2, 'OBAT-103', 'Wood exp 60ml (biru)', '2024-12-31', 'Botol', 'Batch : KLWPEI26292', '2023-05-16 08:00:22', '1'),
(127, '2023-05-15', 'SO1605230120', 0, 4, 'OBAT-246', 'Natur E Cap 16', '2024-04-30', 'Strip', 'Batch : 2BD0991', '2023-05-16 08:00:22', '1'),
(128, '2023-05-25', 'SO2505230121', 0, 20, 'OBAT-364', 'Lansoprazole ', '2025-03-31', 'Strip', 'Batch : N2302044', '2023-05-25 07:56:57', '1'),
(129, '2023-05-25', 'SO2505230122', 0, 2, 'ALKES-66', 'Leukoplast 1,25cm x 4,5m', '2027-08-31', 'PCS', 'Batch : 22527109', '2023-05-25 07:56:57', '1'),
(130, '2023-05-25', 'SO2505230123', 0, 3, 'ALKES-55', 'Handsaplast transparan ', '2025-02-28', 'PCS', 'Batch : 23712087', '2023-05-25 07:56:57', '1'),
(131, '2023-05-25', 'SO2505230124', 3, 10, 'OBAT-128', 'Ambroxol 30mg tab ', '2024-03-31', 'Strip', 'Batch : AC2471', '2023-05-25 07:56:57', '1'),
(132, '2023-05-25', 'SO2505230125', 7, 10, 'OBAT-196', 'Mefenamid acid ', '2024-10-31', 'Strip', 'Batch : MECB20157', '2023-05-25 07:56:57', '1'),
(133, '2023-05-25', 'SO2505230126', 6, 20, 'OBAT-200', 'Dexaharsen 0,5mg', '2026-09-30', 'Strip', 'Batch : 3083019', '2023-05-25 07:56:57', '1'),
(134, '2023-05-25', 'SO2505230127', 1, 20, 'OBAT-201', 'Dexaharsen 0,75mg', '2026-09-30', 'Strip', 'Batch : 3085016', '2023-05-25 07:56:56', '1'),
(135, '2023-05-25', 'SO2505230128', 1, 5, 'OBAT-136', 'Cataflam 25mg', '2025-08-31', 'Strip', 'Batch : ID6173', '2023-05-25 07:56:56', '1'),
(136, '2023-05-25', 'SO2505230129', 10, 20, 'OBAT-170', 'Metformin 500mg ', '2025-01-31', 'Strip', 'Batch : MFNB3113301', '2023-05-25 07:56:56', '1');

--
-- Indexes for dumped tables
--

--
-- Indexes for table `cash_in_out`
--
ALTER TABLE `cash_in_out`
  ADD PRIMARY KEY (`id`),
  ADD KEY `kode_rekening` (`kode_rekening`),
  ADD KEY `id_hutang_dibayar` (`id_hutang_dibayar`),
  ADD KEY `id_piutang_dibayar` (`id_piutang_dibayar`),
  ADD KEY `id_penjualan` (`id_penjualan`);

--
-- Indexes for table `hutang_dibayar_history`
--
ALTER TABLE `hutang_dibayar_history`
  ADD PRIMARY KEY (`id`),
  ADD KEY `id_hutang` (`id_hutang`);

--
-- Indexes for table `hutang_history`
--
ALTER TABLE `hutang_history`
  ADD PRIMARY KEY (`id`),
  ADD KEY `nomor_faktur` (`nomor_faktur`),
  ADD KEY `id_supplier` (`id_supplier`);

--
-- Indexes for table `kartu_stok`
--
ALTER TABLE `kartu_stok`
  ADD PRIMARY KEY (`id`),
  ADD KEY `kode_item` (`kode_item`),
  ADD KEY `nomor_rec` (`nomor_rec_penerimaan`),
  ADD KEY `id_stok_keluar` (`id_stok_keluar`),
  ADD KEY `id_stok_adjustment` (`id_stok_adjustment`),
  ADD KEY `id_stok_opname` (`id_stok_opname`),
  ADD KEY `id_penjualan` (`id_penjualan`);

--
-- Indexes for table `kategori_user`
--
ALTER TABLE `kategori_user`
  ADD PRIMARY KEY (`id`),
  ADD UNIQUE KEY `kategori_user` (`kategori_user`),
  ADD KEY `beranda` (`beranda`);

--
-- Indexes for table `kategori_user_modul`
--
ALTER TABLE `kategori_user_modul`
  ADD PRIMARY KEY (`id`),
  ADD KEY `kategori_user` (`kategori_user`),
  ADD KEY `modul` (`modul`);

--
-- Indexes for table `keranjang`
--
ALTER TABLE `keranjang`
  ADD PRIMARY KEY (`id`),
  ADD KEY `id_admin` (`id_admin`),
  ADD KEY `id_pembeli` (`id_pembeli`);

--
-- Indexes for table `keranjang_detail`
--
ALTER TABLE `keranjang_detail`
  ADD PRIMARY KEY (`id`),
  ADD KEY `id_keranjang` (`id_keranjang`),
  ADD KEY `kode_item` (`kode_item`);

--
-- Indexes for table `master_admin`
--
ALTER TABLE `master_admin`
  ADD PRIMARY KEY (`id`),
  ADD UNIQUE KEY `username` (`username`),
  ADD KEY `kategori` (`kategori`);

--
-- Indexes for table `master_bank`
--
ALTER TABLE `master_bank`
  ADD PRIMARY KEY (`singkatan`);

--
-- Indexes for table `master_diskon_kelipatan`
--
ALTER TABLE `master_diskon_kelipatan`
  ADD PRIMARY KEY (`id`),
  ADD UNIQUE KEY `kode_item` (`kode_item`);

--
-- Indexes for table `master_dokter`
--
ALTER TABLE `master_dokter`
  ADD PRIMARY KEY (`kode_dokter`);

--
-- Indexes for table `master_item`
--
ALTER TABLE `master_item`
  ADD PRIMARY KEY (`kode_item`);

--
-- Indexes for table `master_kategori`
--
ALTER TABLE `master_kategori`
  ADD PRIMARY KEY (`id`);

--
-- Indexes for table `master_merk`
--
ALTER TABLE `master_merk`
  ADD PRIMARY KEY (`id`);

--
-- Indexes for table `master_pembeli`
--
ALTER TABLE `master_pembeli`
  ADD PRIMARY KEY (`id`),
  ADD KEY `kode_dokter` (`kode_dokter`);

--
-- Indexes for table `master_racikan`
--
ALTER TABLE `master_racikan`
  ADD PRIMARY KEY (`id`),
  ADD KEY `master_racikan_ibfk_1` (`kode_racikan`),
  ADD KEY `kode_obat` (`kode_obat`);

--
-- Indexes for table `master_satuan`
--
ALTER TABLE `master_satuan`
  ADD PRIMARY KEY (`id`);

--
-- Indexes for table `master_supplier`
--
ALTER TABLE `master_supplier`
  ADD PRIMARY KEY (`id`);

--
-- Indexes for table `modul`
--
ALTER TABLE `modul`
  ADD PRIMARY KEY (`id`);

--
-- Indexes for table `pembelian_langsung`
--
ALTER TABLE `pembelian_langsung`
  ADD PRIMARY KEY (`nomor_faktur`),
  ADD KEY `supplier` (`supplier`),
  ADD KEY `nomor_po` (`nomor_po`);

--
-- Indexes for table `pembelian_langsung_detail`
--
ALTER TABLE `pembelian_langsung_detail`
  ADD PRIMARY KEY (`idd`),
  ADD KEY `kode_item` (`kode_item`),
  ADD KEY `nomor_po` (`nomor_faktur`);

--
-- Indexes for table `penerimaan_barang`
--
ALTER TABLE `penerimaan_barang`
  ADD PRIMARY KEY (`nomor_rec`),
  ADD KEY `nomor_faktur` (`nomor_faktur`);

--
-- Indexes for table `penerimaan_barang_detail`
--
ALTER TABLE `penerimaan_barang_detail`
  ADD PRIMARY KEY (`idd`),
  ADD KEY `nomor_rec` (`nomor_rec`);

--
-- Indexes for table `penjualan`
--
ALTER TABLE `penjualan`
  ADD PRIMARY KEY (`id`),
  ADD KEY `id_pembeli` (`id_pembeli`),
  ADD KEY `id_admin` (`id_admin`),
  ADD KEY `admin_retur` (`admin_retur`);

--
-- Indexes for table `penjualan_detail`
--
ALTER TABLE `penjualan_detail`
  ADD PRIMARY KEY (`id`),
  ADD KEY `kode_item` (`kode_item`),
  ADD KEY `id_penjualan` (`id_penjualan`);

--
-- Indexes for table `penjualan_pembayaran`
--
ALTER TABLE `penjualan_pembayaran`
  ADD PRIMARY KEY (`id`),
  ADD KEY `id_penjualan` (`id_penjualan`);

--
-- Indexes for table `piutang_dibayar_history`
--
ALTER TABLE `piutang_dibayar_history`
  ADD PRIMARY KEY (`id`),
  ADD KEY `id_piutang` (`id_piutang`);

--
-- Indexes for table `piutang_history`
--
ALTER TABLE `piutang_history`
  ADD PRIMARY KEY (`id`),
  ADD KEY `id_pembeli` (`id_pembeli`),
  ADD KEY `id_penjualan` (`id_penjualan`);

--
-- Indexes for table `profil_apotek`
--
ALTER TABLE `profil_apotek`
  ADD PRIMARY KEY (`id`);

--
-- Indexes for table `purchase_order`
--
ALTER TABLE `purchase_order`
  ADD PRIMARY KEY (`nomor_po`),
  ADD KEY `supplier` (`supplier`);

--
-- Indexes for table `purchase_order_detail`
--
ALTER TABLE `purchase_order_detail`
  ADD PRIMARY KEY (`idd`),
  ADD KEY `kode_item` (`kode_item`),
  ADD KEY `nomor_po` (`nomor_po`);

--
-- Indexes for table `rekening_kode`
--
ALTER TABLE `rekening_kode`
  ADD PRIMARY KEY (`kode_rekening`);

--
-- Indexes for table `retur_detail`
--
ALTER TABLE `retur_detail`
  ADD PRIMARY KEY (`idd`),
  ADD KEY `nomor_rec` (`nomor_retur`);

--
-- Indexes for table `retur_pembelian`
--
ALTER TABLE `retur_pembelian`
  ADD PRIMARY KEY (`nomor_retur`),
  ADD KEY `nomor_faktur` (`nomor_faktur`),
  ADD KEY `nomor_rec_penerimaan` (`nomor_rec_penerimaan`);

--
-- Indexes for table `stok_adjustment`
--
ALTER TABLE `stok_adjustment`
  ADD PRIMARY KEY (`id`),
  ADD UNIQUE KEY `nomor_ref` (`nomor_ref`),
  ADD KEY `kode_item` (`kode_item`);

--
-- Indexes for table `stok_keluar`
--
ALTER TABLE `stok_keluar`
  ADD PRIMARY KEY (`id`),
  ADD UNIQUE KEY `nomor_ref` (`nomor_ref`),
  ADD KEY `kode_item` (`kode_item`),
  ADD KEY `stok_keluar_ibfk_2` (`nomor_retur_pembelian`);

--
-- Indexes for table `stok_opname`
--
ALTER TABLE `stok_opname`
  ADD PRIMARY KEY (`id`),
  ADD UNIQUE KEY `nomor_ref` (`nomor_ref`),
  ADD KEY `kode_item` (`kode_item`);

--
-- AUTO_INCREMENT for dumped tables
--

--
-- AUTO_INCREMENT for table `cash_in_out`
--
ALTER TABLE `cash_in_out`
  MODIFY `id` int(11) NOT NULL AUTO_INCREMENT, AUTO_INCREMENT=325;

--
-- AUTO_INCREMENT for table `hutang_dibayar_history`
--
ALTER TABLE `hutang_dibayar_history`
  MODIFY `id` int(11) NOT NULL AUTO_INCREMENT, AUTO_INCREMENT=47;

--
-- AUTO_INCREMENT for table `hutang_history`
--
ALTER TABLE `hutang_history`
  MODIFY `id` int(11) NOT NULL AUTO_INCREMENT, AUTO_INCREMENT=74;

--
-- AUTO_INCREMENT for table `kartu_stok`
--
ALTER TABLE `kartu_stok`
  MODIFY `id` int(11) NOT NULL AUTO_INCREMENT, AUTO_INCREMENT=1772;

--
-- AUTO_INCREMENT for table `kategori_user`
--
ALTER TABLE `kategori_user`
  MODIFY `id` int(11) NOT NULL AUTO_INCREMENT, AUTO_INCREMENT=33;

--
-- AUTO_INCREMENT for table `kategori_user_modul`
--
ALTER TABLE `kategori_user_modul`
  MODIFY `id` int(11) NOT NULL AUTO_INCREMENT, AUTO_INCREMENT=12168;

--
-- AUTO_INCREMENT for table `keranjang`
--
ALTER TABLE `keranjang`
  MODIFY `id` int(11) NOT NULL AUTO_INCREMENT, AUTO_INCREMENT=319;

--
-- AUTO_INCREMENT for table `keranjang_detail`
--
ALTER TABLE `keranjang_detail`
  MODIFY `id` int(11) NOT NULL AUTO_INCREMENT, AUTO_INCREMENT=625;

--
-- AUTO_INCREMENT for table `master_admin`
--
ALTER TABLE `master_admin`
  MODIFY `id` int(11) NOT NULL AUTO_INCREMENT, AUTO_INCREMENT=3;

--
-- AUTO_INCREMENT for table `master_diskon_kelipatan`
--
ALTER TABLE `master_diskon_kelipatan`
  MODIFY `id` int(11) NOT NULL AUTO_INCREMENT, AUTO_INCREMENT=5;

--
-- AUTO_INCREMENT for table `master_pembeli`
--
ALTER TABLE `master_pembeli`
  MODIFY `id` int(11) NOT NULL AUTO_INCREMENT, AUTO_INCREMENT=88;

--
-- AUTO_INCREMENT for table `master_racikan`
--
ALTER TABLE `master_racikan`
  MODIFY `id` int(11) NOT NULL AUTO_INCREMENT, AUTO_INCREMENT=5;

--
-- AUTO_INCREMENT for table `master_supplier`
--
ALTER TABLE `master_supplier`
  MODIFY `id` int(11) NOT NULL AUTO_INCREMENT, AUTO_INCREMENT=20;

--
-- AUTO_INCREMENT for table `modul`
--
ALTER TABLE `modul`
  MODIFY `id` int(11) NOT NULL AUTO_INCREMENT, AUTO_INCREMENT=44;

--
-- AUTO_INCREMENT for table `pembelian_langsung_detail`
--
ALTER TABLE `pembelian_langsung_detail`
  MODIFY `idd` int(11) NOT NULL AUTO_INCREMENT, AUTO_INCREMENT=1421;

--
-- AUTO_INCREMENT for table `penerimaan_barang_detail`
--
ALTER TABLE `penerimaan_barang_detail`
  MODIFY `idd` int(11) NOT NULL AUTO_INCREMENT, AUTO_INCREMENT=876;

--
-- AUTO_INCREMENT for table `penjualan_detail`
--
ALTER TABLE `penjualan_detail`
  MODIFY `id` int(11) NOT NULL AUTO_INCREMENT, AUTO_INCREMENT=552;

--
-- AUTO_INCREMENT for table `penjualan_pembayaran`
--
ALTER TABLE `penjualan_pembayaran`
  MODIFY `id` int(11) NOT NULL AUTO_INCREMENT, AUTO_INCREMENT=271;

--
-- AUTO_INCREMENT for table `piutang_dibayar_history`
--
ALTER TABLE `piutang_dibayar_history`
  MODIFY `id` int(11) NOT NULL AUTO_INCREMENT;

--
-- AUTO_INCREMENT for table `piutang_history`
--
ALTER TABLE `piutang_history`
  MODIFY `id` int(11) NOT NULL AUTO_INCREMENT;

--
-- AUTO_INCREMENT for table `purchase_order_detail`
--
ALTER TABLE `purchase_order_detail`
  MODIFY `idd` int(11) NOT NULL AUTO_INCREMENT, AUTO_INCREMENT=4221;

--
-- AUTO_INCREMENT for table `retur_detail`
--
ALTER TABLE `retur_detail`
  MODIFY `idd` int(11) NOT NULL AUTO_INCREMENT, AUTO_INCREMENT=9;

--
-- AUTO_INCREMENT for table `stok_adjustment`
--
ALTER TABLE `stok_adjustment`
  MODIFY `id` int(11) NOT NULL AUTO_INCREMENT, AUTO_INCREMENT=221;

--
-- AUTO_INCREMENT for table `stok_keluar`
--
ALTER TABLE `stok_keluar`
  MODIFY `id` int(11) NOT NULL AUTO_INCREMENT;

--
-- AUTO_INCREMENT for table `stok_opname`
--
ALTER TABLE `stok_opname`
  MODIFY `id` int(11) NOT NULL AUTO_INCREMENT, AUTO_INCREMENT=137;
COMMIT;

/*!40101 SET CHARACTER_SET_CLIENT=@OLD_CHARACTER_SET_CLIENT */;
/*!40101 SET CHARACTER_SET_RESULTS=@OLD_CHARACTER_SET_RESULTS */;
/*!40101 SET COLLATION_CONNECTION=@OLD_COLLATION_CONNECTION */;
